<?xml version="1.0" encoding="utf-8" standalone="yes"?>
<parserConfig>
	<GameGrammar type="multiline">
		<SkippableContent closeStmnt="true" skipTo="Back Cover" ></SkippableContent>
		<SkippableContent closeStmnt="true">Back Cover</SkippableContent>		
		<SkippableContent closeStmnt="true" skipTo="&lt;a href=&quot;" ></SkippableContent>
		<SkippableContent closeStmnt="true">&lt;a href=&quot;</SkippableContent>
		<url closeStmnt="true" skipTo="&quot;" appendResultTo="http://www.mobygames.com"></url>
		<SkippableContent closeStmnt="true" skipTo="Media" ></SkippableContent>
		<SkippableContent closeStmnt="true">Media</SkippableContent>
	</GameGrammar>
</parserConfig>