<?xml version="1.0" ?>
<channels xmlns="http://xsd.rieter.net/net.rieter.xot/channels">
    <!--<channel>-->
        <!--<guid>CB6B08F0-DD6A-11E0-B158-FFFB4824019B</guid>-->
        <!--<name>BBC One</name>-->
        <!--<description>Episodes from BBC One iPlayer</description>-->
        <!--<icon>bbc1large.png</icon>-->
        <!--<category>National</category>-->
        <!--<channelcode>bbc1</channelcode>-->
        <!--<sortorder>151</sortorder>-->
        <!--<language>en-gb</language>-->
        <!--<compatible>Environments.All</compatible>-->
        <!--<message>Be advised that the BBC iPlayer is only available|to people inside the UK. If you live outside the UK,|a proxy can be configured in the Add-on settings.</message>-->
    <!--</channel>-->

    <!--<channel>-->
        <!--<guid>8FF7DE8A-DD6D-11E0-AF1F-A4FF4824019B</guid>-->
        <!--<name>BBC Two</name>-->
        <!--<description>Episodes from BBC Two iPlayer</description>-->
        <!--<icon>bbc2large.png</icon>-->
        <!--<category>National</category>-->
        <!--<channelcode>bbc2</channelcode>-->
        <!--<sortorder>152</sortorder>-->
        <!--<language>en-gb</language>-->
        <!--<compatible>Environments.All</compatible>-->
    <!--</channel>-->

    <!--<channel>-->
        <!--<guid>C7962E5C-DE33-11E0-A9EE-1D7F4824019B</guid>-->
        <!--<name>BBC Three</name>-->
        <!--<description>Episodes from BBC Three iPlayer</description>-->
        <!--<icon>bbc3large.png</icon>-->
        <!--<category>National</category>-->
        <!--<channelcode>bbc3</channelcode>-->
        <!--<sortorder>153</sortorder>-->
        <!--<language>en-gb</language>-->
        <!--<compatible>Environments.All</compatible>-->
    <!--</channel>-->

    <!--<channel>-->
        <!--<guid>DEB79882-DE33-11E0-94A4-267F4824019B</guid>-->
        <!--<name>BBC Four</name>-->
        <!--<description>Episodes from BBC Four iPlayer</description>-->
        <!--<icon>bbc4large.png</icon>-->
        <!--<category>National</category>-->
        <!--<channelcode>bbc4</channelcode>-->
        <!--<sortorder>154</sortorder>-->
        <!--<language>en-gb</language>-->
        <!--<compatible>Environments.All</compatible>-->
    <!--</channel>-->

    <!--<channel>-->
        <!--<guid>28198F12-DE34-11E0-8523-C77F4824019B</guid>-->
        <!--<name>CBBC</name>-->
        <!--<description>Episodes from CBBC iPlayer</description>-->
        <!--<icon>cbbclarge.png</icon>-->
        <!--<category>National</category>-->
        <!--<channelcode>cbbc</channelcode>-->
        <!--<sortorder>155</sortorder>-->
        <!--<language>en-gb</language>-->
        <!--<compatible>Environments.All</compatible>-->
    <!--</channel>-->

    <!--<channel>-->
        <!--<guid>632E7568-DE34-11E0-A644-02804824019B</guid>-->
        <!--<name>CBeebies</name>-->
        <!--<description>Episodes from CBeebies iPlayer</description>-->
        <!--<icon>cbeebieslarge.png</icon>-->
        <!--<category>National</category>-->
        <!--<channelcode>cbeebies</channelcode>-->
        <!--<sortorder>156</sortorder>-->
        <!--<language>en-gb</language>-->
        <!--<compatible>Environments.All</compatible>-->
    <!--</channel>-->

    <!--<channel>-->
        <!--<guid>67794EAE-DE34-11E0-B79B-11804824019B</guid>-->
        <!--<name>BBC HD</name>-->
        <!--<description>Episodes from BBC HD iPlayer</description>-->
        <!--<icon>bbchdlarge.png</icon>-->
        <!--<category>National</category>-->
        <!--<channelcode>bbchd</channelcode>-->
        <!--<sortorder>157</sortorder>-->
        <!--<language>en-gb</language>-->
        <!--<compatible>Environments.All</compatible>-->
    <!--</channel>-->

    <!--<channel>-->
        <!--<guid>6C99A8FC-DE34-11E0-B40A-18804824019B</guid>-->
        <!--<name>BBC News Channel</name>-->
        <!--<description>Episodes from BBC News Channel iPlayer</description>-->
        <!--<icon>bbcnewslarge.png</icon>-->
        <!--<category>National</category>-->
        <!--<channelcode>bbcnews</channelcode>-->
        <!--<sortorder>157</sortorder>-->
        <!--<language>en-gb</language>-->
        <!--<compatible>Environments.All</compatible>-->
    <!--</channel>-->

    <!--<channel>-->
        <!--<guid>724FD12C-DE34-11E0-9795-3B804824019B</guid>-->
        <!--<name>BBC Parliament</name>-->
        <!--<description>Episodes from BBC Parliament iPlayer</description>-->
        <!--<icon>bbcparliamentlarge.png</icon>-->
        <!--<category>National</category>-->
        <!--<channelcode>bbcparliament</channelcode>-->
        <!--<sortorder>157</sortorder>-->
        <!--<language>en-gb</language>-->
        <!--<compatible>Environments.All</compatible>-->
    <!--</channel>-->

    <!--<channel>-->
        <!--<guid>718219B2-DE34-11E0-94D7-37804824019B</guid>-->
        <!--<name>BBC Alba</name>-->
        <!--<description>Episodes from BBC Alba iPlayer</description>-->
        <!--<icon>bbcalbalarge.png</icon>-->
        <!--<category>National</category>-->
        <!--<channelcode>bbcalba</channelcode>-->
        <!--<sortorder>157</sortorder>-->
        <!--<language>en-gb</language>-->
        <!--<compatible>Environments.All</compatible>-->
    <!--</channel>-->

    <!--<channel>-->
        <!--<guid>739E4322-E796-11E0-8604-1B2F4924019B</guid>-->
        <!--<name>BBC iPlayer Search</name>-->
        <!--<description>Search the BBC iPlayer</description>-->
        <!--<icon>bbciplayerlarge.png</icon>-->
        <!--<category>National</category>-->
        <!--<channelcode>bbciplayersearch</channelcode>-->
        <!--<sortorder>158</sortorder>-->
        <!--<language>en-gb</language>-->
        <!--<compatible>Environments.All</compatible>-->
    <!--</channel>-->

    <channel>
        <guid>F1E2E7DA-5710-4455-8EEF-CEAF16AF1121</guid>
        <name>BBC iPlayer</name>
        <description>BBC iPlayer available shows</description>
        <icon>bbciplayerlarge.png</icon>
        <category>National</category>
        <channelcode>bbciplayer</channelcode>
        <sortorder>158</sortorder>
        <language>en-gb</language>
        <compatible>Environments.All</compatible>
    </channel>
</channels>