<?xml version="1.0" standalone="yes"?>
<dsData xmlns="http://tempuri.org/DataSet1.xsd">
  <Links>
    <Type>Channels</Type>
    <Name>TV3</Name>
	<Cmd>play_live</Cmd>
    <URL>http://play.viaplay.dk/api/stream/v1{?deviceId,deviceName,deviceType,userAgent}&amp;deviceKey=androidnodrmv2-dk&amp;productId=168768</URL>
  </Links>
  <Links>
    <Type>Channels</Type>
    <Name>TV3 Puls</Name>
	<Cmd>play_live</Cmd>
    <URL>http://play.viaplay.dk/api/stream/v1{?deviceId,deviceName,deviceType,userAgent}&amp;deviceKey=androidnodrmv2-dk&amp;productId=187754</URL>
  </Links>
  <Links>
    <Type>Channels</Type>
    <Name>Viasat Film</Name>
	<Cmd>play_live</Cmd>
    <URL>http://play.viaplay.dk/api/stream/v1{?deviceId,deviceName,deviceType,userAgent}&amp;deviceKey=androidnodrmv2-dk&amp;productId=141393</URL>
  </Links>
  <Links>
	<Type>Children_TV</Type>
    <Name>Nyheder</Name>
	<Cmd>viewtv</Cmd>
    <URL>https://content.viaplay.dk/androidnodrmv2-dk/born/serier?sort=new_titles</URL>
  </Links>
  <Links>
	<Type>Children_TV</Type>
    <Name>Populære</Name>
	<Cmd>viewtv</Cmd>
    <URL>https://content.viaplay.dk/androidnodrmv2-dk/born/serier?sort=most_popular</URL>
  </Links>
  <Links>
	<Type>Children_TV</Type>
    <Name>A-Å</Name>
	<Cmd>view_tv_alphabet</Cmd>
    <URL>https://content.viaplay.dk/androidnodrmv2-dk/born/serier?sort=alphabetical</URL>
  </Links>
  <Links>
    <Type>Children_Movies</Type>
    <Name>A-Å</Name>
	<Cmd>view_movie_alphabet</Cmd>
    <URL>https://content.viaplay.dk/androidnodrmv2-dk/born/film?sort=alphabetical</URL>
  </Links>
    <Links>
    <Type>Children_Movies</Type>
    <Name>Nyheder</Name>
	<Cmd>view</Cmd>
    <URL>https://content.viaplay.dk/androidnodrmv2-dk/born/film?sort=new_titles</URL>
  </Links>
    <Links>
    <Type>Children_Movies</Type>
    <Name>Populære</Name>
	<Cmd>view</Cmd>
    <URL>https://content.viaplay.dk/androidnodrmv2-dk/born/film?sort=most_popular</URL>
  </Links>
  <Links>
    <Type>Movies</Type>
    <Name>A-Å</Name>
	<Cmd>view_movie_alphabet</Cmd>
    <URL>https://content.viaplay.dk/androidnodrmv2-dk/film/alle?sort=alphabetical</URL>
  </Links>
  <Links>
    <Type>Movies</Type>
    <Name>Bedst anmeldte</Name>
	<Cmd>view</Cmd>
    <URL>https://content.viaplay.dk/androidnodrmv2-dk/film/alle?sort=highest_ratings</URL>
  </Links>
  <Links>
    <Type>Movies</Type>
    <Name>Genrer</Name>
	<Cmd>categories</Cmd>
	<URL>https://content.viaplay.dk/androidnodrmv2-dk/film</URL>
  </Links>
  <Links>
    <Type>Movies_Category</Type>
    <Name>Genrer</Name>
	<Cmd>view</Cmd>
    <URL>https://content.viaplay.dk/androidnodrmv2-dk/film</URL>
  </Links>
  <Links>
    <Type>Movies</Type>
    <Name>Nyheder</Name>
	<Cmd>view</Cmd>
    <URL>https://content.viaplay.dk/androidnodrmv2-dk/film/alle?sort=new_titles</URL>
  </Links>
  <Links>
    <Type>Movies</Type>
    <Name>Populære</Name>
	<Cmd>view</Cmd>
    <URL>https://content.viaplay.dk/androidnodrmv2-dk/film/alle?sort=most_popular</URL>
  </Links>
  <Links>
    <Type>Movies</Type>
    <Name>Stjernemærket</Name>
	<Cmd>starred_movie</Cmd>
    <URL>https://content.viaplay.dk/androidnodrmv2-dk/starred</URL>
  </Links>
  <Links>
    <Type>Movies</Type>
    <Name>Søg efter titel, skuespiller eller instruktør</Name>
	<Cmd>search_movie</Cmd>
    <URL>https://content.viaplay.dk/androidnodrmv2-dk/search?query=</URL>
  </Links>
  <Links>
    <Type>TV</Type>
    <Name>Populære</Name>
	<Cmd>viewtv</Cmd>
    <URL>https://content.viaplay.dk/androidnodrmv2-dk/serier/alle?sort=most_popular</URL>
  </Links>
  <Links>
    <Type>TV</Type>
    <Name>Nyheder</Name>
	<Cmd>viewtv</Cmd>
    <URL>https://content.viaplay.dk/androidnodrmv2-dk/serier/alle?sort=recently_added</URL>
  </Links>
  <Links>
    <Type>TV</Type>
    <Name>Genrer</Name>
	<Cmd>categoriestv</Cmd>
	<URL>https://content.viaplay.dk/androidnodrmv2-dk/serier</URL>
  </Links>
  <Links>
    <Type>TV</Type>
    <Name>A-Å</Name>
	<Cmd>view_tv_alphabet</Cmd>
    <URL>https://content.viaplay.dk/androidnodrmv2-dk/serier/alle?sort=alphabetical</URL>
  </Links>
  <Links>
    <Type>TV</Type>
    <Name>Søg efter seriel, skuespiller eller instruktør</Name>
	<Cmd>search_tv</Cmd>
    <URL>https://content.viaplay.dk/androidnodrmv2-dk/search?query=</URL>
  </Links>
  <Links>
    <Type>TV</Type>
    <Name>Stjernemærket</Name>
	<Cmd>starred_tv</Cmd>
    <URL>https://content.viaplay.dk/androidnodrmv2-dk/starred</URL>
  </Links>
  <Links>
    <Type>TV_Category</Type>
    <Name>ALL</Name>
	<Cmd>viewtv</Cmd>
    <URL>https://content.viaplay.dk/androidnodrmv2-dk/serier</URL>
  </Links>
  <Links>
    <Type>Sports</Type>
    <Name>Live oversigt</Name>
	<Cmd>view_sport_schedule</Cmd>
    <URL>https://content.viaplay.dk/androidnodrmv2-dk/sport?sort=live_schedule</URL>
  </Links>
   <Links>
    <Type>Sports</Type>
    <Name>Live Sport</Name>
	<Cmd>view_sport_live</Cmd>
    <URL>https://content.viaplay.dk/androidnodrmv2-dk/sport</URL>
  </Links>
  <Links>
    <Type>Sports</Type>
    <Name>Stjernemærket</Name>
	<Cmd>starred_sport</Cmd>
    <URL>https://content.viaplay.dk/androidnodrmv2-dk/starred</URL>
  </Links>
  <Links>
    <Type>Sports_Category</Type>
    <Name> </Name>
	<Cmd>view_sports</Cmd>
    <URL>https://content.viaplay.dk/androidnodrmv2-dk/sport</URL>
  </Links>
</dsData>