<?xml version="1.0" encoding="UTF-8" standalone="yes"?>
<addon id="script.screensaver.logoff" name="Logoff" version="1.1.0" provider-name="elmerohueso">
  <requires>
    <import addon="xbmc.python" version="2.1.0"/>
  </requires>
  <extension point="xbmc.ui.screensaver" library="addon.py">
	<provides></provides>
  </extension>
  <extension point="xbmc.addon.metadata">
    <platform>all</platform>
	<language></language>
	<license>GNU GENERAL PUBLIC LICENSE. Version 2, June 1991</license>
	<forum>http://forum.kodi.tv/showthread.php?tid=198405></forum>
	<website>none</website>
	<email>elmerohueso@gmail.com</email>
	<source>https://github.com/elmerohueso/script.screensaver.logoff</source>
    <summary>"Screensaver" that will log off your XBMC/Kodi profile</summary>
    <description>Not really a screensaver, but makes your system automatically log off the active XBMC/Kodi profile according to your "Screensaver time".</description>
  </extension>
</addon>
