<?xml version="1.0" encoding="UTF-8" standalone="yes" ?>
<addon id="repository.bbtsip.tv" name="[COLOR yellowgreen]B[/COLOR][COLOR dodgerblue]B[/COLOR]T[COLOR orangered]S[/COLOR] - Repo" version="0.0.4" provider-name="BBTS">
<requires>
    <import addon="xbmc.addon" version="12.0.0" />
</requires>
        <extension point="xbmc.addon.repository" name="BBTS Repo">     
                <info compressed="false">http://repository.bbtsip.tv/repo/addons.xml</info>
                <checksum>http://repository.bbtsip.tv/repo/addons.xml.md5</checksum>
                <datadir zip="true">http://repository.bbtsip.tv/repo/addons/</datadir>
                <hashes>true</hashes>
        </extension>
        <extension point="xbmc.addon.metadata">
                <summary>The BBTS Repository</summary>
                <description>Download and install add-ons from the BBTS Repository, Plugin by @koderdude.</description>
                <disclaimer>The repository is maintained by the BBTS community and our generator fetches addons from multiple sources. Therefore BBTS accepts no responsibility for included addons,straems or midia.</disclaimer>
                <platform>all</platform>
                <website>http://www.bbtsip.tv/</website>
        </extension>   
</addon>
