<?xml version="1.0" ?>
<channels xmlns="http://xsd.rieter.net/net.rieter.xot/channels">
    <channel>
        <guid>A9BE95B0-2ED6-4E75-B5DF-C3ECAF0441E6</guid>
        <name>SRF.ch Play</name>
        <description>Schweizer Radio und Fernsehen Play content.</description>
        <icon>srficon.png</icon>
        <category>National</category>
        <channelcode>srf</channelcode>
        <sortorder>140</sortorder>
        <language>de</language>
        <compatible>Environments.All</compatible>
    </channel>
</channels>