<?xml version="1.0" encoding="UTF-8" standalone="yes"?>
<addon id="plugin.video.AKO" name="KarwanTV" version="2.4" provider-name="Halow">
  <requires>
    <import addon="xbmc.python" version="2.1.0" />
  </requires>
  <extension point="xbmc.python.pluginsource"
            library="default.py">
        <provides>video</provides>
  </extension>
  <extension point="xbmc.addon.metadata">
    <platform>all</platform>
    <summary>KARWANTV</summary>
    <description>Kurdistan Livestreams</description>
  </extension>
</addon>
