<?xml version="1.0" encoding="UTF-8" standalone="yes"?>
<addon id="service.watchdog" name="Watchdog" version="0.9.5" provider-name="takoi">
    <requires>
        <import addon="xbmc.python" version="2.14.0"/>
    </requires>
    <extension point="xbmc.service" library="service.py" start="login"/>
    <extension point="xbmc.python.script" library="script.py"/>
    <extension point="xbmc.addon.metadata">
    <platform>all</platform>
        <language/>
        <summary lang="en">Keep library synced with file system</summary>
        <summary lang="fr">Maintient les médiathèques synchonisée avec le système de fichiers</summary>
        <description lang="en">This service will automatically update the video and music library when new files are added or removed from a media source. Update is instant.</description>
        <description lang="fr">Ce service met automatiquement à jour les médiathèques vidéo et musique lorsque des nouveaux fichiers sont ajoutés ou supprimés d'une source. La mise à jour est instantannée.</description>
        <license>GNU GENERAL PUBLIC LICENSE. Version 3, 29 June 2007</license>
        <forum>http://forum.xbmc.org/showthread.php?tid=128896</forum>
        <source>https://github.com/takoi/xbmc-addon-watchdog</source>
    </extension>
</addon>
