<?xml version="1.0" standalone="yes"?>
<dsData xmlns="http://tempuri.org/DataSet1.xsd">
  <Links>
    <Type>Channels</Type>
    <Name>TV3</Name>
	<Cmd>play_live</Cmd>
    <URL>http://play.viaplay.no/api/stream/v1{?deviceId,deviceName,deviceType,userAgent}&amp;deviceKey=androidnodrmv2-no&amp;productId=177477</URL>
  </Links>
  <Links>
    <Type>Channels</Type>
    <Name>TV6</Name>
	<Cmd>play_live</Cmd>
    <URL>http://play.viaplay.no/api/stream/v1{?deviceId,deviceName,deviceType,userAgent}&amp;deviceKey=androidnodrmv2-no&amp;productId=209210</URL>
  </Links>
  <Links>
    <Type>Channels</Type>
    <Name>Viasat 4</Name>
	<Cmd>play_live</Cmd>
    <URL>http://play.viaplay.no/api/stream/v1{?deviceId,deviceName,deviceType,userAgent}&amp;deviceKey=androidnodrmv2-no&amp;productId=183235</URL>
  </Links>
  <Links>
    <Type>Channels</Type>
    <Name>Viasat Film</Name>
	<Cmd>play_live</Cmd>
    <URL>http://play.viaplay.no/api/stream/v1{?deviceId,deviceName,deviceType,userAgent}&amp;deviceKey=androidnodrmv2-no&amp;productId=141393</URL>
  </Links>
  <Links>
	<Type>Children_TV</Type>
    <Name>Nyheter</Name>
	<Cmd>viewtv</Cmd>
    <URL>https://content.viaplay.no/androidnodrmv2-no/barn/serier?sort=new_titles</URL>
  </Links>
  <Links>
	<Type>Children_TV</Type>
    <Name>Populære</Name>
	<Cmd>viewtv</Cmd>
    <URL>https://content.viaplay.no/androidnodrmv2-no/barn/serier?sort=most_popular</URL>
  </Links>
  <Links>
	<Type>Children_TV</Type>
    <Name>A-Å</Name>
	<Cmd>view_tv_alphabet</Cmd>
    <URL>https://content.viaplay.no/androidnodrmv2-no/barn/serier?sort=alphabetical</URL>
  </Links>
  <Links>
    <Type>Children_Movies</Type>
    <Name>A-Å</Name>
	<Cmd>view_movie_alphabet</Cmd>
    <URL>https://content.viaplay.no/androidnodrmv2-no/barn/filmer?sort=alphabetical</URL>
  </Links>
    <Links>
    <Type>Children_Movies</Type>
    <Name>Nyheter</Name>
	<Cmd>view</Cmd>
    <URL>https://content.viaplay.no/androidnodrmv2-no/barn/filmer?sort=new_titles</URL>
  </Links>
    <Links>
    <Type>Children_Movies</Type>
    <Name>Populære</Name>
	<Cmd>view</Cmd>
    <URL>https://content.viaplay.no/androidnodrmv2-no/barn/filmer?sort=most_popular</URL>
  </Links>
  <Links>
    <Type>Movies</Type>
    <Name>A-Å</Name>
	<Cmd>view_movie_alphabet</Cmd>
    <URL>https://content.viaplay.no/androidnodrmv2-no/filmer/alle?sort=alphabetical</URL>
  </Links>
  <Links>
    <Type>Movies</Type>
    <Name>Høyeste rating</Name>
	<Cmd>view</Cmd>
    <URL>https://content.viaplay.no/androidnodrmv2-no/filmer/alle?sort=highest_ratings</URL>
  </Links>
  <Links>
    <Type>Movies</Type>
    <Name>Sjangere</Name>
	<Cmd>categories</Cmd>
	<URL>https://content.viaplay.no/androidnodrmv2-no/filmer</URL>
  </Links>
  <Links>
    <Type>Movies_Category</Type>
    <Name>Sjangere</Name>
	<Cmd>view</Cmd>
    <URL>https://content.viaplay.no/androidnodrmv2-no/filmer</URL>
  </Links>
  <Links>
    <Type>Movies</Type>
    <Name>Nyheter</Name>
	<Cmd>view</Cmd>
    <URL>https://content.viaplay.no/androidnodrmv2-no/filmer/alle?sort=new_titles</URL>
  </Links>
  <Links>
    <Type>Movies</Type>
    <Name>Populære</Name>
	<Cmd>view</Cmd>
    <URL>https://content.viaplay.no/androidnodrmv2-no/filmer/alle?sort=most_popular</URL>
  </Links>
  <Links>
    <Type>Movies</Type>
    <Name>Stjernemarkere</Name>
	<Cmd>starred_movie</Cmd>
    <URL>https://content.viaplay.no/androidnodrmv2-no/starred</URL>
  </Links>
  <Links>
    <Type>Movies</Type>
    <Name>Søk etter tittel, skuespiller eller regissør</Name>
	<Cmd>search_movie</Cmd>
    <URL>https://content.viaplay.no/androidnodrmv2-no/search?query=</URL>
  </Links>
  <Links>
    <Type>TV</Type>
    <Name>Populære</Name>
	<Cmd>viewtv</Cmd>
    <URL>https://content.viaplay.no/androidnodrmv2-no/serier/alle?sort=most_popular</URL>
  </Links>
  <Links>
    <Type>TV</Type>
    <Name>Nyheter</Name>
	<Cmd>viewtv</Cmd>
    <URL>https://content.viaplay.no/androidnodrmv2-no/serier/alle?sort=recently_added</URL>
  </Links>
  <Links>
    <Type>TV</Type>
    <Name>Sjangere</Name>
	<Cmd>categoriestv</Cmd>
	<URL>https://content.viaplay.no/androidnodrmv2-no/serier</URL>
  </Links>
  <Links>
    <Type>TV</Type>
    <Name>A-Å</Name>
	<Cmd>view_tv_alphabet</Cmd>
    <URL>https://content.viaplay.no/androidnodrmv2-no/serier/alle?sort=alphabetical</URL>
  </Links>
  <Links>
    <Type>TV</Type>
    <Name>Søk etter tittel, skuespiller eller regissør</Name>
	<Cmd>search_tv</Cmd>
    <URL>https://content.viaplay.no/androidnodrmv2-no/search?query=</URL>
  </Links>
  <Links>
    <Type>TV</Type>
    <Name>Stjernemarkere</Name>
	<Cmd>starred_tv</Cmd>
    <URL>https://content.viaplay.no/androidnodrmv2-no/starred</URL>
  </Links>
  <Links>
    <Type>TV_Category</Type>
    <Name>ALL</Name>
	<Cmd>viewtv</Cmd>
    <URL>https://content.viaplay.no/androidnodrmv2-no/serier</URL>
  </Links>
  <Links>
    <Type>Sports</Type>
    <Name>Sendeskjema</Name>
	<Cmd>view_sport_schedule</Cmd>
    <URL>https://content.viaplay.no/androidnodrmv2-no/sport?sort=live_schedule</URL>
  </Links>
   <Links>
    <Type>Sports</Type>
    <Name>Direktesendt sport</Name>
	<Cmd>view_sport_live</Cmd>
    <URL>https://content.viaplay.no/androidnodrmv2-no/sport</URL>
  </Links>
  <Links>
    <Type>Sports</Type>
    <Name>Stjernemarkere</Name>
	<Cmd>starred_sport</Cmd>
    <URL>https://content.viaplay.no/androidnodrmv2-no/starred</URL>
  </Links>
  <Links>
    <Type>Sports_Category</Type>
    <Name> </Name>
	<Cmd>view_sports</Cmd>
    <URL>https://content.viaplay.no/androidnodrmv2-no/sport</URL>
  </Links>
</dsData>