<?xml version="1.0" standalone="yes"?>
<dsData xmlns="http://tempuri.org/DataSet1.xsd">
  <Links>
    <Type>Channels</Type>
    <Name>TV3</Name>
	<Cmd>play_live</Cmd>
    <URL>http://play.viaplay.se/api/stream/v1{?deviceId,deviceName,deviceType,userAgent}&amp;deviceKey=androidnodrm-se&amp;productId=168763</URL>
  </Links>
  <Links>
    <Type>Channels</Type>
    <Name>TV6</Name>
	<Cmd>play_live</Cmd>
    <URL>http://play.viaplay.se/api/stream/v1{?deviceId,deviceName,deviceType,userAgent}&amp;deviceKey=androidnodrm-se&amp;productId=195780</URL>
  </Links>
  <Links>
    <Type>Channels</Type>
    <Name>TV10</Name>
	<Cmd>play_live</Cmd>
    <URL>http://play.viaplay.se/api/stream/v1{?deviceId,deviceName,deviceType,userAgent}&amp;deviceKey=androidnodrm-se&amp;productId=177478</URL>
  </Links>
  <Links>
    <Type>Channels</Type>
    <Name>Viasat Film</Name>
	<Cmd>play_live</Cmd>
    <URL>http://play.viaplay.se/api/stream/v1{?deviceId,deviceName,deviceType,userAgent}&amp;deviceKey=androidnodrm-se&amp;productId=141393</URL>
  </Links>
  <Links>
    <Type>ALL_STARRED</Type>
    <Name> </Name>
	<Cmd>starred</Cmd>
    <URL>https://content.viaplay.se/androidnodrm-se/starred</URL>
  </Links>
  <Links>
    <Type>ALL_WATCHED</Type>
    <Name> </Name>
	<Cmd>watched</Cmd>
    <URL>https://content.viaplay.se/androidnodrm-se/watched</URL>
  </Links>
  <Links>
	<Type>Children_TV</Type>
    <Name>Nyheter</Name>
	<Cmd>viewtv</Cmd>
    <URL>https://content.viaplay.se/androidnodrm-se/barn/serier?sort=new_titles</URL>
  </Links>
  <Links>
	<Type>Children_TV</Type>
    <Name>Populära</Name>
	<Cmd>viewtv</Cmd>
    <URL>https://content.viaplay.se/androidnodrm-se/barn/serier?sort=most_popular</URL>
  </Links>
  <Links>
	<Type>Children_TV</Type>
    <Name>A-Ö</Name>
	<Cmd>view_tv_alphabet</Cmd>
    <URL>https://content.viaplay.se/androidnodrm-se/barn/serier?sort=alphabetical</URL>
  </Links>
  <Links>
    <Type>Children_Movies</Type>
    <Name>A-Ö</Name>
	<Cmd>view_movie_alphabet</Cmd>
    <URL>https://content.viaplay.se/androidnodrm-se/barn/film?sort=alphabetical</URL>
  </Links>
    <Links>
    <Type>Children_Movies</Type>
    <Name>Nyheter</Name>
	<Cmd>view</Cmd>
    <URL>https://content.viaplay.se/androidnodrm-se/barn/film?sort=new_titles</URL>
  </Links>
    <Links>
    <Type>Children_Movies</Type>
    <Name>Populära</Name>
	<Cmd>view</Cmd>
    <URL>https://content.viaplay.se/androidnodrm-se/barn/film?sort=most_popular</URL>
  </Links>
  <Links>
    <Type>Movies</Type>
    <Name>A-Ö</Name>
	<Cmd>view_movie_alphabet</Cmd>
    <URL>https://content.viaplay.se/androidnodrm-se/film/samtliga?sort=alphabetical</URL>
  </Links>
  <Links>
    <Type>Movies</Type>
    <Name>Högsta betyg</Name>
	<Cmd>view</Cmd>
    <URL>https://content.viaplay.se/androidnodrm-se/film/samtliga?sort=highest_ratings</URL>
  </Links>
  <Links>
    <Type>Movies</Type>
    <Name>Kategorier</Name>
	<Cmd>categories</Cmd>
	<URL>https://content.viaplay.se/androidnodrm-se/film</URL>
  </Links>
  <Links>
    <Type>Movies_Category</Type>
    <Name>Kategorier</Name>
	<Cmd>view</Cmd>
    <URL>https://content.viaplay.se/androidnodrm-se/film</URL>
  </Links>
  <Links>
    <Type>Movies</Type>
    <Name>Nyheter</Name>
	<Cmd>view</Cmd>
    <URL>https://content.viaplay.se/androidnodrm-se/film/samtliga?sort=new_titles</URL>
  </Links>
  <Links>
    <Type>Movies</Type>
    <Name>Populärast</Name>
	<Cmd>view</Cmd>
    <URL>https://content.viaplay.se/androidnodrm-se/film/samtliga?sort=most_popular</URL>
  </Links>
  <Links>
    <Type>Movies</Type>
    <Name>Stjärnmärkt</Name>
	<Cmd>starred_movie</Cmd>
    <URL>https://content.viaplay.se/androidnodrm-se/starred</URL>
  </Links>
  <Links>
    <Type>Movies</Type>
    <Name>Sök efter titel, skådespelare eller regissör</Name>
	<Cmd>search_movie</Cmd>
    <URL>https://content.viaplay.se/androidnodrm-se/search?query=</URL>
  </Links>
  <Links>
    <Type>TV</Type>
    <Name>Populärast</Name>
	<Cmd>viewtv</Cmd>
    <URL>https://content.viaplay.se/androidnodrm-se/serier/samtliga?sort=most_popular</URL>
  </Links>
  <Links>
    <Type>TV</Type>
    <Name>Nyheter</Name>
	<Cmd>viewtv</Cmd>
    <URL>https://content.viaplay.se/androidnodrm-se/serier/samtliga?sort=recently_added</URL>
  </Links>
  <Links>
    <Type>TV</Type>
    <Name>Kategorier</Name>
	<Cmd>categoriestv</Cmd>
	<URL>https://content.viaplay.se/androidnodrm-se/serier</URL>
  </Links>
  <Links>
    <Type>TV</Type>
    <Name>A-Ö</Name>
	<Cmd>view_tv_alphabet</Cmd>
    <URL>https://content.viaplay.se/androidnodrm-se/serier/samtliga?sort=alphabetical</URL>
  </Links>
  <Links>
    <Type>TV</Type>
    <Name>Sök efter serie, skådespelare eller regissör</Name>
	<Cmd>search_tv</Cmd>
    <URL>https://content.viaplay.se/androidnodrm-se/search?query=</URL>
  </Links>
  <Links>
    <Type>TV</Type>
    <Name>Stjärnmärkt</Name>
	<Cmd>starred_tv</Cmd>
    <URL>https://content.viaplay.se/androidnodrm-se/starred</URL>
  </Links>
  <Links>
    <Type>TV_Category</Type>
    <Name>ALL</Name>
	<Cmd>viewtv</Cmd>
    <URL>https://content.viaplay.se/androidnodrm-se/serier</URL>
  </Links>
  <Links>
    <Type>Sports</Type>
    <Name>Live Tablå</Name>
	<Cmd>view_sport_schedule</Cmd>
    <URL>https://content.viaplay.se/androidnodrm-se/sport?sort=live_schedule</URL>
  </Links>
   <Links>
    <Type>Sports</Type>
    <Name>Live Sport</Name>
	<Cmd>view_sport_live</Cmd>
    <URL>https://content.viaplay.se/androidnodrm-se/sport</URL>
  </Links>
  <Links>
    <Type>Sports</Type>
    <Name>Stjärnmärkt</Name>
	<Cmd>starred_sport</Cmd>
    <URL>https://content.viaplay.se/androidnodrm-se/starred</URL>
  </Links>
  <Links>
    <Type>Sports_Category</Type>
    <Name> </Name>
	<Cmd>view_sports</Cmd>
    <URL>https://content.viaplay.se/androidnodrm-se/sport</URL>
  </Links>
</dsData>