<?xml version="1.0" standalone="yes"?>
<dsData xmlns="http://tempuri.org/DataSet1.xsd">
  <Links>
    <Type>Channels</Type>
    <Name>Viasat Film</Name>
	<Cmd>play_live</Cmd>
    <URL>http://play.viaplay.fi/api/stream/v1{?deviceId,deviceName,deviceType,userAgent}&amp;deviceKey=androidnodrmv2-fi&amp;productId=141393</URL>
  </Links>
  <Links>
	<Type>Children_TV</Type>
    <Name>Uutuudet</Name>
	<Cmd>viewtv</Cmd>
    <URL>https://content.viaplay.fi/androidnodrmv2-fi/lapsille/sarjat?sort=new_titles</URL>
  </Links>
  <Links>
	<Type>Children_TV</Type>
    <Name>Suositut</Name>
	<Cmd>viewtv</Cmd>
    <URL>https://content.viaplay.fi/androidnodrmv2-fi/lapsille/sarjat?sort=most_popular</URL>
  </Links>
  <Links>
	<Type>Children_TV</Type>
    <Name>A-Ö</Name>
	<Cmd>view_tv_alphabet</Cmd>
    <URL>https://content.viaplay.fi/androidnodrmv2-fi/lapsille/sarjat?sort=alphabetical</URL>
  </Links>
  <Links>
    <Type>Children_Movies</Type>
    <Name>A-Ö</Name>
	<Cmd>view_movie_alphabet</Cmd>
    <URL>https://content.viaplay.fi/androidnodrmv2-fi/lapsille/leffat?sort=alphabetical</URL>
  </Links>
    <Links>
    <Type>Children_Movies</Type>
    <Name>Uutuudet</Name>
	<Cmd>view</Cmd>
    <URL>https://content.viaplay.fi/androidnodrmv2-fi/lapsille/leffat?sort=new_titles</URL>
  </Links>
    <Links>
    <Type>Children_Movies</Type>
    <Name>Suositut</Name>
	<Cmd>view</Cmd>
    <URL>https://content.viaplay.fi/androidnodrmv2-fi/lapsille/leffat?sort=most_popular</URL>
  </Links>
  <Links>
    <Type>Movies</Type>
    <Name>A-Ö</Name>
	<Cmd>view_movie_alphabet</Cmd>
    <URL>https://content.viaplay.fi/androidnodrmv2-fi/leffat/kaikki?sort=alphabetical</URL>
  </Links>
  <Links>
    <Type>Movies</Type>
    <Name>Korkeimman arvosanan</Name>
	<Cmd>view</Cmd>
    <URL>https://content.viaplay.fi/androidnodrmv2-fi/leffat/kaikki?sort=highest_ratings</URL>
  </Links>
  <Links>
    <Type>Movies</Type>
    <Name>Kategoriat</Name>
	<Cmd>categories</Cmd>
	<URL>https://content.viaplay.fi/androidnodrmv2-fi/leffat</URL>
  </Links>
  <Links>
    <Type>Movies_Category</Type>
    <Name>Kategoriat</Name>
	<Cmd>view</Cmd>
    <URL>https://content.viaplay.fi/androidnodrmv2-fi/leffat</URL>
  </Links>
  <Links>
    <Type>Movies</Type>
    <Name>Uutuudet</Name>
	<Cmd>view</Cmd>
    <URL>https://content.viaplay.fi/androidnodrmv2-fi/leffat/kaikki?sort=new_titles</URL>
  </Links>
  <Links>
    <Type>Movies</Type>
    <Name>Nousussa</Name>
	<Cmd>view</Cmd>
    <URL>https://content.viaplay.fi/androidnodrmv2-fi/leffat/kaikki?sort=most_popular</URL>
  </Links>
  <Links>
    <Type>Movies</Type>
    <Name>Oma suosikki</Name>
	<Cmd>starred_movie</Cmd>
    <URL>https://content.viaplay.fi/androidnodrmv2-fi/starred</URL>
  </Links>
  <Links>
    <Type>Movies</Type>
    <Name>Etsi nimike, näyttelijä tai ohjaaja</Name>
	<Cmd>search_movie</Cmd>
    <URL>https://content.viaplay.fi/androidnodrmv2-fi/search?query=</URL>
  </Links>
  <Links>
    <Type>TV</Type>
    <Name>Nousussa</Name>
	<Cmd>viewtv</Cmd>
    <URL>https://content.viaplay.fi/androidnodrmv2-fi/sarjat/kaikki?sort=most_popular</URL>
  </Links>
  <Links>
    <Type>TV</Type>
    <Name>Uusimmat</Name>
	<Cmd>viewtv</Cmd>
    <URL>https://content.viaplay.fi/androidnodrmv2-fi/sarjat/kaikki?sort=recently_added</URL>
  </Links>
  <Links>
    <Type>TV</Type>
    <Name>Kategoriat</Name>
	<Cmd>categoriestv</Cmd>
	<URL>https://content.viaplay.fi/androidnodrmv2-fi/sarjat</URL>
  </Links>
  <Links>
    <Type>TV</Type>
    <Name>A-Ö</Name>
	<Cmd>view_tv_alphabet</Cmd>
    <URL>https://content.viaplay.fi/androidnodrmv2-fi/sarjat/kaikki?sort=alphabetical</URL>
  </Links>
  <Links>
    <Type>TV</Type>
    <Name>Hae sarja, näyttelijä tai ohjaaja</Name>
	<Cmd>search_tv</Cmd>
    <URL>https://content.viaplay.fi/androidnodrmv2-fi/search?query=</URL>
  </Links>
  <Links>
    <Type>TV</Type>
    <Name>Oma suosikki</Name>
	<Cmd>starred_tv</Cmd>
    <URL>https://content.viaplay.fi/androidnodrmv2-fi/starred</URL>
  </Links>
  <Links>
    <Type>TV_Category</Type>
    <Name>ALL</Name>
	<Cmd>viewtv</Cmd>
    <URL>https://content.viaplay.fi/androidnodrmv2-fi/serier</URL>
  </Links>
  <Links>
    <Type>Sports</Type>
    <Name>LIVE Aikataulu</Name>
	<Cmd>view_sport_schedule</Cmd>
    <URL>https://content.viaplay.fi/androidnodrmv2-fi/urheilu?sort=live_schedule</URL>
  </Links>
   <Links>
    <Type>Sports</Type>
    <Name>LIVE Urheilu</Name>
	<Cmd>view_sport_live</Cmd>
    <URL>https://content.viaplay.fi/androidnodrmv2-fi/urheilu</URL>
  </Links>
  <Links>
    <Type>Sports</Type>
    <Name>Oma suosikki</Name>
	<Cmd>starred_sport</Cmd>
    <URL>https://content.viaplay.fi/androidnodrmv2-fi/starred</URL>
  </Links>
  <Links>
    <Type>Sports_Category</Type>
    <Name> </Name>
	<Cmd>view_sports</Cmd>
    <URL>https://content.viaplay.fi/androidnodrmv2-fi/urheilu</URL>
  </Links>
</dsData>