<?xml version="1.0" standalone="yes"?>
<dsData xmlns="http://tempuri.org/DataSet1.xsd">
  <Links>
    <Type>Channels</Type>
    <Name>TV3</Name>
	<Cmd>play_live</Cmd>
    <URL>http://play.viaplay.se/api/stream/v1{?deviceId,deviceName,deviceType,userAgent}&amp;deviceKey=pc-se&amp;productId=168763</URL>
  </Links>
  <Links>
    <Type>Channels</Type>
    <Name>TV6</Name>
	<Cmd>play_live</Cmd>
    <URL>http://play.viaplay.se/api/stream/v1{?deviceId,deviceName,deviceType,userAgent}&amp;deviceKey=pc-se&amp;productId=195780</URL>
  </Links>
  <Links>
    <Type>Channels</Type>
    <Name>TV10</Name>
	<Cmd>play_live</Cmd>
    <URL>http://play.viaplay.se/api/stream/v1{?deviceId,deviceName,deviceType,userAgent}&amp;deviceKey=pc-se&amp;productId=177478</URL>
  </Links>
  <Links>
    <Type>Channels</Type>
    <Name>Viasat Film</Name>
	<Cmd>play_live</Cmd>
    <URL>http://play.viaplay.se/api/stream/v1{?deviceId,deviceName,deviceType,userAgent}&amp;deviceKey=pc-se&amp;productId=141393</URL>
  </Links>
  <Links>
    <Type>Children_TV</Type>
    <Name>A-Ö</Name>
	<Cmd>view_tv_alphabet</Cmd>
    <URL>http://viaplay.se/tv/barn/20288/alphabetical</URL>
  </Links>
  <Links>
    <Type>Children_TV</Type>
    <Name>Populärast</Name>
	<Cmd>viewtv</Cmd>
    <URL>http://viaplay.se/ahah/block?id=20288&amp;title=TV&amp;categoryLevels=2&amp;cacheLifetime=300&amp;group=format&amp;weight=1&amp;contentType=tv&amp;page=3&amp;sorting=most_popular&amp;type=featured</URL>
  </Links>
  <Links>
    <Type>Children_TV</Type>
    <Name>Nyheter</Name>
	<Cmd>viewtv</Cmd>
    <URL>http://viaplay.se/ahah/block?id=20288&amp;title=TV&amp;categoryLevels=2&amp;cacheLifetime=300&amp;group=format&amp;weight=1&amp;contentType=tv&amp;page=3&amp;sorting=recently_added&amp;type=featured</URL>
  </Links>
    <Links>
    <Type>Children_Movies</Type>
    <Name>A-Ö</Name>
	<Cmd>view_movie_alphabet</Cmd>
    <URL>http://viaplay.se/film/barnfilm/1264/alphabetical</URL>
  </Links>
  <Links>
    <Type>Children_Movies</Type>
    <Name>Populärast</Name>
	<Cmd>view</Cmd>
    <URL>http://viaplay.se/ahah/block?id=1264&amp;title=Film&amp;categoryLevels=1&amp;cacheLifetime=3600&amp;weight=2&amp;contentType=movies&amp;page=2&amp;sorting=most_popular&amp;type=featured</URL>
  </Links>
  <Links>
    <Type>Children_Movies</Type>
    <Name>Nyheter</Name>
	<Cmd>view</Cmd>
    <URL>http://viaplay.se/ahah/block?id=1264&amp;title=Film&amp;categoryLevels=1&amp;cacheLifetime=3600&amp;weight=2&amp;contentType=movies&amp;page=2&amp;sorting=new_titles&amp;type=featured</URL>
  </Links>
  <Links>
    <Type>Movies</Type>
    <Name>A-Ö</Name>
	<Cmd>view_movie_alphabet</Cmd>
    <URL>http://viaplay.se/film/samtliga/250/alphabetical</URL>
  </Links>
  <Links>
    <Type>Movies</Type>
    <Name>Högsta betyg</Name>
	<Cmd>view</Cmd>
    <URL>http://viaplay.se/ahah/block/id/250/title/Film/categoryLevels/1/cacheLifetime/3600/weight/2/contentType/movies/sorting/highest_ratings/type/featured</URL>
  </Links>
  <Links>
    <Type>Movies</Type>
    <Name>Kategorier</Name>
	<Cmd>categories</Cmd>
	<URL> </URL>
  </Links>
  <Links>
    <Type>Movies</Type>
    <Name>Nyheter</Name>
	<Cmd>view</Cmd>
    <URL>http://viaplay.se/ahah/block/id/250/title/Film/categoryLevels/1/cacheLifetime/3600/weight/2/contentType/movies/page/3/sorting/new_titles/type/featured</URL>
  </Links>
  <Links>
    <Type>Movies</Type>
    <Name>Populärast</Name>
	<Cmd>view</Cmd>
    <URL>http://viaplay.se/ahah/block/id/250/title/Film/categoryLevels/1/cacheLifetime/3600/weight/2/contentType/movies/sorting/most_popular/type/featured</URL>
  </Links>
  <Links>
    <Type>Movies</Type>
    <Name>Sista chansen</Name>
	<Cmd>view</Cmd>
    <URL>http://viaplay.se/ahah/block/id/250/title/Film/categoryLevels/1/cacheLifetime/3600/weight/2/contentType/movies/sorting/last_chance/type/featured</URL>
  </Links>
  <Links>
    <Type>Movies</Type>
    <Name>Sök efter titel, skådespelare eller regissör</Name>
	<Cmd>search_movie</Cmd>
    <URL>http://viaplay.se/search?query=</URL>
  </Links>
  <Links>
    <Type>Movies</Type>
    <Name>Tillagda</Name>
	<Cmd>view</Cmd>
    <URL>http://viaplay.se/ahah/block/id/250/title/Film/categoryLevels/1/cacheLifetime/3600/weight/2/contentType/movies/sorting/recently_added/type/featured</URL>
  </Links>
  <Links>
    <Type>Movies_Category</Type>
    <Name>Action</Name>
	<Cmd>view</Cmd>
    <URL>http://viaplay.se/ahah/block/id/1077/title/Film/categoryLevels/1/cacheLifetime/3600/weight/2/contentType/movies/sorting/most_popular/type/featured</URL>
  </Links>
  <Links>
    <Type>Movies_Category</Type>
    <Name>Barnfilm</Name>
	<Cmd>view</Cmd>
    <URL>http://viaplay.se/ahah/block/id/1264/title/Film/categoryLevels/1/cacheLifetime/3600/weight/2/contentType/movies/sorting/most_popular/type/featured</URL>
  </Links>
  <Links>
    <Type>Movies_Category</Type>
    <Name>Chick flick</Name>
	<Cmd>view</Cmd>
    <URL>http://viaplay.se/ahah/block/id/32434/title/Film/categoryLevels/1/cacheLifetime/3600/weight/2/contentType/movies/sorting/most_popular/type/featured</URL>
  </Links>
  <Links>
    <Type>Movies_Category</Type>
    <Name>Dokumentär</Name>
	<Cmd>view</Cmd>
    <URL>http://viaplay.se/ahah/block/id/1306/title/Film/categoryLevels/1/cacheLifetime/3600/weight/2/contentType/movies/sorting/most_popular/type/featured</URL>
  </Links>
  <Links>
    <Type>Movies_Category</Type>
    <Name>Drama</Name>
	<Cmd>view</Cmd>
    <URL>http://viaplay.se/ahah/block/id/1059/title/Film/categoryLevels/1/cacheLifetime/3600/weight/2/contentType/movies/sorting/most_popular/type/featured</URL>
  </Links>
  <Links>
    <Type>Movies_Category</Type>
    <Name>HD-filmer</Name>
	<Cmd>view</Cmd>
    <URL>http://viaplay.se/ahah/block/id/8704/title/Film/categoryLevels/1/cacheLifetime/3600/weight/2/contentType/movies/page/3/sorting/most_popular/type/featured</URL>
  </Links>
  <Links>
    <Type>Movies_Category</Type>
    <Name>Klassiker</Name>
	<Cmd>view</Cmd>
    <URL>http://viaplay.se/ahah/block/id/1552/title/Film/categoryLevels/1/cacheLifetime/3600/weight/2/contentType/movies/sorting/most_popular/type/featured</URL>
  </Links>
  <Links>
    <Type>Movies_Category</Type>
    <Name>Komedi</Name>
	<Cmd>view</Cmd>
    <URL>http://viaplay.se/ahah/block/id/1063/title/Film/categoryLevels/1/cacheLifetime/3600/weight/2/contentType/movies/sorting/most_popular/type/featured</URL>
  </Links>
  <Links>
    <Type>Movies_Category</Type>
    <Name>Kritikerrosad</Name>
	<Cmd>view</Cmd>
    <URL>http://viaplay.se/ahah/block/id/27753/title/Film/categoryLevels/1/cacheLifetime/3600/weight/2/contentType/movies/sorting/most_popular/type/featured</URL>
  </Links>
  <Links>
    <Type>Movies_Category</Type>
    <Name>Nordisk</Name>
	<Cmd>view</Cmd>
    <URL>http://viaplay.se/ahah/block/id/6137/title/Film/categoryLevels/1/cacheLifetime/3600/weight/2/contentType/movies/sorting/most_popular/type/featured</URL>
  </Links>
  <Links>
    <Type>Movies_Category</Type>
    <Name>Romantik</Name>
	<Cmd>view</Cmd>
    <URL>http://viaplay.se/ahah/block/id/1161/title/Film/categoryLevels/1/cacheLifetime/3600/weight/2/contentType/movies/sorting/most_popular/type/featured</URL>
  </Links>
  <Links>
    <Type>Movies_Category</Type>
    <Name>Rysare</Name>
	<Cmd>view</Cmd>
    <URL>http://viaplay.se/ahah/block/id/1069/title/Film/categoryLevels/1/cacheLifetime/3600/weight/2/contentType/movies/sorting/most_popular/type/featured</URL>
  </Links>
  <Links>
    <Type>Movies_Category</Type>
    <Name>Science Fiction</Name>
	<Cmd>view</Cmd>
    <URL>http://viaplay.se/ahah/block/id/1167/title/Film/categoryLevels/1/cacheLifetime/3600/weight/2/contentType/movies/sorting/most_popular/type/featured</URL>
  </Links>
  <Links>
    <Type>Movies_Category</Type>
    <Name>Thriller</Name>
	<Cmd>view</Cmd>
    <URL>http://viaplay.se/ahah/block/id/1073/title/Film/categoryLevels/1/cacheLifetime/3600/weight/2/contentType/movies/sorting/most_popular/type/featured</URL>
  </Links>
  <Links>
    <Type>Movies_Category</Type>
    <Name>3D Beta</Name>
	<Cmd>view</Cmd>
    <URL>http://viaplay.se/film/3d-beta/26379</URL>
  </Links>
  <Links>
    <Type>Movies_Category</Type>
    <Name>Erotik</Name>
	<Cmd>view</Cmd>
    <URL>http://viaplay.se/ahah/block/id/419/title/Film/categoryLevels/1/cacheLifetime/3600/weight/2/contentType/movies/page/2/sorting/most_popular/type/featured</URL>
  </Links>
  <Links>
    <Type>TV</Type>
    <Name>Populärast</Name>
	<Cmd>viewtv</Cmd>
    <URL>http://viaplay.se/serier/samtliga</URL>
  </Links>
  <Links>
    <Type>TV</Type>
    <Name>Nyheter</Name>
	<Cmd>viewtv</Cmd>
    <URL>http://viaplay.se/ahah/block?id=17235&amp;title=TV&amp;categoryLevels=2&amp;cacheLifetime=300&amp;group=format&amp;weight=1&amp;contentType=tv&amp;page=3&amp;sorting=recently_added&amp;type=featured</URL>
  </Links>
  <Links>
    <Type>TV</Type>
    <Name>Sista chansen</Name>
	<Cmd>viewtv</Cmd>
    <URL>http://viaplay.se/ahah/block/id/17235/title/TV/categoryLevels/2/cacheLifetime/300/group/format/weight/1/contentType/tv/page/7/sorting/last_chance/type/featured</URL>
  </Links>
  <Links>
    <Type>TV</Type>
    <Name>Kategorier</Name>
	<Cmd>categoriestv</Cmd>
	<URL> </URL>
  </Links>
  <Links>
    <Type>TV</Type>
    <Name>A-Ö</Name>
	<Cmd>view_tv_alphabet</Cmd>
    <URL>http://viaplay.se/tv/samtliga/17235/alphabetical</URL>
  </Links>
  <Links>
    <Type>TV</Type>
    <Name>Sök efter serie, skådespelare eller regissör</Name>
	<Cmd>search_tv</Cmd>
    <URL>http://viaplay.se/search?query=</URL>
  </Links>
  <Links>
    <Type>TV</Type>
    <Name>Favoriter</Name>
	<Cmd>favorites_tv</Cmd>
    <URL> </URL>
  </Links>
  <Links>
    <Type>TV_Category</Type>
    <Name>Action</Name>
	<Cmd>viewtv</Cmd>
    <URL>http://viaplay.se/tv/action/3134</URL>
  </Links>
  <Links>
    <Type>TV_Category</Type>
    <Name>Barn</Name>
	<Cmd>viewtv</Cmd>
    <URL>http://viaplay.se/tv/barn/82</URL>
  </Links>
  <Links>
    <Type>TV_Category</Type>
    <Name>Dokumentär</Name>
	<Cmd>viewtv</Cmd>
    <URL>http://viaplay.se/tv/dokumentar/2286</URL>
  </Links>
  <Links>
    <Type>TV_Category</Type>
    <Name>Drama</Name>
	<Cmd>viewtv</Cmd>
    <URL>http://viaplay.se/tv/drama/2790</URL>
  </Links>
  <Links>
    <Type>TV_Category</Type>
    <Name>Komedi</Name>
	<Cmd>viewtv</Cmd>
    <URL>http://viaplay.se/tv/komedi/2791</URL>
  </Links>
  <Links>
    <Type>TV_Category</Type>
    <Name>ABC TV On Demand</Name>
	<Cmd>viewtv</Cmd>
    <URL>http://viaplay.se/tv/abc-tv-on-demand/30638</URL>
  </Links>
  <Links>
    <Type>TV_Category</Type>
    <Name>Kriminaldrama</Name>
	<Cmd>viewtv</Cmd>
    <URL>http://viaplay.se/tv/kriminaldrama/2792</URL>
  </Links>
  <Links>
    <Type>TV_Category</Type>
    <Name>Matlagning</Name>
	<Cmd>viewtv</Cmd>
    <URL>http://viaplay.se/tv/matlagning/6546</URL>
  </Links>
  <Links>
    <Type>TV_Category</Type>
    <Name>Reality</Name>
	<Cmd>viewtv</Cmd>
    <URL>http://viaplay.se/tv/reality/1804</URL>
  </Links>
  <Links>
    <Type>TV_Category</Type>
    <Name>Sci-fi</Name>
	<Cmd>viewtv</Cmd>
    <URL>http://viaplay.se/tv/sci-fi/3162</URL>
  </Links>
  <Links>
    <Type>TV_Category</Type>
    <Name>TV3 Play Premium</Name>
	<Cmd>viewtv</Cmd>
    <URL>http://viaplay.se/tv/tv3-play-premium/13955</URL>
  </Links>
  <Links>
    <Type>TV_Category</Type>
    <Name>TV6 Play Premium</Name>
	<Cmd>viewtv</Cmd>
    <URL>http://viaplay.se/tv/tv6-play-premium</URL>
  </Links>
  <Links>
    <Type>TV_Category</Type>
    <Name>TV8 Play Premium</Name>
	<Cmd>viewtv</Cmd>
    <URL>http://viaplay.se/tv/tv8-play-premium</URL>
  </Links>
  <Links>
    <Type>TV_Category</Type>
    <Name>WarnerTV</Name>
	<Cmd>viewtv</Cmd>
    <URL>http://viaplay.se/tv/warnertv/9065</URL>
  </Links>
  <Links>
    <Type>Sports</Type>
    <Name>Live Tablå</Name>
	<Cmd>view_sport_schedule</Cmd>
    <URL>http://viaplay.se/sport</URL>
  </Links>
  <Links>
    <Type>Sports</Type>
    <Name>Live Sport</Name>
	<Cmd>view_sport_live</Cmd>
    <URL>http://viaplay.se/ahah/block?id=413&amp;title=Sport&amp;categoryLevels=2&amp;cacheLifetime=3&amp;weight=3&amp;contentType=sport&amp;page=3&amp;sorting=live_sports&amp;type=featured&amp;pricePolicy=all</URL>
  </Links>
  <Links>
    <Type>Sports_Category</Type>
    <Name>Amerikansk fotboll</Name>
	<Cmd>view_sports</Cmd>
    <URL>http://viaplay.se/ahah/block?id=23999&amp;title=Sport&amp;categoryLevels=2&amp;cacheLifetime=3&amp;weight=3&amp;contentType=sport&amp;sorting=live_sports&amp;type=featured&amp;pricePolicy=all</URL>
  </Links>
  <Links>
    <Type>Sports_Category</Type>
    <Name>Athletics</Name>
	<Cmd>view_sports</Cmd>
    <URL>http://viaplay.se</URL>
  </Links>
  <Links>
    <Type>Sports_Category</Type>
    <Name>Bandy</Name>
	<Cmd>view_sports</Cmd>
    <URL>http://viaplay.se/ahah/block?id=13314&amp;title=Sport&amp;categoryLevels=2&amp;cacheLifetime=3&amp;weight=3&amp;contentType=sport&amp;sorting=live_sports&amp;type=featured&amp;pricePolicy=all</URL>
  </Links>
  <Links>
    <Type>Sports_Category</Type>
    <Name>Basket</Name>
	<Cmd>view_sports</Cmd>
    <URL>http://viaplay.se/ahah/block?id=3128&amp;title=Sport&amp;categoryLevels=2&amp;cacheLifetime=3&amp;weight=3&amp;contentType=sport&amp;sorting=live_sports&amp;type=featured&amp;pricePolicy=all</URL>
  </Links>
  <Links>
    <Type>Sports_Category</Type>
    <Name>Beachvolleyboll</Name>
	<Cmd>view_sports</Cmd>
    <URL>http://viaplay.se/ahah/block?id=22484&amp;title=Sport&amp;categoryLevels=2&amp;cacheLifetime=3&amp;weight=3&amp;contentType=sport&amp;sorting=live_sports&amp;type=featured&amp;pricePolicy=all</URL>
  </Links>
  <Links>
    <Type>Sports_Category</Type>
    <Name>Boxning</Name>
	<Cmd>view_sports</Cmd>
    <URL>http://viaplay.se/ahah/block?id=3129&amp;title=Sport&amp;categoryLevels=2&amp;cacheLifetime=3&amp;weight=3&amp;contentType=sport&amp;sorting=live_sports&amp;type=featured&amp;pricePolicy=all</URL>
  </Links>
  <Links>
    <Type>Sports_Category</Type>
    <Name>Extremsport</Name>
	<Cmd>view_sports</Cmd>
    <URL>http://viaplay.se/ahah/block?id=3131&amp;title=Sport&amp;categoryLevels=2&amp;cacheLifetime=3&amp;weight=3&amp;contentType=sport&amp;sorting=live_sports&amp;type=featured&amp;pricePolicy=all</URL>
  </Links>
  <Links>
    <Type>Sports_Category</Type>
    <Name>Fitness</Name>
	<Cmd>view_sports</Cmd>
    <URL>http://viaplay.se/ahah/block?id=2610&amp;title=Sport&amp;categoryLevels=2&amp;cacheLifetime=3&amp;weight=3&amp;contentType=sport&amp;sorting=live_sports&amp;type=featured&amp;pricePolicy=all</URL>
  </Links>
  <Links>
    <Type>Sports_Category</Type>
    <Name>Fotboll</Name>
	<Cmd>view_sports</Cmd>
    <URL>http://viaplay.se/ahah/block?id=737&amp;title=Sport&amp;categoryLevels=2&amp;cacheLifetime=3&amp;weight=3&amp;contentType=sport&amp;page=2&amp;sorting=live_sports&amp;type=featured&amp;pricePolicy=all</URL>
  </Links>
  <Links>
    <Type>Sports_Category</Type>
    <Name>Golf</Name>
	<Cmd>view_sports</Cmd>
    <URL>http://viaplay.se/ahah/block?id=418&amp;title=Sport&amp;categoryLevels=2&amp;cacheLifetime=3&amp;weight=3&amp;contentType=sport&amp;sorting=live_sports&amp;type=featured&amp;pricePolicy=all</URL>
  </Links>
  <Links>
    <Type>Sports_Category</Type>
    <Name>Handboll</Name>
	<Cmd>view_sports</Cmd>
    <URL>http://viaplay.se/ahah/block?id=12852&amp;title=Sport&amp;categoryLevels=2&amp;cacheLifetime=3&amp;weight=3&amp;contentType=sport&amp;sorting=live_sports&amp;type=featured&amp;pricePolicy=all</URL>
  </Links>
  <Links>
    <Type>Sports_Category</Type>
    <Name>Ishockey</Name>
	<Cmd>view_sports</Cmd>
    <URL>http://viaplay.se/ahah/block?id=3132&amp;title=Sport&amp;categoryLevels=2&amp;cacheLifetime=3&amp;weight=3&amp;contentType=sport&amp;sorting=live_sports&amp;type=featured&amp;pricePolicy=all</URL>
  </Links>
  <Links>
    <Type>Sports_Category</Type>
    <Name>Kampsport</Name>
	<Cmd>view_sports</Cmd>
    <URL>http://viaplay.se/ahah/block?id=28003&amp;title=Sport&amp;categoryLevels=2&amp;cacheLifetime=3&amp;weight=3&amp;contentType=sport&amp;sorting=live_sports&amp;type=featured&amp;pricePolicy=all</URL>
  </Links>
  <Links>
    <Type>Sports_Category</Type>
    <Name>Motorsport</Name>
	<Cmd>view_sports</Cmd>
    <URL>http://viaplay.se/ahah/block?id=3143&amp;title=Sport&amp;categoryLevels=2&amp;cacheLifetime=3&amp;weight=3&amp;contentType=sport&amp;sorting=live_sports&amp;type=featured&amp;pricePolicy=all</URL>
  </Links>
  <Links>
    <Type>Sports_Category</Type>
    <Name>Segling</Name>
	<Cmd>view_sports</Cmd>
    <URL>http://viaplay.se/ahah/block?id=26766&amp;title=Sport&amp;categoryLevels=2&amp;cacheLifetime=3&amp;weight=3&amp;contentType=sport&amp;sorting=live_sports&amp;type=featured&amp;pricePolicy=all</URL>
  </Links>
  <Links>
    <Type>Sports_Category</Type>
    <Name>Tennis</Name>
	<Cmd>view_sports</Cmd>
    <URL>http://viaplay.se/ahah/block?id=4199&amp;title=Sport&amp;categoryLevels=2&amp;cacheLifetime=3&amp;weight=3&amp;contentType=sport&amp;sorting=live_sports&amp;type=featured&amp;pricePolicy=all</URL>
  </Links>
</dsData>