<?xml version="1.0" encoding="UTF-8" standalone="yes"?>
<addon id="[COLOR red]plugin.video.viaplay[/COLOR]"
       name="Viaplay"
       version="2.1.1"
       provider-name="Halow">
  <requires>
    <import addon="xbmc.python" version="2.1.0"/>
  </requires>
  <extension point="xbmc.python.pluginsource" library="default.py">
        <provides>video</provides>
  </extension>
  <extension point="xbmc.addon.metadata">
    <language>sv</language>
    <summary lang="en">Watch content from Viaplay.</summary>
    <summary lang="sv">Titta på innehåll från Viaplay.</summary>
	<summary lang="dk">Se indhold fra Viaplay.</summary>
    <description lang="en">With this addon you can stream content from Viaplay.</description>
    <description lang="sv">Med denna addon kan du strömma innehåll från Viaplay.</description>
	<description lang="dk">Med denne addon du kan streame indhold fra Viaplay.</description>
	<description lang="no">Med denne addon kan du streame innhold fra Viaplay.</description>
	<description lang="fi">Tämän addon voit suoratoistaa sisältöä Viaplay.</description>
    <disclaimer>Some parts of this addon may not be legal in your country of residence - please check with your local laws before installing.</disclaimer>
    <platform>windx wingl osx linux</platform>
  </extension>
</addon>
