<colors>
			<!-- Backgrounds -->
	<color name="osd-background">A0FFFFFF</color>
	<color name="mask-background">C0FFFFFF</color>

			<!-- Text -->
	<color name="info-text">FF0066CC</color>
	<color name="disabled-text">FF7A7A7A</color>
	<color name="button-text">FFFFFFFF</color>
	<color name="shutdown-text">FFFFFFFF</color>
	<color name="shadow-text">FF000000</color>
	<color name="warning-text">FFAA0000</color>
	<color name="invalid-text">FFAA0000</color>
	<color name="rss-headline-text">FFFFFFFF</color>
	<color name="rss-title-text">FF0066CC</color>
	<color name="listselected-text">FF0066CC</color>
	<color name="kai-text-alpha">55FFFFFF</color>
	<color name="kai-text">FFFF0000</color>

			<!-- Media Flags -->
	<color name="StarDiffuse">D0F6E802</color>
	<color name="DropShadow">FF000000</color>

			<!-- Icon/Thumb -->
	<color name="UnFocusedPosters">A0A0A0A0</color>
	<color name="UnFocusedCovers">A0A0A0A0</color>
	<color name="IconGlow">A0FFFFFF</color>
	<color name="MiddleDistance">A0A0A0A0</color>
	<color name="LongDistance">60606060</color>
	
			<!-- GUI elements -->
	<color name="ScrollBarColor">FF00AAFF</color>
	<color name="ProgressBarColor">FF00AAFF</color>
	<color name="HideControl">00FFFFFF</color>

</colors>