<?xml version="1.0" encoding="UTF-8" standalone="yes"?>
<addon id="plugin.video.Halow" name="[COLOR red]HALOW [COLOR green] LIVE[/COLOR]" version="4.26" provider-name="Halow">
  <requires>
    <import addon="xbmc.python" version="2.1.0"/>
    <import addon="script.module.t0mm0.common" version="2.0.0"/>
    <import addon="script.module.youtube.dl" optional="true"/>
    <import addon="plugin.video.youtube" version="3.0.0"/>
    <import addon="script.module.urlresolver"  version="2.1.2"/>
    <import addon="script.common.plugin.cache" version="2.5.2"/>
    <import addon="script.module.metahandler" version="2.5.1"/>
	<import addon="script.module.simplejson" version="3.3.0"/>
    <import addon="script.module.beautifulsoup" version="3.2.1"/>
    <import addon="script.module.beautifulsoup4" />
	<import addon="script.module.simple.downloader" version="0.9.4"/>
    <import addon="script.module.requests" />
    <import addon="script.module.httplib2" />
  </requires>
  <extension point="xbmc.python.pluginsource" library="default.py">
        <provides>video</provides>
  </extension>
  <extension point="xbmc.addon.metadata">
    <summary lang="en">Halow TV Free</summary>
    <description lang="en">[COLOR red]Free Halow TV Live is free for all containing different live channels from different countries free for the whole world FB_>  Halow TV ADD_ONS twitter_> @HalowTV.[/COLOR]</description>
    <platform>all</platform>
  </extension>
</addon>