<?xml version="1.0" encoding="UTF-8" standalone="yes"?>
<addon id="plugin.video.IRAN" name="[COLOR red]IRAN LIVE[COLOR green] TV[/COLOR]" version="2.7" provider-name="Halow">
  <requires>
    <import addon="xbmc.python" version="2.1.0" />
  </requires>
  <extension point="xbmc.python.pluginsource"
            library="default.py">
        <provides>video</provides>
  </extension>
  <extension point="xbmc.addon.metadata">
    <platform>all</platform>
    <summary>Halow TV</summary>
    <description>Livestreams FOR IRAN TV FREE</description>
  </extension>
</addon>
