﻿<?xml version="1.0" encoding="UTF-8" standalone="yes"?>
<addon id="plugin.video.swefilmer"
       name="SweFilmer"
       version="1.8"
       provider-name="Halow">
  <requires>
    <import addon="xbmc.python" version="2.1.0"/>
  </requires>
  <extension point="xbmc.python.pluginsource" library="default.py">
        <provides>video</provides>
  </extension>
  <extension point="xbmc.addon.metadata">
    <summary lang="en">Watch content from swefilmer.</summary>
    <summary lang="sv">Titta på innehåll från swefilmer.</summary>
    <description lang="en">With this addon you can stream content from swefilmer (www.swefilmer.com).</description>
	<description lang="sv">Med denna addon kan du strömma innehåll från swefilmer (www.swefilmer.com).</description>
    <platform>all</platform>
    <website>https://github.com/HalowTV</website>
    <source>https://github.com/HalowTV</source>
  </extension>
</addon>
