<?xml version="1.0.1" encoding="UTF-8" standalone="yes"?>
<addon id="repository.Halowrepo" name="  [COLOR lime][B]HALOW [/COLOR][COLOR white]Repository[/B][/COLOR]" version="2.0.2" provider-name="HalowRepo">
	<extension point="xbmc.addon.repository" name="  [COLOR lime][B]Halow[/COLOR][COLOR white]Repository[/B][/COLOR]">
        <info compressed="false">https://raw.githubusercontent.com/HalowTV/Halowrepo/master/zips/addons.xml</info>
		<checksum>https://raw.githubusercontent.com/HalowTV/Halowrepo/master/zips/addons.xml.md5</checksum>
		<datadir zip="true">https://raw.githubusercontent.com/HalowTV/Halowrepo/master/zips/</datadir>
	</extension>
	<extension point="xbmc.addon.metadata">
		<summary>Install my Addons</summary>
		<description>Download and install addons from Halow Repo</description>
		<platform>all</platform>
	</extension>
</addon>