<?xml version="1.0" encoding="UTF-8" standalone="yes"?>
<addon id="plugin.video.AKO" name="KARWANTV" version="1.8" provider-name="Halow">
  <requires>
    <import addon="xbmc.python" version="2.1.0" />
  </requires>
  <extension point="xbmc.python.pluginsource"
            library="default.py">
        <provides>video</provides>
  </extension>
  <extension point="xbmc.addon.metadata">
    <platform>all</platform>
    <summary>FB  Halow Addons</summary>
    <description>Kurdistan Livestreams
 http://karwan.tv</description>
  </extension>
</addon>
