<?xml version="1.0" encoding="UTF-8"?>
<includes>
  <default type="label">
    <label>-</label>
    <height>75</height>
    <align>left</align>
    <aligny>center</aligny>
    <font>size33</font>
    <textcolor>White</textcolor>
    <shadowcolor>Shadow</shadowcolor>
    <focusedcolor>White2</focusedcolor>
    <selectedcolor>White2</selectedcolor>
    <disabledcolor>Disabled</disabledcolor>
    <scroll>true</scroll>
    <scrollspeed>50</scrollspeed>
    <scrollsuffix>  •  </scrollsuffix>
  </default>
  <default type="fadelabel">
    <left>0</left>
    <top>0</top>
    <height>75</height>
    <label>-</label>
    <align>left</align>
    <aligny>center</aligny>
    <font>size33</font>
    <textoffsetx>20</textoffsetx>
    <textcolor>White</textcolor>
    <shadowcolor>Shadow</shadowcolor>
    <focusedcolor>White2</focusedcolor>
    <selectedcolor>White2</selectedcolor>
    <disabledcolor>Disabled</disabledcolor>
    <scrollout>false</scrollout>
    <pauseatend>3000</pauseatend>
    <scrollsuffix> •  • </scrollsuffix>
  </default>
  <default type="textbox">
    <label>-</label>
    <font>size30</font>
    <textcolor>White</textcolor>
    <shadowcolor>Shadow</shadowcolor>
    <focusedcolor>White2</focusedcolor>
    <selectedcolor>White2</selectedcolor>
    <disabledcolor>Disabled</disabledcolor>
    <pagecontrol>61</pagecontrol>
    <pulseonselect></pulseonselect>
    <autoscroll delay="6000" time="3000" repeat="10000"></autoscroll>
  </default>
  <default type="image">
    <width>-</width>
    <height>-</height>
    <align>center</align>
    <aligny>center</aligny>
    <texture>-</texture>
    <aspectratio>stretch</aspectratio>
  </default>
  <default type="button">
    <left>0</left>
    <top>0</top>
    <width>390</width>
    <height>75</height>
    <align>center</align>
    <aligny>center</aligny>
    <font>size33</font>
    <label>-</label>
    <textoffsetx>20</textoffsetx>
    <textcolor>White</textcolor>
    <shadowcolor>Shadow</shadowcolor>
    <focusedcolor>White2</focusedcolor>
    <selectedcolor>White2</selectedcolor>
    <disabledcolor>Disabled</disabledcolor>
    <texturefocus border="8">images/Buttonselect.png</texturefocus>
    <pulseonselect>false</pulseonselect>
  </default>
  <default type="edit">
    <left>0</left>
    <top>0</top>
    <width>390</width>
    <height>75</height>
    <align>center</align>
    <aligny>center</aligny>
    <font>size33</font>
    <label>-</label>
    <textoffsetx>20</textoffsetx>
    <textcolor>White</textcolor>
    <shadowcolor>Shadow</shadowcolor>
    <focusedcolor>White2</focusedcolor>
    <selectedcolor>White2</selectedcolor>
    <disabledcolor>Disabled</disabledcolor>
    <texturenofocus border="8">images/Black.png</texturenofocus>
    <texturefocus flipy="true" border="8">images/Buttonselect.png</texturefocus>
    <pulseonselect>false</pulseonselect>
  </default>
  <default type="togglebutton">
    <left>0</left>
    <top>0</top>
    <width>450</width>
    <height>75</height>
    <align>center</align>
    <aligny>center</aligny>
    <font>size33</font>
    <label>-</label>
    <textoffsetx>20</textoffsetx>
    <textcolor>White</textcolor>
    <shadowcolor>Shadow</shadowcolor>
    <focusedcolor>White2</focusedcolor>
    <selectedcolor>White2</selectedcolor>
    <altselectedcolor>Yellow</altselectedcolor>
    <disabledcolor>Disabled</disabledcolor>
    <texturefocus border="8">images/Buttonselect.png</texturefocus>
    <alttexturefocus border="8">images/Buttonselect.png</alttexturefocus>
    <align>center</align>
    <aligny>center</aligny>
    <pulseonselect>false</pulseonselect>
  </default>
  <default type="radiobutton">
    <left>0</left>
    <top>6</top>
    <height>75</height>
    <align>left</align>
    <aligny>center</aligny>
    <font>size33</font>
    <label>-</label>
    <textcolor>White</textcolor>
    <shadowcolor>Shadow</shadowcolor>
    <focusedcolor>White2</focusedcolor>
    <selectedcolor>White2</selectedcolor>
    <disabledcolor>Disabled</disabledcolor>
    <radiowidth>30</radiowidth>
    <radioheight>30</radioheight>
    <texturefocus border="8">images/Buttonselect.png</texturefocus>
    <textureradiofocus>images/RadioON.png</textureradiofocus>
    <textureradionofocus>-</textureradionofocus>
    <textoffsetx>20</textoffsetx>
    <!--<radioleft>262</radioleft>-->
    <pulseonselect>false</pulseonselect>
  </default>
  <default type="spincontrol">
    <left>0</left>
    <top>0</top>
    <textureup>images/ArrowUpNF.png</textureup>
    <textureupfocus>images/ArrowUpFO.png</textureupfocus>
    <texturedown>images/ArrowDownNF.png</texturedown>
    <texturedownfocus>images/ArrowDownFO.png</texturedownfocus>
    <texturefocus border="8">images/Buttonselect.png</texturefocus>
    <spinwidth>18</spinwidth>
    <spinheight>18</spinheight>
    <font>size33</font>
    <textcolor>White</textcolor>
    <shadowcolor>Shadow</shadowcolor>
    <focusedcolor>White2</focusedcolor>
    <selectedcolor>White2</selectedcolor>
    <disabledcolor>Disabled</disabledcolor>
    <textoffsetx>20</textoffsetx>
    <align>left</align>
    <aligny>center</aligny>
    <reverse>yes</reverse>
    <pulseonselect>false</pulseonselect>
  </default>
  <default type="spincontrolex">
    <left>0</left>
    <top>0</top>
    <width>450</width>
    <height>75</height>
    <label>-</label>
    <font>size33</font>
    <textureup>images/ArrowUpNF.png</textureup>
    <textureupfocus>images/ArrowUpFO.png</textureupfocus>
    <texturedown>images/ArrowDownNF.png</texturedown>
    <texturedownfocus>images/ArrowDownFO.png</texturedownfocus>
    <texturefocus border="8">images/Buttonselect.png</texturefocus>
    <spinwidth>18</spinwidth>
    <spinheight>18</spinheight>
    <textcolor>White</textcolor>
    <shadowcolor>Shadow</shadowcolor>
    <focusedcolor>White2</focusedcolor>
    <selectedcolor>White2</selectedcolor>
    <disabledcolor>Disabled</disabledcolor>
    <textoffsetx>20</textoffsetx>
    <align>left</align>
    <aligny>center</aligny>
    <reverse>yes</reverse>
    <pulseonselect>false</pulseonselect>
  </default>
  <default type="slider" description="Seek Slider">
    <visible>true</visible>
    <width>711</width>
    <height>36</height>
    <texturesliderbar>OSD/SeekSliderBack.png</texturesliderbar>
    <textureslidernib>OSD/ScrollBarNibFO.png</textureslidernib>
    <textureslidernibfocus>OSD/ScrollBarNibFO.png</textureslidernibfocus>
    <texturesliderbar>OSD/SliderBackground2.png</texturesliderbar>
  </default>
  <default type="sliderex" description="Default Slider">
    <left>795</left>
    <top>225</top>
    <height>75</height>
    <width>450</width>
    <sliderwidth>100</sliderwidth>
    <sliderheight>24</sliderheight>
    <texturesliderbar>OSD/SliderBackground.png</texturesliderbar>
    <textureslidernib>OSD/SliderNibNF.png</textureslidernib>
    <textureslidernibfocus>OSD/SliderNibFO.png</textureslidernibfocus>
    <texturefocus border="8">images/Buttonselect.png</texturefocus>
    <texturenofocus>-</texturenofocus>
    <font>size33</font>
    <textcolor>White</textcolor>
    <focusedcolor>White2</focusedcolor>
    <selectedcolor>White2</selectedcolor>
    <disabledcolor>Disabled</disabledcolor>
    <textoffsetx>20</textoffsetx>
  </default>
  <default type="scrollbar">
    <left>0</left>
    <top>0</top>
    <width>9</width>
    <orientation>vertical</orientation>
    <texturesliderbackground border="0,4,0,4">Scrollbar/ScrollbarBG.png</texturesliderbackground>
    <texturesliderbar border="0,4,0,4">Scrollbar/ScrollerNF.png</texturesliderbar>
    <texturesliderbarfocus border="0,4,0,4">Scrollbar/ScrollerFO.png</texturesliderbarfocus>
    <pulseonselect>false</pulseonselect>
    <showonepage>false</showonepage>
  </default>
</includes>
