<?xml version="1.0" encoding="UTF-8"?>
<window type="dialog" id="115">
    <defaultcontrol always="true">901</defaultcontrol>
    <allowoverlay>yes</allowoverlay>
    <zorder>5</zorder>
    <include>OpenClose</include>
    <visible>![Window.IsVisible(SliderDialog) | Window.IsVisible(OSDVideoSettings) | Window.IsVisible(OSDAudioSettings) | Window.IsVisible(VideoBookmarks) | Window.IsActive(script-XBMC-Subtitles-main.xml)]</visible>
    <visible>Window.IsVisible(FullScreenVideo) + [Window.IsActive(videoosd.xml) | Player.Seeking | Player.DisplayAfterSeek | Player.Paused | Player.Forwarding | Player.Rewinding | Player.Caching]</visible>
    <animation effect="fade" start="0" end="100" time="400">Visible</animation>
    <animation effect="fade" start="100" end="0" time="100">Hidden</animation>
    <controls>
        <control type="group">
            <!--<animation condition="SubString(Player.Folderpath,3DMovies)" effect="zoom" end="50,100">Conditional</animation>-->
            <control type="group" description="Top Bar">
                <visible>!Window.IsActive(142)</visible>
                <animation effect="fade" start="0" end="70" time="400">Visible</animation>
                <animation effect="fade" start="70" end="0" time="100">Hidden</animation>
                <control type="label" description="Clock">
                    <left>60</left>
                    <width>695</width>
                    <height>60</height>
                    <font>size33B</font>
                    <textcolor>White</textcolor>
                    <label>$LOCALIZE[142] $INFO[System.Time]</label>
                </control>
                <control type="label">
                    <left>60</left>
                    <top>55</top>
                    <width>495</width>
                    <height>30</height>
                    <label>[B]$INFO[Player.Time][/B]</label>
                    <font>size26</font>
                </control>
                <control type="label" description="End time">
                    <right>60</right>
                    <width>695</width>
                    <height>60</height>
                    <align>right</align>
                    <font>size33B</font>
                    <textcolor>White</textcolor>
                    <label>$LOCALIZE[31005]: $INFO[Player.FinishTime]</label>
                </control>
                <control type="label">
                    <right>60</right>
                    <top>55</top>
                    <height>30</height>
                    <width>195</width>
                    <align>right</align>
                    <label>[B]- $INFO[Player.TimeRemaining][/B]</label>
                    <font>size26</font>
                </control>
                <control type="label" description="Next item">
                    <visible>!IsEmpty(VideoPlayer.NextTitle)</visible>
                    <left>300</left>
                    <top>1</top>
                    <width>1320</width>
                    <height>60</height>
                    <align>center</align>
                    <aligny>center</aligny>
                    <font>size26</font>
                    <textcolor>Silver</textcolor>
                    <label>$INFO[VideoPlayer.NextTitle,[COLOR=Grey]$LOCALIZE[209]:  [/COLOR]]</label>
                </control>
            </control>
            <control type="group">
                <control type="label" description="Seek time label">
                    <visible>![player.forwarding | player.rewinding]</visible>
                    <visible>Player.DisplayAfterSeek</visible>
                    <height>75</height>
                    <width>1920</width>
                    <align>center</align>
                    <font>size36B</font>
                    <textcolor>White</textcolor>
                    <shadowcolor>Black</shadowcolor>
                    <animation effect="fade" time="200">VisibleChange</animation>
                    <label>$INFO[Player.SeekOffset]</label>
                </control>
            </control>
            <control type="group">
                <top>932</top>
                <control type="image" description="Background">
                    <width>1920</width>
                    <height>68</height>
                    <texture>Seekbar/Barback.png</texture>
                </control>
                <control type="progress" description="Cache Progress">
                    <visible>true</visible>
                    <!--Player.Caching-->
                    <left>257</left>
                    <top>1</top>
                    <width>1416</width>
                    <height>68</height>
                    <reveal>true</reveal>
                    <texturebg>Seekbar/BG.png</texturebg>
                    <midtexture border="2">Seekbar/M.png</midtexture>
                    <colordiffuse>FF333366</colordiffuse>
                    <info>Player.ProgressCache</info>
                </control>
                <control type="progress" id="23" description="Progress Bar">
                    <left>257</left>
                    <top>1</top>
                    <width>1416</width>
                    <height>68</height>
                    <reveal>true</reveal>
                    <texturebg>Seekbar/BG.png</texturebg>
                    <midtexture border="2">Seekbar/M.png</midtexture>
                    <info>Player.Progress</info>
                    <visible>true</visible>
                </control>
            </control>
            <control type="group" description="Icons on Seekbar">
                <top>934</top>
                <left>156</left>
                <control type="image" description="Buffer icon">
                    <visible>Player.Caching</visible>
                    <left>0</left>
                    <include>OSDbarIcons</include>
                    <texture border="2">busy/Busy.png</texture>
                    <animation effect="rotate" start="360" end="0" center="auto" time="1200" loop="true" pulse="true" condition="true">conditional</animation>
                </control>
                <control type="image" description="Pause">
                    <visible>Player.Paused + !Player.Caching</visible>
                    <left>10</left>
                    <include>OSDbarIcons</include>
                    <texture border="2">Seekbar/OSDPauseNf.png</texture>
                </control>
                <control type="image" description="Play">
                    <visible>player.playing</visible>
                    <left>10</left>
                    <include>OSDbarIcons</include>
                    <texture border="2">Seekbar/OSDPlayNF.png</texture>
                </control>
                <control type="image" description="FF">
                    <left>-10</left>
                    <visible>player.forwarding2x | player.forwarding4x | player.forwarding8x | player.forwarding16x | player.forwarding32x</visible>
                    <include>OSDbarIcons</include>
                    <texture border="2">Seekbar/OSDPlayNF.png</texture>
                </control>
                <control type="image" description="FFFF">
                    <visible>player.forwarding4x | player.forwarding8x | player.forwarding16x | player.forwarding32x</visible>
                    <left>0</left>
                    <include>OSDbarIcons</include>
                    <texture border="2">Seekbar/OSDPlayNF.png</texture>
                </control>
                <control type="image" description="2FFFF">
                    <visible>player.forwarding8x | player.forwarding16x | player.forwarding32x</visible>
                    <left>10</left>
                    <include>OSDbarIcons</include>
                    <texture border="2">Seekbar/OSDPlayNF.png</texture>
                </control>
                <control type="image" description="4FFFF">
                    <visible>player.forwarding16x | player.forwarding32x</visible>
                    <left>20</left>
                    <include>OSDbarIcons</include>
                    <texture border="2">Seekbar/OSDPlayNF.png</texture>
                </control>
                <control type="image" description="8FFFF">
                    <visible>player.forwarding32x</visible>
                    <left>30</left>
                    <include>OSDbarIcons</include>
                    <texture border="2">Seekbar/OSDPlayNF.png</texture>
                </control>
                <control type="image" description="RF">
                    <left>-10</left>
                    <visible>player.rewinding2x | player.rewinding4x | player.rewinding8x | player.rewinding16x | player.rewinding32x</visible>
                    <include>OSDbarIcons</include>
                    <texture border="2" flipx="true">Seekbar/OSDPlayNF.png</texture>
                </control>
                <control type="image" description="RFFF">
                    <visible>player.rewinding4x | player.rewinding8x | player.rewinding16x | player.rewinding32x</visible>
                    <left>0</left>
                    <include>OSDbarIcons</include>
                    <texture border="2" flipx="true">Seekbar/OSDPlayNF.png</texture>
                </control>
                <control type="image" description="2RFFF">
                    <visible>player.rewinding8x | player.rewinding16x | player.rewinding32x</visible>
                    <left>10</left>
                    <include>OSDbarIcons</include>
                    <texture border="2" flipx="true">Seekbar/OSDPlayNF.png</texture>
                </control>
                <control type="image" description="4RFFF">
                    <visible>player.rewinding16x | player.rewinding32x</visible>
                    <left>20</left>
                    <include>OSDbarIcons</include>
                    <texture border="2" flipx="true">Seekbar/OSDPlayNF.png</texture>
                </control>
                <control type="image" description="8RFFF">
                    <visible>player.rewinding32x</visible>
                    <left>30</left>
                    <include>OSDbarIcons</include>
                    <texture border="2" flipx="true">Seekbar/OSDPlayNF.png</texture>
                </control>
            </control>
            <control type="image">
                <visible>!PLayer.Paused</visible>
                <left>1500</left>
                <top>750</top>
                <width>100</width>
                <height>100</height>
                <texture>$INFO[VideoPlayer.mpaa,Mpaa/,.png]</texture>
                <colordiffuse>77FFFFFF</colordiffuse>
            </control>
        </control>
        <!-- 3D -->
        <!--<control type="group" description="3dright">-->
            <!--<visible>SubString(Player.Folderpath,3DMovies)</visible>-->
            <!--<animation type="Conditional" condition="SubString(Player.Folderpath,3DMovies)">-->
                <!--<effect type="slide" end="960,0"/>-->
                <!--<effect type="zoom" end="50,100"/>-->
            <!--</animation><control type="group" description="Top Bar">-->
            <!--<visible>!Window.IsActive(142)</visible>-->
            <!--<animation effect="fade" start="0" end="70" time="400">Visible</animation>-->
            <!--<animation effect="fade" start="70" end="0" time="100">Hidden</animation>-->
            <!--<control type="label" description="Clock">-->
                <!--<left>60</left>-->
                <!--<top>-5</top>-->
                <!--<width>695</width>-->
                <!--<height>60</height>-->
                <!--<font>size33B</font>-->
                <!--<textcolor>White</textcolor>-->
                <!--<label>$LOCALIZE[142] $INFO[System.Time]</label>-->
            <!--</control>-->
            <!--<control type="label">-->
                <!--<left>60</left>-->
                <!--<top>50</top>-->
                <!--<width>495</width>-->
                <!--<height>30</height>-->
                <!--<label>[B]$INFO[Player.Time][/B]</label>-->
                <!--<font>size26</font>-->
            <!--</control>-->
            <!--<control type="label" description="End time">-->
                <!--<right>60</right>-->
                <!--<top>-5</top>-->
                <!--<width>695</width>-->
                <!--<height>60</height>-->
                <!--<align>right</align>-->
                <!--<font>size33B</font>-->
                <!--<textcolor>White</textcolor>-->
                <!--<label>$LOCALIZE[31005]: $INFO[Player.FinishTime]</label>-->
            <!--</control>-->
            <!--<control type="label">-->
                <!--<right>60</right>-->
                <!--<top>50</top>-->
                <!--<height>30</height>-->
                <!--<width>195</width>-->
                <!--<align>right</align>-->
                <!--<label>[B]- $INFO[Player.TimeRemaining][/B]</label>-->
                <!--<font>size26</font>-->
            <!--</control>-->
            <!--<control type="label" description="Next item">-->
                <!--<visible>!IsEmpty(VideoPlayer.NextTitle)</visible>-->
                <!--<left>300</left>-->
                <!--<top>1</top>-->
                <!--<width>1320</width>-->
                <!--<height>60</height>-->
                <!--<align>center</align>-->
                <!--<aligny>center</aligny>-->
                <!--<font>size26</font>-->
                <!--<textcolor>Silver</textcolor>-->
                <!--<label>$INFO[VideoPlayer.NextTitle,[COLOR=Grey]$LOCALIZE[209]:  [/COLOR]]</label>-->
            <!--</control>-->
        <!--</control>-->
            <!--<control type="group">-->
                <!--<top>932</top>-->
                <!--<control type="image" description="Background">-->
                    <!--<width>1920</width>-->
                    <!--<height>68</height>-->
                    <!--<texture>Seekbar/Barback.png</texture>-->
                <!--</control>-->
                <!--<control type="progress" description="Cache Progress">-->
                    <!--<visible>true</visible>-->
                    <!--&lt;!&ndash;Player.Caching&ndash;&gt;-->
                    <!--<left>257</left>-->
                    <!--<top>1</top>-->
                    <!--<width>1416</width>-->
                    <!--<height>68</height>-->
                    <!--<reveal>true</reveal>-->
                    <!--<texturebg>Seekbar/BG.png</texturebg>-->
                    <!--<midtexture border="2">Seekbar/M.png</midtexture>-->
                    <!--<colordiffuse>FF333366</colordiffuse>-->
                    <!--<info>Player.ProgressCache</info>-->
                <!--</control>-->
                <!--<control type="progress" id="23" description="Progress Bar">-->
                    <!--<left>257</left>-->
                    <!--<top>1</top>-->
                    <!--<width>1416</width>-->
                    <!--<height>68</height>-->
                    <!--<reveal>true</reveal>-->
                    <!--<texturebg>Seekbar/BG.png</texturebg>-->
                    <!--<midtexture border="2">Seekbar/M.png</midtexture>-->
                    <!--<info>Player.Progress</info>-->
                    <!--<visible>true</visible>-->
                <!--</control>-->
            <!--</control>-->
            <!--<control type="group" description="Icons on Seekbar">-->
                <!--<top>934</top>-->
                <!--<left>156</left>-->
                <!--<control type="image" description="Buffer icon">-->
                    <!--<visible>Player.Caching</visible>-->
                    <!--<left>0</left>-->
                    <!--<include>OSDbarIcons</include>-->
                    <!--<texture border="2">busy/Busy.png</texture>-->
                    <!--<animation effect="rotate" start="360" end="0" center="auto" time="1200" loop="true" pulse="true" condition="true">conditional</animation>-->
                <!--</control>-->
                <!--<control type="image" description="Pause">-->
                    <!--<visible>Player.Paused + !Player.Caching</visible>-->
                    <!--<left>10</left>-->
                    <!--<include>OSDbarIcons</include>-->
                    <!--<texture border="2">Seekbar/OSDPauseNf.png</texture>-->
                <!--</control>-->
                <!--<control type="image" description="Play">-->
                    <!--<visible>player.playing</visible>-->
                    <!--<left>10</left>-->
                    <!--<include>OSDbarIcons</include>-->
                    <!--<texture border="2">Seekbar/OSDPlayNF.png</texture>-->
                <!--</control>-->
                <!--<control type="image" description="FF">-->
                    <!--<left>-10</left>-->
                    <!--<visible>player.forwarding2x | player.forwarding4x | player.forwarding8x | player.forwarding16x | player.forwarding32x</visible>-->
                    <!--<include>OSDbarIcons</include>-->
                    <!--<texture border="2">Seekbar/OSDPlayNF.png</texture>-->
                <!--</control>-->
                <!--<control type="image" description="FFFF">-->
                    <!--<visible>player.forwarding4x | player.forwarding8x | player.forwarding16x | player.forwarding32x</visible>-->
                    <!--<left>0</left>-->
                    <!--<include>OSDbarIcons</include>-->
                    <!--<texture border="2">Seekbar/OSDPlayNF.png</texture>-->
                <!--</control>-->
                <!--<control type="image" description="2FFFF">-->
                    <!--<visible>player.forwarding8x | player.forwarding16x | player.forwarding32x</visible>-->
                    <!--<left>10</left>-->
                    <!--<include>OSDbarIcons</include>-->
                    <!--<texture border="2">Seekbar/OSDPlayNF.png</texture>-->
                <!--</control>-->
                <!--<control type="image" description="4FFFF">-->
                    <!--<visible>player.forwarding16x | player.forwarding32x</visible>-->
                    <!--<left>20</left>-->
                    <!--<include>OSDbarIcons</include>-->
                    <!--<texture border="2">Seekbar/OSDPlayNF.png</texture>-->
                <!--</control>-->
                <!--<control type="image" description="8FFFF">-->
                    <!--<visible>player.forwarding32x</visible>-->
                    <!--<left>30</left>-->
                    <!--<include>OSDbarIcons</include>-->
                    <!--<texture border="2">Seekbar/OSDPlayNF.png</texture>-->
                <!--</control>-->
                <!--<control type="image" description="RF">-->
                    <!--<left>-10</left>-->
                    <!--<visible>player.rewinding2x | player.rewinding4x | player.rewinding8x | player.rewinding16x | player.rewinding32x</visible>-->
                    <!--<include>OSDbarIcons</include>-->
                    <!--<texture border="2" flipx="true">Seekbar/OSDPlayNF.png</texture>-->
                <!--</control>-->
                <!--<control type="image" description="RFFF">-->
                    <!--<visible>player.rewinding4x | player.rewinding8x | player.rewinding16x | player.rewinding32x</visible>-->
                    <!--<left>0</left>-->
                    <!--<include>OSDbarIcons</include>-->
                    <!--<texture border="2" flipx="true">Seekbar/OSDPlayNF.png</texture>-->
                <!--</control>-->
                <!--<control type="image" description="2RFFF">-->
                    <!--<visible>player.rewinding8x | player.rewinding16x | player.rewinding32x</visible>-->
                    <!--<left>10</left>-->
                    <!--<include>OSDbarIcons</include>-->
                    <!--<texture border="2" flipx="true">Seekbar/OSDPlayNF.png</texture>-->
                <!--</control>-->
                <!--<control type="image" description="4RFFF">-->
                    <!--<visible>player.rewinding16x | player.rewinding32x</visible>-->
                    <!--<left>20</left>-->
                    <!--<include>OSDbarIcons</include>-->
                    <!--<texture border="2" flipx="true">Seekbar/OSDPlayNF.png</texture>-->
                <!--</control>-->
                <!--<control type="image" description="8RFFF">-->
                    <!--<visible>player.rewinding32x</visible>-->
                    <!--<left>30</left>-->
                    <!--<include>OSDbarIcons</include>-->
                    <!--<texture border="2" flipx="true">Seekbar/OSDPlayNF.png</texture>-->
                <!--</control>-->
            <!--</control>-->
            <!--<control type="image">-->
                <!--<visible>!PLayer.Paused</visible>-->
                <!--<left>1500</left>-->
                <!--<top>750</top>-->
                <!--<width>100</width>-->
                <!--<height>100</height>-->
                <!--<texture>$INFO[VideoPlayer.mpaa,Mpaa/,.png]</texture>-->
                <!--<colordiffuse>77FFFFFF</colordiffuse>-->
            <!--</control>-->
        <!--</control>-->
    </controls>
</window>
