<?xml version="1.0" encoding="UTF-8"?>
<window id="100">
  <defaultcontrol always="true">10</defaultcontrol>
  <allowoverlay>yes</allowoverlay>
  <include>DialogOpenClose</include>
  <controls>
    <control type="image">
      <left>270</left>
      <top>210</top>
      <width>1360</width>
      <height>740</height>
      <texture border="150">images/Dialog.png</texture>
    </control>
    <control type="group">
      <left>480</left>
      <top>360</top>
      <control type="label" id="1" description="Heading">
        <left>0</left>
        <label>-</label>
        <width>960</width>
        <font>size28</font>
        <align>center</align>
      </control>
      <control type="label" id="2" description="Line 1">
        <left>0</left>
        <top>108</top>
        <label>-</label>
        <width>960</width>
        <align>center</align>
        <scroll>true</scroll>
      </control>
      <control type="label" id="3" description="Line 2">
        <left>0</left>
        <top>156</top>
        <label>-</label>
        <width>960</width>
        <align>center</align>
        <scroll>true</scroll>
      </control>
      <control type="label" id="4" description="Line 3">
        <left>0</left>
        <top>204</top>
        <label>-</label>
        <width>960</width>
        <align>center</align>
        <scroll>true</scroll>
      </control>
      <control type="button" id="10" description="No">
        <left>188</left>
        <top>315</top>
        <width>270</width>
        <label>106</label>
        <onleft>11</onleft>
        <onright>11</onright>
        <onup>10</onup>
        <ondown>10</ondown>
        <texturefocus border="8">images/Buttonselect.png</texturefocus>
      </control>
      <control type="button" id="11" description="Yes">
        <left>502</left>
        <top>315</top>
        <width>270</width>
        <label>107</label>
        <onleft>10</onleft>
        <onright>10</onright>
        <onup>11</onup>
        <ondown>11</ondown>
        <texturefocus border="8">images/Buttonselect.png</texturefocus>
      </control>
    </control>
  </controls>
</window>
