<?xml version="1.0" encoding="UTF-8"?>
<window id="614">
  <defaultcontrol></defaultcontrol>
  <include>OpenClose</include>
  <controls>
    <control type="group">
      <left>1130</left>
      <top>970</top>
      <animation effect="slide" start="810,0" end="0,0" time="450">WindowOpen</animation>
      <animation effect="slide" start="0,0" end="810,0" time="450">WindowClose</animation>
      <control type="image" description="Dialog BG">
        <left>0</left>
        <top>-6</top>
        <width>800</width>
        <height>108</height>
        <texture border="30">images/ProgressBG.png</texture>
      </control>
      <control type="label" id="30" description="Caption Label">
        <left>22</left>
        <top>9</top>
        <width>755</width>
        <height>27</height>
        <font>size21</font>
        <align>left</align>
        <aligny>center</aligny>
      </control>
      <control type="label" id="31" description="Current Directory Label">
        <left>22</left>
        <top>36</top>
        <width>755</width>
        <height>30</height>
        <font>size21</font>
        <align>left</align>
        <aligny>center</aligny>
      </control>
      <control type="progress" id="32" description="Progress bar">
        <left>22</left>
        <top>75</top>
        <width>755</width>
        <height>8</height>
        <texturebg>progress/ProgressBG.png</texturebg>
        <midtexture>progress/ProgressM.png</midtexture>
        <righttexture>progress/ProgressR.png</righttexture>
        <lefttexture>progress/ProgressL.png</lefttexture>
      </control>
    </control>
  </controls>
</window>
