<?xml version="1.0" encoding="UTF-8"?>
<window id="132">
  <defaultcontrol always="true">20</defaultcontrol>
  <allowoverlay>no</allowoverlay>
  <include>DialogOpenCloseVisible</include>
  <controls>
    <control type="image">
      <left>250</left>
      <top>-100</top>
      <width>1420</width>
      <height>1280</height>
      <texture border="150">images/Dialog.png</texture>
    </control>
    <control type="group">
      <left>0</left>
      <top>40</top>
      <control type="label" description="Directory Contains">
        <left>440</left>
        <align>left</align>
        <height>62</height>
        <font>size39B</font>
        <width>1020</width>
        <label>$LOCALIZE[20344] :</label>
      </control>
      <control type="image" description="Splitter">
        <left>500</left>
        <top>70</top>
        <height>1</height>
        <width>1035</width>
        <texture>images/LineR.png</texture>
      </control>
      <control type="spincontrolex" id="20" description="Content Type">
        <left>1100</left>
        <top></top>
        <width>400</width>
        <height>62</height>
        <font>-</font>
        <label>-</label>
        <align>right</align>
        <onup>29</onup>
        <ondown>21</ondown>
        <onleft>noop</onleft>
        <onright>noop</onright>
        <textoffsetx>20</textoffsetx>
        <texturenofocus>-</texturenofocus>
      </control>
      <control type="label" description="Content Type Label">
        <left>1100</left>
        <textoffsetx>20</textoffsetx>
        <width>760</width>
        <height>62</height>
        <align>left</align>
        <label>$INFO[Control.GetLabel(20)]</label>
      </control>
      <control type="list" id="21" description="Scraper list">
        <left>705</left>
        <top>90</top>
        <width>810</width>
        <height>210</height>
        <onup>20</onup>
        <onleft>5</onleft>
        <onright>20</onright>
        <ondown>5</ondown>
        <itemlayout height="69" width="810">
          <control type="label">
            <left>30</left>
            <width>750</width>
            <height>69</height>
            <info>ListItem.Label</info>
          </control>
        </itemlayout>
        <focusedlayout height="69" width="810">
          <control type="image">
            <visible>Control.HasFocus(21)</visible>
            <top>0</top>
            <width>810</width>
            <height>69</height>
            <texture border="8">images/Buttonselect.png</texture>
          </control>
          <control type="label">
            <left>30</left>
            <width>750</width>
            <height>69</height>
            <info>ListItem.Label</info>
          </control>
        </focusedlayout>
      </control>
      <control type="image" description="Splitter">
        <left>382</left>
        <top>390</top>
        <height>1</height>
        <width>1200</width>
        <texture>images/LineL.png</texture>
      </control>
      <control type="grouplist" id="5" description="Control Area">
        <left>435</left>
        <top>410</top>
        <width>1080</width>
        <height>450</height>
        <itemgap>20</itemgap>
        <onup>21</onup>
        <ondown>22</ondown>
        <onleft>noop</onleft>
        <onright>noop</onright>
        <orientation>vertical</orientation>
      </control>
      <control type="button" id="7" description="Button Default">
        <width>1080</width>
        <align>left</align>
      </control>
      <control type="radiobutton" id="8" description="RadioButton">
        <width>1080</width>
        <align>left</align>
        <radioleft>1020</radioleft>
      </control>
      <control type="group">
        <top>72</top>
        <control type="button" id="22" description="Settings">
          <left>435</left>
          <top>723</top>
          <width>1080</width>
          <height>75</height>
          <align>left</align>
          <label>$LOCALIZE[5]</label>
          <onup>5</onup>
          <onleft>28</onleft>
          <onright>29</onright>
          <ondown>28</ondown>
        </control>
        <control type="image" description="Splitter">
          <left>415</left>
          <top>813</top>
          <height>1</height>
          <width>1120</width>
          <texture>images/LineR.png</texture>
        </control>
        <control type="button" id="28" description="OK">
          <left>510</left>
          <top>831</top>
          <width>330</width>
          <label>186</label>
          <onleft>noop</onleft>
          <onright>29</onright>
          <onup>22</onup>
          <ondown>20</ondown>
          <texturenofocus border="21">images/Black.png</texturenofocus>
        </control>
        <control type="button" id="29" description="Cancel">
          <left>1008</left>
          <top>831</top>
          <width>330</width>
          <label>222</label>
          <onleft>28</onleft>
          <onright>noop</onright>
          <onup>22</onup>
          <ondown>20</ondown>
          <texturenofocus border="21">images/Black.png</texturenofocus>
        </control>
      </control>
    </control>
    <control type="image" description="Addon Icon">
      <left>430</left>
      <top>150</top>
      <width>230</width>
      <height>230</height>
      <texture fallback="DefaultAddonNone.png">$INFO[ListItem.Icon]</texture>
      <aspectratio aligny="top">scale</aspectratio>
      <bordertexture border="3">images/ThumbBorder3.png</bordertexture>
      <bordersize>1</bordersize>
    </control>
  </controls>
</window>
