<?xml version="1.0" encoding="UTF-8"?>
<window id="146">
  <defaultcontrol always="true">300</defaultcontrol>
  <include>OpenClose</include>
  <allowoverlay>no</allowoverlay>
  <controls>
    <include>BlackBackground</include>
    <include>Header</include>
    <control type="group">
      <control type="group" description="Thumbs">
        <left>0</left>
        <top>6</top>
        <control type="image" description="Icon">
          <left>1350</left>
          <top>170</top>
          <width>495</width>
          <height>495</height>
          <aspectratio align="right" aligny="top">keep</aspectratio>
          <texture fallback="DefaultAddon.png">$INFO[ListItem.Thumb]</texture>
        </control>
      </control>
      <control type="group" description="top">
        <left>90</left>
        <top>170</top>
        <control type="label" description="Item Label">
          <top>0</top>
          <width>1125</width>
          <height>60</height>
          <textcolor>Yellow</textcolor>
          <font>Size42b</font>
          <align>left</align>
          <autoscroll time="6000" delay="8000" repeat="8000">true</autoscroll>
          <info>ListItem.Property(Addon.Name)</info>
        </control>
        <control type="label" description="summary">
          <top>75</top>
          <width>1125</width>
          <height>45</height>
          <font>size30</font>
          <textcolor>Grey2</textcolor>
          <align>left</align>
          <label>$INFO[ListItem.Property(Addon.Summary)]</label>
        </control>
        <control type="label" description="Author">
          <top>150</top>
          <width>1125</width>
          <height>45</height>
          <font>size33</font>
          <align>left</align>
          <textcolor>Silver</textcolor>
          <label>$INFO[ListItem.Property(Addon.Creator)]</label>
        </control>
        <control type="label" description="Version">
          <top>195</top>
          <width>1125</width>
          <height>45</height>
          <font>size33</font>
          <align>left</align>
          <textcolor>Silver</textcolor>
          <label>$LOCALIZE[24051] [B]$INFO[ListItem.Property(Addon.Version)][/B]</label>
        </control>
        <control type="label" description="Disclaimer">
          <top>270</top>
          <width>1125</width>
          <height>45</height>
          <font>size27</font>
          <align>left</align>
          <textcolor>Grey</textcolor>
          <label>$INFO[ListItem.Property(Addon.Disclaimer)]</label>
        </control>
        <control type="textbox" description="Plot">
          <left>0</left>
          <top>330</top>
          <width>1200</width>
          <height>336</height>
          <align>justify</align>
          <autoscroll delay="6500" time="4000" repeat="10000"></autoscroll>
          <label>$INFO[ListItem.Property(Addon.Description)]</label>
        </control>
      </control>
    </control>
    <control type="image">
      <left>0</left>
      <top>1023</top>
      <height>60</height>
      <width>1920</width>
      <aspectratio>stretch</aspectratio>
      <texture>images/BlackT.png</texture>
    </control>
    <control type="image" description="Line bott">
      <top>1002</top>
      <width>1920</width>
      <height>1</height>
      <aspectratio>stretch</aspectratio>
      <texture>images/Line.png</texture>
    </control>
    <control type="group" description="Options">
      <control type="grouplist" id="300">
        <top>1000</top>
        <width>auto</width>
        <align>center</align>
        <height>80</height>
        <itemgap>9</itemgap>
        <onleft>noop</onleft>
        <onright>noop</onright>
        <onup></onup>
        <ondown>9001</ondown>
        <orientation>horizontal</orientation>
        <control type="button" id="6" description="Install">
          <label>24038</label>
          <width>260</width>
          <texturenofocus>-</texturenofocus>
          <texturefocus>images/backfocus.png</texturefocus>
        </control>
        <control type="button" id="7" description="Disable">
          <label>24021</label>
          <width>260</width>
          <texturenofocus>-</texturenofocus>
          <texturefocus>images/backfocus.png</texturefocus>
        </control>
        <control type="button" id="8" description="update">
          <label>24069</label>
          <width>260</width>
          <texturenofocus>-</texturenofocus>
          <texturefocus>images/backfocus.png</texturefocus>
        </control>
        <control type="button" id="9" description="settings">
          <label>5</label>
          <width>260</width>
          <texturenofocus>-</texturenofocus>
          <texturefocus>images/backfocus.png</texturefocus>
        </control>
        <control type="button" id="10" description="changelog">
          <label>24054</label>
          <width>260</width>
          <texturenofocus>-</texturenofocus>
          <texturefocus>images/backfocus.png</texturefocus>
        </control>
        <control type="button" id="11" description="rollback">
          <label>$LOCALIZE[24048]</label>
          <width>260</width>
          <texturenofocus>-</texturenofocus>
          <texturefocus>images/backfocus.png</texturefocus>
        </control>
          <control type="button" id="12" description="rollback">
          <label>$LOCALIZE[335]</label>
          <width>260</width>
          <texturenofocus>-</texturenofocus>
          <texturefocus>images/backfocus.png</texturefocus>
        </control>
      </control>
    </control>
  </controls>
</window>
