<?xml version="1.0" encoding="UTF-8"?>
<window id="2002">
  <type>dialog</type>
  <defaultcontrol always="true">10</defaultcontrol>
  <allowoverlay>no</allowoverlay>
  <include>DialogOpenClose</include>
  <controls>
    <control type="group">
      <left>480</left>
      <top>360</top>
      <control type="image">
        <left>-210</left>
        <top>-150</top>
        <width>1360</width>
        <height>740</height>
        <texture border="150">images/Dialog.png</texture>
      </control>
      <control type="label" id="1" description="Heading">
        <width>960</width>
        <label>-</label>
        <font>size30B</font>
        <shadowcolor>black</shadowcolor>
        <align>center</align>
      </control>
      <control type="textbox" id="9" description="content">
        <top>75</top>
        <width>960</width>
		<height>185</height>
        <align>center</align>
        <label>-</label>
      </control>
      <control type="button" id="10" description="Ok">
        <left>330</left>
        <top>330</top>
        <width>300</width>
        <label>186</label>
        <texturenofocus border="8">images/Black.png</texturenofocus>
      </control>
    </control>
  </controls>
</window>
