<?xml version="1.0" encoding="UTF-8"?>
<window id="139">
  <defaultcontrol always="true">5</defaultcontrol>
  <allowoverlay>no</allowoverlay>
  <include>DialogOpenClose</include>
  <controls>
    <control type="image">
      <left>260</left>
      <top>-80</top>
      <width>1400</width>
      <height>1240</height>
      <texture border="150">images/Dialog.png</texture>
    </control>
    <control type="label" description="Heading">
      <left>0</left>
      <top>60</top>
      <width>1920</width>
      <label>13406</label>
      <font>size39B</font>
      <align>center</align>
    </control>
    <control type="group">
      <left>495</left>
      <top>60</top>
      <control type="list" id="5">
        <left>-30</left>
        <top>120</top>
        <width>930</width>
        <height>770</height>
        <onleft>noop</onleft>
        <onright condition="Skin.HasSetting(Scrollbars_Active)">60</onright>
        <onright condition="!Skin.HasSetting(Scrollbars_Active)">9000</onright>
        <onup>noop</onup>
        <ondown>noop</ondown>
        <pagecontrol>60</pagecontrol>
        <itemlayout height="70">
          <control type="label">
            <left>30</left>
            <height>70</height>
            <width>405</width>
            <scroll>false</scroll>
            <info>ListItem.Label</info>
          </control>
          <control type="label">
            <left>900</left>
            <height>70</height>
            <width>435</width>
            <align>right</align>
            <scroll>false</scroll>
            <font>size26</font>
            <info>ListItem.Label2</info>
          </control>
        </itemlayout>
        <focusedlayout height="70">
          <control type="image">
            <height>70</height>
            <width>930</width>
            <texture border="8">images/Buttonselect.png</texture>
          </control>
          <control type="label">
            <left>30</left>
            <height>70</height>
            <width>405</width>
            <info>ListItem.Label</info>
          </control>
          <control type="label">
            <left>900</left>
            <height>70</height>
            <width>435</width>
            <align>right</align>
            <font>size26</font>
            <info>ListItem.Label2</info>
          </control>
        </focusedlayout>
      </control>
    </control>
    <control type="scrollbar" id="60">
      <left>1446</left>
      <top>180</top>
      <height>770</height>
      <onleft>5</onleft>
      <onright>noop</onright>
    </control>
  </controls>
</window>
