<?xml version="1.0" encoding="UTF-8"?>
<window id="106">
  <defaultcontrol always="true">996</defaultcontrol>
  <allowoverlay>no</allowoverlay>
  <include>DialogOpenClose</include>
  <coordinates>
    <system>1</system>
    <origin x="668" y="80" />
  </coordinates>
  <controls>
    <control type="image" id="999" description="Background image">
      <left>-19</left>
      <top>-45</top>
      <height>1140</height>
      <width>554</width>
      <texture border="60,60,60,60">images/ContextMenu.png</texture>
    </control>
    <control type="grouplist" id="996" description="Context menu container">
      <left>18</left>
      <top>45</top>
      <width>480</width>
      <height max="960">auto</height>
      <itemgap>3</itemgap>
	  <control type="button" id="1500">
	  <visible>System.HasAddon(script.cinema.experience) + Container.Content(Movies)</visible>
	<left>-</left>
      <top>-</top>
      <width>480</width>
      <height>60</height>
      <shadowcolor>BlackT</shadowcolor>
      <focusedcolor>White2</focusedcolor>
      <texturefocus border="5">images/ContextButton.png</texturefocus>
      <texturenofocus>-</texturenofocus>
	<label>31061</label>
	<onclick>XBMC.RunScript(script.cinema.experience)</onclick>
	</control>
    </control>
    <control type="button" id="1000" description="Buttons">
      <left>-</left>
      <top>-</top>
      <width>480</width>
      <height>60</height>
      <shadowcolor>BlackT</shadowcolor>
      <focusedcolor>White2</focusedcolor>
      <texturefocus border="5">images/ContextButton.png</texturefocus>
      <texturenofocus>-</texturenofocus>
    </control>
	
  </controls>
</window>
