<?xml version="1.0" encoding="UTF-8"?>
<window id="126">
  <defaultcontrol always="true">450</defaultcontrol>
  <allowoverlay>no</allowoverlay>
  <include>OpenClose</include>
  <controls>
    <control type="group">
      <include>BlackBackground</include>
      <control type="label" id="411" description="Heading">
        <include>HeadingR</include>
        <label>-</label>
      </control>
      <control type="group" description="Group 450 No Thumbs">
        <control type="group">
          <top>142</top>
          <left>1020</left>
          <control type="group" description="Slider">
            <include>Scrollanim</include>
            <control type="group">
              <visible>Container(450).HasFocus()</visible>
              <include>slider</include>
            </control>
            <animation type="Conditional" condition="ControlGroup(9000).HasFocus()">
              <effect type="fade" start="100" end="40" time="0" reversible="true" />
            </animation>
            <animation condition="Container(450).Position(0)" effect="slide" start="0,0" end="0,-405" time="140" reversible="true">Conditional</animation>
            <animation condition="Container(450).Position(1)" effect="slide" start="0,0" end="0,-324" time="140" reversible="true">Conditional</animation>
            <animation condition="Container(450).Position(2)" effect="slide" start="0,0" end="0,-243" time="140" reversible="true">Conditional</animation>
            <animation condition="Container(450).Position(3)" effect="slide" start="0,0" end="0,-162" time="140" reversible="true">Conditional</animation>
            <animation condition="Container(450).Position(4)" effect="slide" start="0,0" end="0,-81" time="140" reversible="true">Conditional</animation>
            <animation condition="Container(450).Position(5)" effect="slide" start="0,0" end="0,0" time="140" reversible="true">Conditional</animation>
            <animation condition="Container(450).Position(6)" effect="slide" start="0,0" end="0,81" time="140" reversible="true">Conditional</animation>
            <animation condition="Container(450).Position(7)" effect="slide" start="0,0" end="0,162" time="140" reversible="true">Conditional</animation>
            <animation condition="Container(450).Position(8)" effect="slide" start="0,0" end="0,243" time="140" reversible="true">Conditional</animation>
            <animation condition="Container(450).Position(9)" effect="slide" start="0,0" end="0,324" time="140" reversible="true">Conditional</animation>
            <animation condition="Container(450).Position(10)" effect="slide" start="0,0" end="0,405" time="140" reversible="true">Conditional</animation>
          </control>
          <control type="list" id="450">
            <width>802</width>
            <height>830</height>
            <onleft>9000</onleft>
            <onright>60</onright>
            <onup>450</onup>
            <ondown>450</ondown>
            <pagecontrol>60</pagecontrol>
            <scrolltime tween="sine" easing="inout">280</scrolltime>
            <itemlayout width="802" height="81">
              <control type="image" description="arrow">
                <visible>![StringCompare(ListItem.Label,..) | SubString(Container.FolderPath,plugin://,left)]</visible>
                <top>5</top>
                <left>75r</left>
                <height>81</height>
                <width>42</width>
                <aspectratio>keep</aspectratio>
                <texture>images/ArrowNF.png</texture>
              </control>
              <control type="label" description="Main Label">
                <top>5</top>
                <include>52MainLabel</include>
                <label>$INFO[ListItem.Label]</label>
              </control>
            </itemlayout>
            <focusedlayout width="802" height="81">
              <control type="image" description="arrow">
                <visible>![StringCompare(ListItem.Label,..) | SubString(Container.FolderPath,plugin://,left)]</visible>
                <animation effect="fade" start="30" end="100" time="150" delay="250">Focus</animation>
                <top>5</top>
                <left>75r</left>
                <height>81</height>
                <width>42</width>
                <aspectratio>keep</aspectratio>
                <texture>images/ArrowFO.png</texture>
              </control>
              <control type="label" description="Main Label">
                <top>5</top>
                <include>52MainLabelFO</include>
                <label>$INFO[ListItem.Label]</label>
              </control>
            </focusedlayout>
          </control>
        </control>
      </control>
    </control>
    <control type="group" description="Group 451 Thumbs">
      <visible>Control.HasFocus(451)</visible>
      <include>BlackBackground</include>
      <control type="group" description="Slider and List">
        <left>1020</left>
        <top>131</top>
        <control type="list" id="451">
          <left>0</left>
          <top>0</top>
          <width>802</width>
          <height>885</height>
          <onleft>9000</onleft>
          <onright condition="Skin.HasSetting(Scrollbars_Active)">60</onright>
          <onup>451</onup>
          <ondown>451</ondown>
          <pagecontrol>60</pagecontrol>
          <focusposition>3</focusposition>
          <movement>4</movement>
          <scrolltime tween="sine" easing="inout">280</scrolltime>
          <itemlayout width="802" height="111">
            <control type="image">
              <height>111</height>
              <width>111</width>
              <bordersize>6</bordersize>
              <texture>$INFO[ListItem.Icon]</texture>
              <aspectratio>keep</aspectratio>
            </control>
            <control type="label" description="Main Label">
              <visible>!StringCompare(ListItem.Label,..)</visible>
              <scroll>false</scroll>
              <textcolor>White</textcolor>
              <left>135</left>
              <height>111</height>
              <width>600</width>
              <label>$INFO[ListItem.Label]</label>
            </control>
          </itemlayout>
          <focusedlayout width="802" height="111">
            <include>ArrowFO</include>
            <control type="image">
              <left>0</left>
              <top>0</top>
              <height>111</height>
              <width>111</width>
              <bordersize>6</bordersize>
              <texture>$INFO[ListItem.Icon]</texture>
              <aspectratio>keep</aspectratio>
            </control>
            <control type="label" description="Main Label">
              <textcolor>White2</textcolor>
              <left>135</left>
              <height>111</height>
              <width>600</width>
              <label>$INFO[ListItem.Label]</label>
            </control>
          </focusedlayout>
        </control>
        <control type="group" description="Slider">
          <control type="group">
            <visible>Container(451).HasFocus()</visible>
            <include>Scrollanim</include>
            <include>Slider2</include>
          </control>
          <animation condition="Container(451).Position(0)" effect="slide" start="0,0" end="0,-333" time="180" easing="inout" reversible="true">Conditional</animation>
          <animation condition="Container(451).Position(1)" effect="slide" start="0,0" end="0,-222" time="180" easing="inout" reversible="true">Conditional</animation>
          <animation condition="Container(451).Position(2)" effect="slide" start="0,0" end="0,-111" time="180" easing="inout" reversible="true">Conditional</animation>
          <animation condition="Container(451).Position(3)" effect="slide" start="0,0" end="0,0" time="180" easing="inout" reversible="true">Conditional</animation>
          <animation condition="Container(451).Position(4)" effect="slide" start="0,0" end="0,111" time="180" easing="inout" reversible="true">Conditional</animation>
          <animation condition="Container(451).Position(5)" effect="slide" start="0,0" end="0,222" time="180" easing="inout" reversible="true">Conditional</animation>
          <animation condition="Container(451).Position(6)" effect="slide" start="0,0" end="0,333" time="180" easing="inout" reversible="true">Conditional</animation>
          <animation condition="Container(451).Position(7)" effect="slide" start="0,0" end="0,444" time="180" easing="inout" reversible="true">Conditional</animation>
          <animation condition="Container(451).Position(8)" effect="slide" start="0,0" end="0,555" time="180" easing="inout" reversible="true">Conditional</animation>
        </control>
      </control>
    </control>
    <control type="group" description="Thumbs">
      <left>110</left>
      <top>215</top>
      <control type="image" description="Item Thumb">
        <visible>!SubString(Control.GetLabel(416),*)</visible>
        <width>765</width>
        <height>650</height>
        <fadetime>200</fadetime>
        <texture>$INFO[ListItem.Icon]</texture>
        <aspectratio>keep</aspectratio>
      </control>
      <control type="image" description="Item Thumb">
        <visible>SubString(Control.GetLabel(416),*)</visible>
        <width>765</width>
        <height>650</height>
        <fadetime>200</fadetime>
        <texture flipx="true">$INFO[ListItem.Icon]</texture>
        <aspectratio>keep</aspectratio>
      </control>
    </control>
    <control type="group" description="Side menu 9000 group">
      <visible allowhiddenfocus="true">ControlGroup(9000).HasFocus()</visible>
      <include>DialogOpenCloseVisible</include>
      <control type="image" description="List back">
        <left>459</left>
        <top>168</top>
        <width>1002</width>
        <height>687</height>
        <aspectratio>stretch</aspectratio>
        <texture border="150">images/Dialog.png</texture>
      </control>
      <control type="grouplist" id="9000">
        <onleft>450</onleft>
        <onright>450</onright>
        <include>DialogGLs</include>
        <control type="button" id="413" description="Ok">
          <include>DialogButt</include>
          <label>186</label>
        </control>
        <control type="button" id="414" description="Cancel">
          <include>DialogButt</include>
          <label>222</label>
        </control>
        <control type="button" id="415" description="Create folder">
          <include>DialogButt</include>
          <label>119</label>
        </control>
        <control type="radiobutton" id="416" description="Horizontal Flip">
          <radioleft>630</radioleft>
          <include>DialogButt</include>
          <label>$LOCALIZE[749]</label>
        </control>
      </control>
    </control>
    <control type="label" id="412" description="Main Label">
      <left>30</left>
      <top>1029</top>
      <height>45</height>
      <width>1050</width>
      <scroll>false</scroll>
      <haspath>true</haspath>
      <font>size22</font>
      <textcolor>Grey</textcolor>
      <label>$INFO[ListItem.Label]</label>
    </control>
    <control type="scrollbar" id="60">
      <left>51r</left>
      <top>147</top>
      <height>882</height>
      <onleft>450</onleft>
      <onright>9000</onright>
    </control>
  </controls>
</window>
