<?xml version="1.0" encoding="UTF-8"?>
<includes>
    <include file="Includes_Variables.xml" />
    <include file="Defaults.xml" />
    <include file="CommonViews.xml" />
    <include file="Videoviews.xml" />
    <include file="Musicviews.xml" />
    <include file="Programviews.xml" />
    <include file="Includes_Home.xml" />
    <include file="Includes_Shelf.xml" />
    <include name="VisibleFade">
        <animation effect="fade" start="0" end="100" time="200">VisibleChange</animation>
    </include>
    <include name="OpenClose">
        <animation effect="fade" time="150">WindowOpen</animation>
        <animation effect="fade" time="150">WindowClose</animation>
    </include>
    <include name="DialogOpenClose">
        <animation type="WindowOpen">
            <effect type="fade" start="0" end="100" time="240" />
            <effect type="zoom" tween="cubic" easing="out" start="30" end="100" center="960,540" time="240" />
        </animation>
        <animation type="WindowClose">
            <effect type="fade" start="100" end="0" time="140" />
            <effect type="zoom" tween="cubic" easing="in" start="100" end="30" center="960,540" time="140" />
        </animation>
    </include>
    <include name="DialogOpenCloseVisible">
        <animation type="Visible">
            <effect type="fade" start="0" end="100" time="240" />
            <effect type="zoom" tween="cubic" easing="out" start="30" end="100" center="960,340" time="240" />
        </animation>
        <animation type="Hidden">
            <effect type="fade" start="100" end="0" time="140" />
            <effect type="zoom" tween="cubic" easing="in" start="100" end="30" center="960,340" time="140" />
        </animation>
    </include>
    <include name="Fanart_Fade">
        <fadetime>320</fadetime>
        <animation effect="fade" time="320">Visible</animation>
        <animation effect="fade" time="280">Hidden</animation>
    </include>
    <include name="Icon_Fade">
        <fadetime>200</fadetime>
        <animation effect="fade" time="200">Visible</animation>
        <animation effect="fade" time="100">Hidden</animation>
    </include>
    <include name="HiddenButton">
        <left>-30</left>
        <top>-30</top>
        <width>1</width>
        <height>1</height>
        <label>-</label>
        <texturenofocus>-</texturenofocus>
        <texturefocus>-</texturefocus>
    </include>
    <include name="Heading">
        <left>330</left>
        <top>0</top>
        <align>center</align>
        <aligny>center</aligny>
        <width>1260</width>
        <height>75</height>
        <textcolor>White2</textcolor>
        <font>size42</font>
    </include>
    <include name="HeadingL">
        <left>60</left>
        <top>20</top>
        <align>left</align>
        <aligny>center</aligny>
        <width>1260</width>
        <height>45</height>
        <textcolor>White2</textcolor>
        <font>size42</font>
    </include>
    <include name="HeadingR">
        <left>960</left>
        <top>60</top>
        <width>930</width>
        <height>75</height>
        <align>center</align>
        <aligny>bottom</aligny>
        <textcolor>White2</textcolor>
        <font>size42</font>
    </include>
    <include name="Dimensions_Fullscreen">
        <left>0</left>
        <top>0</top>
        <width>1920</width>
        <height>1080</height>
    </include>
    <include name="Header">
        <control type="group">
            <visible>![Window.IsActive(home) | Window.IsActive(LoginScreen.xml)]</visible>
            <control type="label" description="Clock other windows">
                <visible>Skin.HasSetting(ShowClock)</visible>
                <left>30r</left>
                <top>3</top>
                <width>195</width>
                <height>75</height>
                <align>right</align>
                <aligny>center</aligny>
                <font>size33B</font>
                <textcolor>White</textcolor>
                <label>$INFO[System.Time]</label>
            </control>
            <control type="label" description="Heading">
                <left>0</left>
                <top>0</top>
                <align>center</align>
                <aligny>center</aligny>
                <width>1920</width>
                <height>75</height>
                <textcolor>White2</textcolor>
                <font>size42</font>
                <label>$VAR[RootLabel]</label>
            </control>
        </control>
    </include>
    <include name="Clock">
        <control type="label" description="Clock no title">
            <visible>![Window.IsActive(home) | Window.IsActive(LoginScreen.xml)]</visible>
            <visible>Skin.HasSetting(ShowClock)</visible>
            <left>0</left>
            <top>0</top>
            <width>1920</width>
            <height>75</height>
            <align>center</align>
            <aligny>center</aligny>
            <font>size36B</font>
            <textcolor>White</textcolor>
            <label>$INFO[System.Time] $INFO[System.Date]</label>
        </control>
    </include>
    <include name="WindowsTopInfos">
        <control type="group">
            <control type="label" description="Clock">
                <visible>Skin.HasSetting(ShowClock)</visible>
                <right>50</right>
                <top>3</top>
                <width>195</width>
                <height>75</height>
                <align>right</align>
                <aligny>center</aligny>
                <font>size33B</font>
                <textcolor>White</textcolor>
                <label>$INFO[System.Time]</label>
            </control>
        </control>
        <control type="grouplist">
            <visible>![Control.IsVisible(52) | Control.IsVisible(53) | Control.IsVisible(55) | Control.IsVisible(58) | Control.IsVisible(500) | Control.IsVisible(510) | Control.IsVisible(501) | Control.IsVisible(502) | [Window.IsActive(myPVR) + Control.IsVisible(10)] | [Window.IsActive(myPVR) + Control.IsVisible(14)]]</visible>
            <left>990</left>
            <top>60</top>
            <width>870</width>
            <height>75</height>
            <align>center</align>
            <aligny>bottom</aligny>
            <orientation>horizontal</orientation>
            <control type="label" id="7777" description="Heading">
                <width min="60" max="750">auto</width>
                <height>75</height>
                <font>Size42</font>
                <textcolor>White2</textcolor>
                <scroll>false</scroll>
                <label>$VAR[RootLabel]</label>
            </control>
            <control type="label" description="Number of files">
                <visible>!IsEmpty(Control.GetLabel(7777))</visible>
                <width min="60" max="120">auto</width>
                <height>81</height>
                <font>size26</font>
                <textcolor>Grey</textcolor>
                <label>$INFO[Container.NumItems,  (,)]</label>
            </control>
        </control>
        <control type="grouplist">
            <visible>Control.IsVisible(52) | Control.IsVisible(58) | Control.IsVisible(500) | Control.IsVisible(501) | Control.IsVisible(510) | Control.IsVisible(502) | [Window.IsActive(myPVR) + Control.IsVisible(10)] | [Window.IsActive(myPVR) + Control.IsVisible(14)]</visible>
            <left>33</left>
            <top>0</top>
            <width>1230</width>
            <height>75</height>
            <align>left</align>
            <aligny>bottom</aligny>
            <orientation>horizontal</orientation>
            <control type="label" id="7777" description="Heading">
                <width min="60" max="1080">auto</width>
                <height>75</height>
                <font>size42</font>
                <textcolor>White2</textcolor>
                <scroll>false</scroll>
                <label>$VAR[RootLabel]</label>
            </control>
            <control type="label" description="Number of files">
                <visible>!IsEmpty(Control.GetLabel(7777))</visible>
                <width min="60" max="120">auto</width>
                <height>81</height>
                <font>size26</font>
                <textcolor>Grey</textcolor>
                <label>$INFO[Container.NumItems,  (,)]</label>
            </control>
        </control>
        <control type="group" description="Scroll letter">
            <visible>Container.Scrolling + !Control.IsVisible(53) + !Control.IsVisible(500)</visible>
            <animation effect="fade" start="0" end="100" time="50" delay="0" reversible="false">Visible</animation>
            <animation effect="fade" start="100" end="0" time="150" delay="250" reversible="false">Hidden</animation>
            <control type="image">
                <left>1388</left>
                <top>975</top>
                <width>81</width>
                <height>81</height>
                <texture border="12">images/SortLetterBG.png</texture>
            </control>
            <control type="label">
                <left>1388</left>
                <top>975</top>
                <width>81</width>
                <height>81</height>
                <align>center</align>
                <font>size38</font>
                <label>$INFO[ListItem.SortLetter]</label>
            </control>
        </control>
        <control type="group" description="Scroll letter">
            <visible>Container.Scrolling + Control.IsVisible(500) + Control.HasFocus(60)</visible>
            <animation effect="fade" start="0" end="100" time="50" delay="0" reversible="false">Visible</animation>
            <animation effect="fade" start="100" end="0" time="150" delay="250" reversible="false">Hidden</animation>
            <control type="image">
                <left>920</left>
                <top>975</top>
                <width>81</width>
                <height>81</height>
                <texture border="12">images/SortLetterBG.png</texture>
            </control>
            <control type="label">
                <left>920</left>
                <top>975</top>
                <width>81</width>
                <height>81</height>
                <align>center</align>
                <font>size38</font>
                <label>$INFO[ListItem.SortLetter]</label>
            </control>
        </control>
        <control type="group" description="Scroll letter">
            <visible>Container.Scrolling + Control.IsVisible(53)</visible>
            <animation effect="fade" start="0" end="100" time="50" delay="0" reversible="false">Visible</animation>
            <animation effect="fade" start="100" end="0" time="150" delay="250" reversible="false">Hidden</animation>
            <control type="image">
                <left>1800</left>
                <top>499</top>
                <width>81</width>
                <height>81</height>
                <texture border="12">images/SortLetterBG.png</texture>
            </control>
            <control type="label">
                <left>1800</left>
                <top>499</top>
                <width>81</width>
                <height>81</height>
                <align>center</align>
                <font>size38</font>
                <label>$INFO[ListItem.SortLetter]</label>
            </control>
        </control>

        <!--DA FARE-->
        <control type="group" description="Player Info">
            <visible>!Control.HasFocus(340) + Player.HasMedia + ![Window.IsActive(DialogBusy.xml) | Window.IsActive(VideoFullscreen.xml) | Window.IsActive(myPVR.xml)]</visible>
            <visible>!IntegerGreaterThan(Player.Time,8) | !IntegerGreaterThan(Player.TimeRemaining,8)</visible>
            <include>VisibleFade</include>
            <left>15</left>
            <top>960</top>
            <control type="image" description="Playing BG">
                <width>390</width>
                <height>105</height>
                <texture border="14">musicOSD/back.png</texture>
            </control>
            <control type="group">
                <control type="image">
                    <left>15</left>
                    <top>15</top>
                    <width>75</width>
                    <height>75</height>
                    <texture>$INFO[MusicPlayer.Cover]</texture>
                    <aspectratio>keep</aspectratio>
                </control>
                <control type="image">
                    <left>15</left>
                    <top>15</top>
                    <width>75</width>
                    <height>75</height>
                    <texture>$INFO[VideoPlayer.Cover]</texture>
                    <aspectratio>keep</aspectratio>
                </control>
                <control type="label">
                    <left>105</left>
                    <top>9</top>
                    <aligny>center</aligny>
                    <width>261</width>
                    <height>36</height>
                    <font>size24</font>
                    <textcolor>White2</textcolor>
                    <label>$INFO[MusicPlayer.Title]</label>
                </control>
                <control type="label">
                    <left>105</left>
                    <top>36</top>
                    <aligny>center</aligny>
                    <width>261</width>
                    <height>36</height>
                    <font>size21</font>
                    <label>$INFO[MusicPlayer.Artist]</label>
                </control>
                <control type="label">
                    <left>105</left>
                    <top>60</top>
                    <aligny>center</aligny>
                    <width>261</width>
                    <height>36</height>
                    <font>size21</font>
                    <label>$INFO[MusicPlayer.Album]</label>
                </control>
                <control type="label">
                    <left>105</left>
                    <top>9</top>
                    <aligny>center</aligny>
                    <width>261</width>
                    <height>36</height>
                    <font>size24</font>
                    <textcolor>White2</textcolor>
                    <label>$INFO[VideoPlayer.Title]</label>
                </control>
                <control type="label">
                    <left>105</left>
                    <top>36</top>
                    <aligny>center</aligny>
                    <width>261</width>
                    <height>36</height>
                    <font>size21</font>
                    <label>$INFO[VideoPlayer.Artist]</label>
                </control>
                <control type="label">
                    <left>105</left>
                    <top>60</top>
                    <aligny>center</aligny>
                    <width>261</width>
                    <height>36</height>
                    <font>size21</font>
                    <label>$INFO[VideoPlayer.Album]</label>
                </control>
            </control>
        </control>
    </include>
    <include name="OSDbarIcons">
        <width>68</width>
        <height>68</height>
        <aspectratio aligny="center" align="left">keep</aspectratio>
    </include>
    <include name="OSDbarIcons3D">
        <width>34</width>
        <height>68</height>
        <aspectratio aligny="center" align="left">stretch</aspectratio>
    </include>
    <include name="BlackBackground">
        <control type="image" description="Default BG">
            <width>1920</width>
            <height>1080</height>
            <texture>images/Black.png</texture>
        </control>
    </include>
    <include name="SettingsClock">
        <control type="label" id="7777" description="Heading">
            <left>990</left>
            <top>60</top>
            <width>900</width>
            <height>75</height>
            <font>size42</font>
            <textcolor>White2</textcolor>
            <align>center</align>
            <scroll>false</scroll>
            <label>$VAR[RootLabel]</label>
        </control>
        <control type="label" description="Clock no title">
            <visible>![Window.IsActive(home) | Window.IsActive(LoginScreen.xml)]</visible>
            <visible>Skin.HasSetting(ShowClock)</visible>
            <left>33r</left>
            <top>3</top>
            <width>195</width>
            <height>75</height>
            <align>right</align>
            <aligny>center</aligny>
            <font>size33B</font>
            <textcolor>White</textcolor>
            <label>$INFO[System.Time]</label>
        </control>
    </include>
    <include name="PVRinfos">
        <control type="image">
            <description>background image</description>
            <left>-170</left>
            <top>-150</top>
            <width>1460</width>
            <height>800</height>
            <texture border="150">images/Dialog.png</texture>
            <visible>![Window.IsVisible(FullscreenVideo) | Window.IsVisible(Visualisation)]</visible>
        </control>
        <control type="image">
            <top>110</top>
            <width>1160</width>
            <height>1</height>
            <texture>images/Line.png</texture>
        </control>
        <control type="image">
            <left>0</left>
            <top>370</top>
            <width>1160</width>
            <height>1</height>
            <texture>images/Line.png</texture>
        </control>
        <control type="label">
            <description>header label</description>
            <left>20</left>
            <top>0</top>
            <width>1100</width>
            <height>30</height>
            <font>size26</font>
            <label>$LOCALIZE[19047]</label>
            <align>center</align>
            <aligny>center</aligny>
            <textcolor>White</textcolor>
        </control>
        <control type="label">
            <description>Title label</description>
            <left>20</left>
            <top>40</top>
            <width>1100</width>
            <height>30</height>
            <font>size33B</font>
            <label>$INFO[ListItem.Title]</label>
            <align>center</align>
            <aligny>center</aligny>
            <textcolor>Yellow</textcolor>
            <shadowcolor>black</shadowcolor>
        </control>
        <control type="label">
            <description>Start time</description>
            <left>20</left>
            <top>75</top>
            <width>1100</width>
            <height>25</height>
            <align>center</align>
            <aligny>center</aligny>
            <font>Size26</font>
            <textcolor>Grey</textcolor>
            <label>$LOCALIZE[142] $INFO[ListItem.StartTime]</label>
        </control>
        <control type="textbox" id="400">
            <description>Plot value</description>
            <left>20</left>
            <top>110</top>
            <width>1080</width>
            <height>260</height>
            <font>size26</font>
            <align>justify</align>
            <textcolor>white</textcolor>
            <pagecontrol>-</pagecontrol>
            <label fallback="161">$INFO[ListItem.Plot]</label>
        </control>
        <control type="label">
            <description>Duration</description>
            <left>60</left>
            <top>390</top>
            <width>1000</width>
            <height>25</height>
            <align>center</align>
            <font>size26</font>
            <textcolor>Grey</textcolor>
            <label>$LOCALIZE[552]: $INFO[ListItem.StartDate] / $LOCALIZE[19148]: $INFO[ListItem.ChannelName]</label>
        </control>
        <control type="label">
            <description>Duration</description>
            <left>60</left>
            <top>420</top>
            <width>1000</width>
            <height>25</height>
            <align>center</align>
            <font>size26</font>
            <textcolor>Grey</textcolor>
            <label>$LOCALIZE[180]: $INFO[ListItem.Duration] / $LOCALIZE[135]: $INFO[ListItem.Genre]</label>
        </control>
    </include>
    <include name="PVRsidemenu">
        <control type="group" description="Side menu 9000 group">
            <visible allowhiddenfocus="true">ControlGroup(9000).HasFocus()</visible>
            <include>DialogOpenCloseVisible</include>
            <control type="image" description="List back">
                <centerleft>960</centerleft>
                <top>50</top>
                <width>1002</width>
                <height>1050</height>
                <aspectratio>stretch</aspectratio>
                <texture border="150">images/Dialog.png</texture>
            </control>
            <control type="grouplist" id="9000">
                <centerleft>960</centerleft>
                <top>200</top>
                <height>1000</height>
                <include>DialogGLs</include>
                <control type="button" id="3">
                    <visible>!Window.IsActive(TVGuide)</visible>
                    <description>Sort by button</description>
                    <include>DialogButt</include>
                    <label>103</label>
                </control>
                <control type="togglebutton" id="4">
                    <visible>!Window.IsActive(TVGuide)</visible>
                    <description>Sort asc</description>
                    <include>DialogButt</include>
                    <label>584</label>
                    <altlabel>585</altlabel>
                    <usealttexture>Container.SortDirection(Ascending)</usealttexture>
                </control>
                <control type="radiobutton" id="5">
                    <description>Group recording items by folder structure</description>
                    <left>0</left>
                    <right>40</right>
                    <include>DialogButt</include>
                    <label>19270</label>
                    <visible>Window.IsActive(TVRecordings) | Window.IsActive(RadioRecordings)</visible>
                </control>
                <control type="button" id="31">
                    <description>TV Guide</description>
                    <include>DialogButt</include>
                    <onclick condition="Window.IsActive(TVGuide) | Window.IsActive(RadioGuide)">noop</onclick>
                    <onclick condition="IsEmpty(Window.Property(IsRadio))">ActivateWindow(TVGuide)</onclick>
                    <onclick condition="!IsEmpty(Window.Property(IsRadio))">ActivateWindow(RadioGuide)</onclick>
                    <label>22020</label>
                </control>
                <control type="button" id="32">
                    <description>TV Channels</description>
                    <include>DialogButt</include>
                    <onclick condition="Window.IsActive(TVChannels) | Window.IsActive(RadioChannels)">noop</onclick>
                    <onclick condition="IsEmpty(Window.Property(IsRadio))">ActivateWindow(TVChannels)</onclick>
                    <onclick condition="!IsEmpty(Window.Property(IsRadio))">ActivateWindow(RadioChannels)</onclick>
                    <label>19023</label>
                </control>
                <control type="button" id="34">
                    <description>Recordings</description>
                    <include>DialogButt</include>
                    <onclick condition="IsEmpty(Window.Property(IsRadio))">ActivateWindow(TVRecordings)</onclick>
                    <onclick condition="!IsEmpty(Window.Property(IsRadio))">ActivateWindow(RadioRecordings)</onclick>
                    <label>19163</label>
                </control>
                <control type="button" id="35">
                    <description>Timers</description>
                    <include>DialogButt</include>
                    <onclick condition="IsEmpty(Window.Property(IsRadio))">ActivateWindow(TVTimers)</onclick>
                    <onclick condition="!IsEmpty(Window.Property(IsRadio))">ActivateWindow(RadioTimers)</onclick>
                    <label>19040</label>
                </control>
                <control type="button" id="36">
                    <description>Search</description>
                    <include>DialogButt</include>
                    <onclick condition="IsEmpty(Window.Property(IsRadio))">ActivateWindow(TVSearch)</onclick>
                    <onclick condition="!IsEmpty(Window.Property(IsRadio))">ActivateWindow(RadioSearch)</onclick>
                    <label>137</label>
                </control>
                <control type="button" id="28">
                    <description>Channel Groups</description>
                    <left>0</left>
                    <right>40</right>
                    <include>DialogButt</include>
                    <label>-</label>
                </control>
                <control type="radiobutton" id="600" description="EPG">
                    <visible>Window.IsActive(MyPVRGuide.xml)</visible>
                    <include>DialogButt</include>
                    <onclick>Container.SetViewMode(10)</onclick>
                    <selected>Control.IsVisible(10)</selected>
                    <label>EPG</label>
                </control>
                <control type="radiobutton" id="602" description="Now">
                    <visible>Window.IsActive(MyPVRGuide.xml)</visible>
                    <include>DialogButt</include>
                    <onclick>Container.SetViewMode(11)</onclick>
                    <selected>Control.IsVisible(11) + !Control.IsVisible(10)</selected>
                    <label>19030</label>
                </control>
                <control type="radiobutton" id="603" description="Next">
                    <visible>Window.IsActive(MyPVRGuide.xml)</visible>
                    <include>DialogButt</include>
                    <onclick>Container.SetViewMode(12)</onclick>
                    <selected>Control.IsVisible(12) + !Control.IsVisible(10)</selected>
                    <label>19031</label>
                </control>
            </control>
        </control>
    </include>
    <include name="BigListTitle">
        <left>128</left>
        <top>12</top>
        <height>50</height>
        <width>720</width>
        <aligny>center</aligny>
        <font>size30</font>
        <scroll>false</scroll>
        <textcolor>gray</textcolor>
    </include>
    <include name="BigListDetails">
        <left>128</left>
        <top>63</top>
        <height>33</height>
        <width>350</width>
        <font>size27</font>
        <scroll>false</scroll>
    </include>
</includes>
