<?xml version="1.0" encoding="UTF-8"?>
<window>
    <views>13</views>
    <defaultcontrol>13</defaultcontrol>
    <allowoverlay>no</allowoverlay>
    <backgroundcolor>background</backgroundcolor>
    <include>OpenClose</include>
    <controls>
        <include>BlackBackground</include>
        <control type="label" id="29">
            <description>passes the values up one level</description>
            <visible>False</visible>
        </control>
        <control type="label" id="30">
            <description>passes the values up one level</description>
            <visible>False</visible>
        </control>
        <control type="group">
            <description>Small Media Window</description>
            <include>Icon_Fade</include>
            <control type="image">
                <visible>!Player.HasMedia</visible>
                <left>120</left>
                <top>80</top>
                <width>760</width>
                <height>495</height>
                <texture>pvr/tvset.png</texture>
            </control>
            <control type="videowindow">
                <left>120</left>
                <top>80</top>
                <width>760</width>
                <height>495</height>
                <visible>Player.HasVideo</visible>
            </control>
            <control type="visualisation">
                <left>120</left>
                <top>80</top>
                <width>760</width>
                <height>495</height>
                <visible>Player.HasAudio</visible>
            </control>
        </control>
        <control type="group" id="50">
            <include>OpenClose</include>
            <control type="group">
            <include>VisibleFade</include>
            <visible>Control.IsVisible(13)</visible>
            <include>left_Panel_livetv</include>
            <control type="group">
                <include>LargeListItemCount</include>
                <left>1020</left>
                <top>131</top>
                <control type="fixedlist" id="13">
                    <width>802</width>
                    <height>888</height>
                    <onleft>9000</onleft>
                    <onright condition="!Skin.HasSetting(Scrollbars_Passive)">60</onright>
                    <onright condition="Skin.HasSetting(Scrollbars_Passive)">noop</onright>
                    <onup>13</onup>
                    <ondown>13</ondown>
                    <pagecontrol>60</pagecontrol>
                    <viewtype label="537">Big List</viewtype>
                    <focusposition>3</focusposition>
                    <movement>4</movement>
                    <preloaditems>4</preloaditems>
                    <scrolltime>250</scrolltime>
                    <itemlayout width="802" height="111">
                        <include>Watched_Marks</include>
                        <include>HD_BadgeLW</include>
                        <control type="group">
                            <control type="label" description="Main Label">
                                <visible>!IntegerGreaterThan(ListItem.VideoResolution,700)</visible>
                                <left>63</left>
                                <width>717</width>
                                <include>BigListTitle</include>
                                <label>$INFO[ListItem.label]</label>
                            </control>
                            <control type="label" description="Main Label">
                                <visible>IntegerGreaterThan(ListItem.VideoResolution,700)</visible>
                                <left>63</left>
                                <width>630</width>
                                <include>BigListTitle</include>
                                <label>$INFO[ListItem.label]</label>
                            </control>
                        </control>
                        <control type="label" description="Label2">
                            <left>45</left>
                            <include>BigListDetails</include>
                            <label>$INFO[ListItem.Date]</label>
                        </control>
                        <control type="image">
                            <width>802</width>
                            <height>1</height>
                            <texture>lines/Line.png</texture>
                        </control>
                    </itemlayout>
                    <focusedlayout width="802" height="111">
                        <control type="image" description="selector">
                            <animation effect="fade" end="0" time="30">UnFocus</animation>
                            <width>802</width>
                            <height>111</height>
                            <texture>images/buttonselect1.png</texture>
                            <colordiffuse>445555FF</colordiffuse>
                        </control>
                        <include>Watched_Marks</include>
                        <include>HD_BadgeLW</include>
                        <control type="group">
                            <control type="label" description="Main Label">
                                <visible>!IntegerGreaterThan(ListItem.VideoResolution,700)</visible>
                                <left>63</left>
                                <width>717</width>
                                <include>BigListTitle</include>
                                <label>$INFO[ListItem.label]</label>
                            </control>
                            <control type="label" description="Main Label">
                                <visible>IntegerGreaterThan(ListItem.VideoResolution,700)</visible>
                                <left>63</left>
                                <width>630</width>
                                <include>BigListTitle</include>
                                <label>$INFO[ListItem.label]</label>
                            </control>
                        </control>
                        <control type="label" description="Label2">
                            <left>45</left>
                            <include>BigListDetails</include>
                            <label>$INFO[ListItem.Date]</label>
                        </control>
                        <control type="image">
                            <width>802</width>
                            <height>1</height>
                            <texture>lines/Line.png</texture>
                        </control>
                    </focusedlayout>
                </control>
            </control>
            <control type="image">
                <left>1020</left>
                <width>1</width>
                <height>1080</height>
                <texture>lines/LineV.png</texture>
            </control>
            <control type="scrollbar" id="60">
                <left>39r</left>
                <top>135</top>
                <height>870</height>
                <onleft>13</onleft>
                <onright>noop</onright>
            </control>
            <control type="label">
                <description>Page Count Label</description>
                <left>40r</left>
                <top>53r</top>
                <width>500</width>
                <height>20</height>
                <font>font12</font>
                <textcolor>gray</textcolor>
                <scroll>false</scroll>
                <align>right</align>
                <aligny>center</aligny>
                <label>$LOCALIZE[31000] ([COLOR=White]$INFO[Container(13).CurrentPage]/$INFO[Container(13).NumPages][/COLOR])</label>
            </control>
        </control>
        </control>


        <include>WindowsTopInfos</include>
        <include>PVRsidemenu</include>

    </controls>
</window>
