<?xml version="1.0" encoding="UTF-8"?>
<includes>
    <include name="Videoviews">
        <!--SMALL LIST-->
        <control type="group" description="List">
            <visible>Control.IsVisible(50)</visible>
            <include>left_Panel_plain</include>
            <control type="group" description="Slider and List">
                <include>SlimListItemCount</include>
                <left>1020</left>
                <top>131</top>
                <include>SlimListSlider</include>
                <control type="fixedlist" id="50">
                    <width>802</width>
                    <height>891</height>
                    <onleft condition="!Skin.HasSetting(ViewsMenuOff)">9000</onleft>
                    <onleft condition="Skin.HasSetting(ViewsMenuOff)">noop</onleft>
                    <onright condition="Skin.HasSetting(Scrollbars_Active)">60</onright>
                    <onright condition="!Skin.HasSetting(Scrollbars_Active)">noop</onright>
                    <onup>50</onup>
                    <ondown>50</ondown>
                    <pagecontrol>60</pagecontrol>
                    <viewtype label="535">List</viewtype>
                    <focusposition>5</focusposition>
                    <movement>5</movement>
                    <preloaditems>4</preloaditems>
                    <scrolltime>250</scrolltime>
                    <itemlayout condition="SubString(Container.FolderPath,plugin://,left)" width="802" height="81">
                        <control type="label" description="Main Label">
                            <width>720</width>
                            <include>52MainLabel</include>
                            <label>$INFO[ListItem.Label]</label>
                        </control>
                    </itemlayout>
                    <focusedlayout condition="SubString(Container.FolderPath,plugin://,left)" width="802" height="81">
                        <control type="label" description="Main Label">
                            <width>720</width>
                            <include>52MainLabelFO</include>
                            <label>$INFO[ListItem.Label]</label>
                        </control>
                    </focusedlayout>
                    <itemlayout width="802" height="81">
                        <include>Watched_Marks</include>
                        <include>HD_Badge</include>
                        <include>ArrowNF</include>
                        <control type="label" description="Main Label">
                            <visible>IntegerGreaterThan(ListItem.VideoResolution,700) | ListItem.IsFolder</visible>
                            <include>52MainLabel</include>
                            <label>$INFO[ListItem.Label]</label>
                        </control>
                        <control type="label" description="Main Label">
                            <visible>![IntegerGreaterThan(ListItem.VideoResolution,700) | ListItem.IsFolder]</visible>
                            <width>711</width>
                            <include>52MainLabel</include>
                            <label>$INFO[ListItem.Label]</label>
                        </control>
                        <control type="label" description="Label2">
                            <visible>container.content(songs) | container.content(musicvideos)</visible>
                            <include>52Label2</include>
                            <label>$INFO[ListItem.Duration]</label>
                        </control>
                    </itemlayout>
                    <focusedlayout width="802" height="81">
                        <include>Watched_Marks</include>
                        <include>HD_Badge</include>
                        <include>ArrowFO</include>
                        <control type="label" description="Main Label">
                            <visible>IntegerGreaterThan(ListItem.VideoResolution,700) | ListItem.IsFolder</visible>
                            <include>52MainLabelFO</include>
                            <label>$INFO[ListItem.Label]</label>
                        </control>
                        <control type="label" description="Main Label">
                            <visible>![IntegerGreaterThan(ListItem.VideoResolution,700) | ListItem.IsFolder]</visible>
                            <width>711</width>
                            <include>52MainLabelFO</include>
                            <label>$INFO[ListItem.Label]</label>
                        </control>
                        <control type="label" description="Label2">
                            <visible>container.content(songs) | container.content(musicvideos)</visible>
                            <include>52Label2FO</include>
                            <label>$INFO[ListItem.Duration]</label>
                        </control>
                    </focusedlayout>
                </control>
            </control>
            <include>ListFade</include>
            <control type="scrollbar" id="60">
                <left>39r</left>
                <top>135</top>
                <height>870</height>
                <onright>noop</onright>
                <onleft>50</onleft>
            </control>
        </control>
        <!--LISTA GRANDE -->
        <control type="group" description="BigList">
            <visible>Control.IsVisible(51)</visible>
            <include>left_Panel</include>
            <control type="group">
                <include>LargeListItemCount</include>
                <left>1020</left>
                <top>131</top>
                <control type="fixedlist" id="51">
                    <visible>!container.content(Sets)</visible>
                    <visible>!IsEmpty(Container.FolderPath)</visible>
                    <width>802</width>
                    <height>888</height>
                    <onleft condition="!Skin.HasSetting(ViewsMenuOff)">9000</onleft>
                    <onleft condition="Skin.HasSetting(ViewsMenuOff)">noop</onleft>
                    <onright condition="Skin.HasSetting(Scrollbars_Active)">60</onright>
                    <onright condition="!Skin.HasSetting(Scrollbars_Active)">noop</onright>
                    <onup>51</onup>
                    <ondown>51</ondown>
                    <pagecontrol>60</pagecontrol>
                    <viewtype label="537">Big List 50</viewtype>
                    <focusposition>3</focusposition>
                    <movement>4</movement>
                    <preloaditems>4</preloaditems>
                    <scrolltime>250</scrolltime>
                    <include>LargeListLayout</include>
                </control>
                <include>LargeListSlider</include>
            </control>
            <include>ListFade</include>
            <control type="scrollbar" id="60">
                <left>39r</left>
                <top>135</top>
                <height>870</height>
                <onleft>51</onleft>
                <onright>noop</onright>
            </control>
        </control>
        <!--NEW VIEW-->
        <control type="group" description="sio2view">
            <visible>Control.IsVisible(52)</visible>
            <control type="image">
                <visible>!substring(ListItem.MPAA,Rated R)</visible>
                <include>Fanart_Fade</include>
                <left></left>
                <top></top>
                <width>1920</width>
                <height>1080</height>
                <texture>$VAR[fanart]</texture>
                <colordiffuse>50DDFFDD</colordiffuse>
                <aspectratio align="left">scale</aspectratio>
            </control>
            <control type="image">
                <visible>substring(ListItem.MPAA,Rated R)</visible>
                <include>Fanart_Fade</include>
                <left></left>
                <top></top>
                <width>1920</width>
                <height>1080</height>
                <texture>$VAR[fanart]</texture>
                <colordiffuse>50FFDDDD</colordiffuse>
                <aspectratio align="left">scale</aspectratio>
            </control>
            <control type="image">
                <include>Dimensions_Fullscreen</include>
                <texture>images/sio2right.png</texture>
                <colordiffuse>AAFFFFFF</colordiffuse>
            </control>
            <control type="fixedlist" id="52">
                <visible>Container.Content(movies) | Container.Content(tvshows) | Container.Content(seasons) | Container.Content(episodes) | Container.Content(Sets)</visible>
                <left>60</left>
                <top>130</top>
                <visible>!IsEmpty(Container.FolderPath)</visible>
                <width>1820</width>
                <height>810</height>
                <onleft condition="SubString(ListItem.path,videodb://movies/sets/)">990</onleft>
                <onleft condition="!Skin.HasSetting(ViewsMenuOff)">9000</onleft>
                <onleft condition="Skin.HasSetting(ViewsMenuOff)">noop</onleft>
                <onright condition="!Skin.HasSetting(Scrollbars_Passive)">60</onright>
                <onright condition="Skin.HasSetting(Scrollbars_Passive)">noop</onright>
                <onup>52</onup>
                <ondown>52</ondown>
                <pagecontrol>60</pagecontrol>
                <viewtype label="Sio2View">Sio2View</viewtype>
                <focusposition>2</focusposition>
                <preloaditems>4</preloaditems>
                <scrolltime>250</scrolltime>
                <itemlayout height="160">
                    <control type="image">
                        <left>1680</left>
                        <top>10</top>
                        <width>108</width>
                        <height>140</height>
                        <texture>$VAR[Locandine]</texture>
                        <aspectratio>scale</aspectratio>
                    </control>
                    <control type="image">
                        <left>1316</left>
                        <top>120</top>
                        <width>360</width>
                        <height>30</height>
                        <texture>$VAR[WatchStatus,overlay/List/]</texture>
                        <aspectratio align="right">keep</aspectratio>
                    </control>
                    <control type="textbox">
                        <left>1310</left>
                        <top>20</top>
                        <width>340</width>
                        <height>140</height>
                        <font>Size24B</font>
                        <textcolor>Grey3</textcolor>
                        <align>right</align>
                        <label>$INFO[ListItem.label]</label>
                    </control>
                    <control type="image">
                        <left>1280</left>
                        <width>440</width>
                        <height>1</height>
                        <texture>images/LineL.png</texture>
                    </control>
                </itemlayout>
                <focusedlayout height="160">
                    <control type="button">
                        <texturefocus>-</texturefocus>
                        <texturenofocus>-</texturenofocus>
                    </control>
                    <control type="image">
                        <animation effect="fade" end="0" time="30">UnFocus</animation>
                        <left>1280</left>
                        <width>510</width>
                        <height>160</height>
                        <texture>images/White2.png</texture>
                        <colordiffuse>335555FF</colordiffuse>
                    </control>
                    <control type="image">
                        <left>1680</left>
                        <top>10</top>
                        <width>108</width>
                        <height>140</height>
                        <texture>$VAR[Locandine]</texture>
                        <aspectratio>scale</aspectratio>
                    </control>
                    <control type="image">
                        <left>1316</left>
                        <top>120</top>
                        <width>360</width>
                        <height>30</height>
                        <texture>$VAR[WatchStatus,overlay/List/]</texture>
                        <aspectratio align="right">keep</aspectratio>
                    </control>
                    <control type="textbox">
                        <left>1310</left>
                        <top>20</top>
                        <width>340</width>
                        <height>140</height>
                        <font>Size24B</font>
                        <textcolor>White</textcolor>
                        <align>right</align>
                        <label>$INFO[ListItem.label]</label>
                    </control>
                    <control type="image">
                        <left>1280</left>
                        <width>440</width>
                        <height>1</height>
                        <texture>images/LineL.png</texture>
                    </control>
                </focusedlayout>
            </control>
            <control type="label">
                <left>100</left>
                <top>42</top>
                <width>1140</width>
                <height>80</height>
                <font>Size42B</font>
                <textcolor>Yellow</textcolor>
                <align>center</align>
                <label>$INFO[ListItem.label]</label>
            </control>
            <control type="textbox">
                <visible>!SubString(ListItem.path,videodb://movies/sets/)</visible>
                <left>240</left>
                <top>110</top>
                <width>860</width>
                <height>50</height>
                <font>Size20</font>
                <textcolor>Silver</textcolor>
                <align>center</align>
                <label>$INFO[ListItem.Tagline]</label>
            </control>
            <control type="grouplist" description="detailedinfos">
                <visible>!SubString(ListItem.path,videodb://movies/sets/)</visible>
                <left>60</left>
                <top>180</top>
                <height>600</height>
                <width>1000</width>
                <itemgap>10</itemgap>
                <control type="label">
                    <width>800</width>
                    <height>20</height>
                    <font>Size20</font>
                    <textcolor>Grey3</textcolor>
                    <align>right</align>
                    <label>$LOCALIZE[180]: [COLOR Silver][B]$INFO[ListItem.Duration] $LOCALIZE[12391][/B][/COLOR]</label>
                </control>
                <control type="label">
                    <width>800</width>
                    <height>20</height>
                    <font>Size20</font>
                    <textcolor>Grey3</textcolor>
                    <align>right</align>
                    <label>$LOCALIZE[515]: [COLOR Silver][B]$INFO[ListItem.Genre][/B][/COLOR]</label>
                </control>
                <control type="label">
                    <width>800</width>
                    <height>20</height>
                    <font>Size20</font>
                    <textcolor>Grey3</textcolor>
                    <align>right</align>
                    <label>$LOCALIZE[562]: [COLOR Silver][B]$INFO[ListItem.Year][/B][/COLOR]</label>
                </control>
                <control type="label">
                    <visible>!StringCompare(ListItem.OriginalTitle,ListItem.label)</visible>
                    <width>800</width>
                    <height>20</height>
                    <font>Size20</font>
                    <textcolor>Grey3</textcolor>
                    <align>right</align>
                    <label>$LOCALIZE[20376]: [COLOR Silver][B]$INFO[ListItem.OriginalTitle][/B][/COLOR]</label>
                </control>
                <control type="label">
                    <width>800</width>
                    <height>20</height>
                    <font>Size20</font>
                    <textcolor>Grey3</textcolor>
                    <align>right</align>
                    <label>$LOCALIZE[20339]: [COLOR Silver][B]$INFO[ListItem.Director][/B][/COLOR]</label>
                </control>
                <control type="label">
                    <width>800</width>
                    <height>20</height>
                    <font>Size20</font>
                    <textcolor>Grey3</textcolor>
                    <align>right</align>
                    <label>$LOCALIZE[21875]: [COLOR Silver][B]$INFO[ListItem.Country][/B][/COLOR]</label>
                </control>
                <control type="label">
                    <width>800</width>
                    <height>20</height>
                    <font>Size20</font>
                    <textcolor>Grey3</textcolor>
                    <align>right</align>
                    <label>$LOCALIZE[563]: [COLOR Silver][B]$INFO[ListItem.RatingAndVotes][/B][/COLOR]</label>
                </control>
                <control type="label">
                    <width>800</width>
                    <height>20</height>
                    <font>Size20</font>
                    <textcolor>Grey3</textcolor>
                    <align>right</align>
                    <scroll>false</scroll>
                    <label>$LOCALIZE[20388]: [COLOR Silver][B]$INFO[ListItem.Studio][/B][/COLOR]</label>
                </control>
                <control type="label">
                    <width>800</width>
                    <height>20</height>
                    <font>Size20</font>
                    <textcolor>Grey3</textcolor>
                    <align>right</align>
                    <label>$LOCALIZE[576]: [COLOR Silver][B]$INFO[ListItem.PlayCount][/B][/COLOR]</label>
                </control>
                <control type="label">
                    <width>800</width>
                    <height>20</height>
                    <font>Size20</font>
                    <textcolor>Grey3</textcolor>
                    <align>right</align>
                    <label>$LOCALIZE[568]: [COLOR Silver][B]$INFO[ListItem.LastPlayed][/B][/COLOR]</label>
                </control>
                <control type="label">
                    <visible>!SubString(ListItem.path,videodb://movies/sets/)</visible>
                    <width>800</width>
                    <height>20</height>
                    <font>Size20</font>
                    <textcolor>Grey3</textcolor>
                    <align>right</align>
                    <label>$LOCALIZE[31087]: [COLOR Silver][B]$INFO[ListItem.PercentPlayed] %[/B][/COLOR]</label>
                </control>
                <control type="label">
                    <width>800</width>
                    <height>20</height>
                    <font>Size20</font>
                    <textcolor>Grey3</textcolor>
                    <align>right</align>
                    <label>$LOCALIZE[582]: [COLOR Silver][B]$INFO[Container.Viewmode][/B][/COLOR]</label>
                </control>
            </control>
            <control type="grouplist" description="flags">
                <visible>!SubString(ListItem.path,videodb://movies/sets/)</visible>
                <left>60</left>
                <top>540</top>
                <height>600</height>
                <width>810</width>
                <itemgap>10</itemgap>
                <orientation>horizontal</orientation>
                <align>right</align>
                <control type="image">
                    <animation condition="![Container(52).OnNext | Container(52).OnPrevious]" effect="slide" start="-900" end="0" time="200" delay="2650" tween="sine">Conditional</animation>
                    <height>50</height>
                    <width>130</width>
                    <bordersize>3</bordersize>
                    <aspectratio>keep</aspectratio>
                    <colordiffuse>Silver</colordiffuse>
                    <texture>$INFO[ListItem.VideoResolution,badges/video/,.png]</texture>
                </control>
                <control type="image">
                    <visible>!IsEmpty(ListItem.VideoCodec)</visible>
                    <animation condition="![Container(52).OnNext | Container(52).OnPrevious]" effect="slide" start="-900" end="0" time="200" delay="2530" tween="sine">Conditional</animation>
                    <height>50</height>
                    <width>130</width>
                    <bordersize>3</bordersize>
                    <aspectratio>keep</aspectratio>
                    <colordiffuse>Silver</colordiffuse>
                    <texture>$INFO[ListItem.VideoCodec,badges/video/,.png]</texture>
                </control>
                <control type="image">
                    <visible>!IsEmpty(ListItem.AudioChannels)</visible>
                    <animation condition="![Container(52).OnNext | Container(52).OnPrevious]" effect="slide" start="-900" end="0" time="200" delay="2380" tween="sine">Conditional</animation>
                    <height>50</height>
                    <width>130</width>
                    <bordersize>3</bordersize>
                    <aspectratio>keep</aspectratio>
                    <colordiffuse>Silver</colordiffuse>
                    <texture>$INFO[ListItem.AudioChannels,badges/channels,.png]</texture>
                </control>
                <control type="image">
                    <visible>!IsEmpty(ListItem.AudioCodec)</visible>
                    <animation condition="![Container(52).OnNext | Container(52).OnPrevious]" effect="slide" start="-900" end="0" time="200" delay="2200" tween="sine">Conditional</animation>
                    <height>50</height>
                    <width>130</width>
                    <bordersize>3</bordersize>
                    <aspectratio>keep</aspectratio>
                    <colordiffuse>Silver</colordiffuse>
                    <texture>$INFO[ListItem.AudioCodec,badges/audio/,.png]</texture>
                </control>
                <control type="image">
                    <visible>!IsEmpty(ListItem.FileExtension)</visible>
                    <animation condition="![Container(52).OnNext | Container(52).OnPrevious]" effect="slide" start="-900" end="0" time="200" delay="2000" tween="sine">Conditional</animation>
                    <height>50</height>
                    <width>130</width>
                    <bordersize>3</bordersize>
                    <aspectratio>keep</aspectratio>
                    <colordiffuse>Silver</colordiffuse>
                    <texture>$INFO[ListItem.FileExtension,badges/video/,.png]</texture>
                </control>
            </control>
            <!--NONSET-->
            <control type="group" description="nonsetinfos">
                <visible>!SubString(ListItem.path,videodb://movies/sets/)</visible>
                <control type="textbox" description="plots">
                    <left>140</left>
                    <top>600</top>
                    <width>1060</width>
                    <height>420</height>
                    <align>justify</align>
                    <label>$VAR[Plots]</label>
                </control>
                <control type="group" description="icon+overlay">
                    <left>900</left>
                    <top>180</top>
                    <control type="image">
                        <height>400</height>
                        <width>267</width>
                        <texture>$VAR[Locandine]</texture>
                        <aspectratio>scale</aspectratio>
                    </control>
                    <control type="image">
                        <left>-6</left>
                        <top>-7</top>
                        <height>414</height>
                        <width>281</width>
                        <texture border="10" background="true">$VAR[dvdbox]</texture>
                        <aspectratio>stretch</aspectratio>
                    </control>
                    <control type="image">
                        <left>-10</left>
                        <top>350</top>
                        <width>60</width>
                        <height>60</height>
                        <info>ListItem.Overlay</info>
                    </control>
                </control>
            </control>
            <!--SET-->
            <control type="group" description="setinfos">
                <visible>SubString(ListItem.path,videodb://movies/sets/)</visible>
                <control type="panel" id="990">
                    <left>85</left>
                    <top>110</top>
                    <width>1200</width>
                    <height>1080</height>
                    <onup>noop</onup>
                    <ondown>noop</ondown>
                    <onright>52</onright>
                    <itemlayout width="297" height="480">
                        <control type="image">
                            <left>15</left>
                            <top>10</top>
                            <height>400</height>
                            <width>267</width>
                            <texture>$INFO[ListItem.Thumb]</texture>
                        </control>
                        <control type="textbox">
                            <top>415</top>
                            <width>297</width>
                            <height>60</height>
                            <align>center</align>
                            <font>Size20</font>
                            <label>$INFO[ListItem.Title]</label>
                        </control>
                    </itemlayout>
                    <focusedlayout width="297" height="480">
                        <control type="image">
                            <left>15</left>
                            <top>10</top>
                            <height>400</height>
                            <width>267</width>
                            <texture>$INFO[ListItem.Thumb]</texture>
                        </control>
                        <control type="image">
                            <left>15</left>
                            <top>10</top>
                            <height>400</height>
                            <width>267</width>
                            <texture>$VAR[dvdbox]</texture>
                        </control>
                        <control type="group">
                            <animation effect="fade" start="0" end="100" time="250">Focus</animation>
                            <animation effect="fade" start="100" end="0" time="150">unFocus</animation>
                            <control type="image">
                                <width>297</width>
                                <height>420</height>
                                <texture border="9">images/SetsBlack.png</texture>
                            </control>
                            <control type="textbox">
                                <top>10</top>
                                <width>290</width>
                                <height>400</height>
                                <font>Size22</font>
                                <align>center</align>
                                <label>[B][CR]$INFO[ListItem.Duration] $LOCALIZE[12391][CR][CR]$LOCALIZE[345]:[CR]$INFO[ListItem.Year][CR][CR]$LOCALIZE[563] $INFO[ListItem.Rating][CR][CR]$LOCALIZE[20339]:[CR]$INFO[ListItem.Director][CR][CR]$LOCALIZE[20074]:[CR]$INFO[ListItem.MPAA][/B]</label>
                            </control>

                        </control>
                        <control type="textbox">
                            <top>415</top>
                            <width>297</width>
                            <height>60</height>
                            <align>center</align>
                            <font>Size20</font>
                            <label>$INFO[ListItem.Title]</label>
                        </control>
                    </focusedlayout>
                    <content target="video">$INFO[Container.ListItem.Path]</content>
                </control>
            </control>
            <control type="image">
                <left>1340</left>
                <top>-100</top>
                <height>1280</height>
                <width>1</width>
                <texture>images/LineV.png</texture>
            </control>
            <control type="image">
                <visible>!SubString(ListItem.path,videodb://movies/sets/)</visible>
                <top>600</top>
                <height>1</height>
                <width>1340</width>
                <texture>images/LineR.png</texture>
            </control>
            <!--SLIDERPANEL-->
            <control type="group">
                <control type="image">
                    <visible>Container(52).OnNext | Container(52).OnPrevious | [IsEmpty(ListItem.Plot) + IsEmpty(ListItem.Art(fanart))]</visible>
                    <animation effect="slide" end="-1340,0" time="500" delay="1500" reversible="false">Hidden</animation>
                    <width>1340</width>
                    <height>1080</height>
                    <texture>images/black.png</texture>
                </control>
                <control type="group">
                    <visible>Container(52).OnNext | Container(52).OnPrevious | [IsEmpty(ListItem.Plot) + !SubString(ListItem.path,videodb://movies/sets/)]</visible>
                    <animation effect="slide" end="-1340,0" time="500" delay="1500" reversible="false">Hidden</animation>
                    <fadetime>200</fadetime>
                    <control type="image">
                        <fadetime>200</fadetime>
                        <animation effect="slide" end="-1340,0" time="500" delay="1500" reversible="false">Hidden</animation>
                        <width>1340</width>
                        <height>1080</height>
                        <texture background="true">$VAR[fanart]</texture>
                        <aspectratio align="left">scale</aspectratio>
                    </control>
                    <control type="image">
                        <visible>ListItem.IsStereoscopic</visible>
                        <fadetime>200</fadetime>
                        <left>60</left>
                        <top>880</top>
                        <width>160</width>
                        <height>160</height>
                        <texture background="true">images/3dpflagsio2.png</texture>
                    </control>
                </control>
            </control>
            <control type="scrollbar" id="60">
                <right>50</right>
                <top>120</top>
                <height>820</height>
                <onleft>50</onleft>
                <onright>noop</onright>
            </control>
        </control>
        <!--ICONVIEW-->
        <control type="group" description="Icons view">
            <visible>Control.IsVisible(53)</visible>
            <control type="group">
                <control type="panel" id="53">
                    <left>60</left>
                    <top>60</top>
                    <width>1800</width>
                    <height>900</height>
                    <onleft condition="!Skin.HasSetting(ViewsMenuOff)">9000</onleft>
                    <onleft condition="Skin.HasSetting(ViewsMenuOff)">noop</onleft>
                    <onright condition="Skin.HasSetting(Scrollbars_Active)">60</onright>
                    <onright condition="!Skin.HasSetting(Scrollbars_Active)">noop</onright>
                    <onup>53</onup>
                    <ondown>53</ondown>
                    <viewtype label="536">Grid</viewtype>
                    <pagecontrol>60</pagecontrol>
                    <scrolltime tween="sine" easing="inout">300</scrolltime>
                    <preloaditems>2</preloaditems>
                    <itemlayout condition="![Container.Content(MusicVideos) | Container.Content(Movies) | Container.Content(Seasons) | Container.Content(TVShows) | Container.Content(Sets) | Container.Content(Episodes)]" height="360" width="360">
                        <control type="image">
                            <left>45</left>
                            <top>9</top>
                            <width>281</width>
                            <height>281</height>
                            <texture diffuse="images/diffusepic.png" background="true">$INFO[ListItem.Icon]</texture>
                            <aspectratio scalediffuse="false">scale</aspectratio>
                        </control>
                        <control type="label">
                            <centerleft>181</centerleft>
                            <top>290</top>
                            <width>296</width>
                            <height>45</height>
                            <font>size27</font>
                            <textcolor>White2</textcolor>
                            <shadowcolor>Black</shadowcolor>
                            <align>center</align>
                            <label>[B]$INFO[ListItem.Label][/B]</label>
                        </control>
                    </itemlayout>
                    <focusedlayout condition="![Container.Content(MusicVideos) | Container.Content(Movies) | Container.Content(Seasons) | Container.Content(TVShows) | Container.Content(Sets) | Container.Content(Episodes)]" height="360" width="360">
                        <control type="image">
                            <left>45</left>
                            <top>9</top>
                            <width>281</width>
                            <height>281</height>
                            <texture diffuse="images/diffusepic.png" background="true">$INFO[ListItem.Icon]</texture>
                            <aspectratio scalediffuse="false">scale</aspectratio>
                        </control>
                        <control type="label">
                            <centerleft>181</centerleft>
                            <top>290</top>
                            <width>296</width>
                            <height>45</height>
                            <font>size27</font>
                            <textcolor>White2</textcolor>
                            <shadowcolor>Black</shadowcolor>
                            <align>center</align>
                            <label>[B]$INFO[ListItem.Label][/B]</label>
                        </control>
                        <control type="group" description="Selection">
                            <include>Scrollanim</include>
                            <control type="image">
                                <animation effect="fade" start="0" end="100" time="100" reversible="false">Focus</animation>
                                <animation effect="fade" start="100" end="0" time="50" reversible="false">unFocus</animation>
                                <left>45</left>
                                <top>9</top>
                                <width>281</width>
                                <height>281</height>
                                <texture>images/picselection.png</texture>
                                <aspectratio>stretch</aspectratio>
                            </control>
                        </control>
                    </focusedlayout>
                    <itemlayout condition="Container.Content(MusicVideos) | Container.Content(Movies) | Container.Content(Seasons) | Container.Content(TVShows) | Container.Content(Sets)" height="350" width="257">
                        <control type="image">
                            <animation effect="fade" start="100" end="10" time="200">Focus</animation>
                            <left>35</left>
                            <top>320</top>
                            <width>197</width>
                            <height>294</height>
                            <texture flipy="true" diffuse="images/Reflection0.png" background="true" >$VAR[Locandine]</texture>
                            <aspectratio>scale</aspectratio>
                        </control>
                        <control type="image">
                            <left>35</left>
                            <top>24</top>
                            <width>197</width>
                            <height>294</height>
                            <texture background="true">$VAR[Locandine]</texture>
                            <aspectratio>scale</aspectratio>
                        </control>
                        <control type="group">
                            <visible>container.content(TVshows) | container.content(seasons)</visible>
                            <control type="image">
                                <visible>IntegerGreaterThan(ListItem.Property(UnwatchedEpisodes),0)</visible>
                                <left>123</left>
                                <top>276</top>
                                <height>45</height>
                                <width>150</width>
                                <aspectratio>keep</aspectratio>
                                <texture>badges/BadgeCount.png</texture>
                            </control>
                            <control type="label" description="Label2">
                                <visible>IntegerGreaterThan(ListItem.Property(UnwatchedEpisodes),0)</visible>
                                <centerleft>197</centerleft>
                                <top>272</top>
                                <height>45</height>
                                <width>150</width>
                                <font>size24</font>
                                <scroll>true</scroll>
                                <align>center</align>
                                <scroll>false</scroll>
                                <textcolor>White</textcolor>
                                <label>[B]$INFO[ListItem.Property(UnwatchedEpisodes)][/B]</label>
                            </control>
                        </control>
                        <control type="image" description="WatchStatus">
                            <visible>!SubString(ListItem.Path,videodb://movies/sets)</visible>
                            <left>30</left>
                            <top>290</top>
                            <height>32</height>
                            <width>60</width>
                            <aspectratio align="left">keep</aspectratio>
                            <texture>$VAR[WatchStatus]</texture>
                        </control>
                    </itemlayout>
                    <focusedlayout condition="Container.Content(MusicVideos) | Container.Content(Movies) | Container.Content(Seasons) | Container.Content(TVShows) | Container.Content(Sets)" height="350" width="257">
                        <control type="image">
                            <animation effect="fade" start="100" end="10" time="200">Focus</animation>
                            <left>35</left>
                            <top>320</top>
                            <width>197</width>
                            <height>294</height>
                            <texture flipy="true" diffuse="images/Reflection0.png" background="true" >$VAR[Locandine]</texture>
                            <aspectratio>scale</aspectratio>
                        </control>
                        <control type="image">
                            <left>35</left>
                            <top>24</top>
                            <width>197</width>
                            <height>294</height>
                            <texture background="true">$VAR[Locandine]</texture>
                            <aspectratio>scale</aspectratio>
                        </control>
                        <control type="label">
                            <animation effect="fade" start="0" end="100" time="200" delay="100">Focus</animation>
                            <centerself>135</centerself>
                            <top>320</top>
                            <width>270</width>
                            <height>45</height>
                            <font>size27</font>
                            <textcolor>White2</textcolor>
                            <shadowcolor>Black</shadowcolor>
                            <align>center</align>
                            <label>[B]$INFO[ListItem.Label][/B]</label>
                        </control>
                        <control type="group">
                            <visible>container.content(TVshows) | container.content(seasons)</visible>
                            <control type="image">
                                <visible>IntegerGreaterThan(ListItem.Property(UnwatchedEpisodes),0)</visible>
                                <left>123</left>
                                <top>276</top>
                                <height>45</height>
                                <width>150</width>
                                <aspectratio>keep</aspectratio>
                                <texture>badges/BadgeCount.png</texture>
                            </control>
                            <control type="label" description="Label2">
                                <visible>IntegerGreaterThan(ListItem.Property(UnwatchedEpisodes),0)</visible>
                                <centerleft>197</centerleft>
                                <top>272</top>
                                <height>45</height>
                                <width>150</width>
                                <font>size24</font>
                                <scroll>true</scroll>
                                <align>center</align>
                                <scroll>false</scroll>
                                <textcolor>White</textcolor>
                                <label>[B]$INFO[ListItem.Property(UnwatchedEpisodes)][/B]</label>
                            </control>
                        </control>
                        <control type="image" description="WatchStatus">
                            <visible>!SubString(ListItem.Path,videodb://movies/sets)</visible>
                            <left>30</left>
                            <top>290</top>
                            <height>32</height>
                            <width>60</width>
                            <aspectratio align="left">keep</aspectratio>
                            <texture>$VAR[WatchStatus]</texture>
                        </control>
                        <control type="group" description="Selection">
                            <include>Scrollanim</include>
                            <control type="image">
                                <animation effect="fade" start="0" end="100" time="100" reversible="false">Focus</animation>
                                <animation effect="fade" start="100" end="0" time="50" reversible="false">unFocus</animation>
                                <left>19</left>
                                <top>9</top>
                                <width>228</width>
                                <height>323</height>
                                <texture border="20">images/GeneralSlider.png</texture>
                                <aspectratio>stretch</aspectratio>
                            </control>
                        </control>
                    </focusedlayout>
                    <itemlayout condition="Container.Content(Episodes)" height="375" width="450">
                        <control type="image">
                            <left>45</left>
                            <top>24</top>
                            <width>360</width>
                            <height>255</height>
                            <texture>images/ThumbBorder2.png</texture>
                            <aspectratio>stretch</aspectratio>
                        </control>
                        <control type="image">
                            <visible>container.content(episodes)</visible>
                            <left>45</left>
                            <top>24</top>
                            <width>360</width>
                            <height>255</height>
                            <texture background="true">$INFO[ListItem.Icon]</texture>
                            <aspectratio>scale</aspectratio>
                        </control>
                        <control type="image">
                            <visible>![container.content(episodes)]</visible>
                            <left>45</left>
                            <top>24</top>
                            <width>360</width>
                            <height>255</height>
                            <texture background="true">$INFO[ListItem.Icon]</texture>
                            <aspectratio>keep</aspectratio>
                        </control>
                        <control type="image" description="WatchStatus">
                            <visible>!SubString(ListItem.Path,videodb://movies/sets)</visible>
                            <left>40</left>
                            <top>251</top>
                            <height>32</height>
                            <width>60</width>
                            <aspectratio align="left">keep</aspectratio>
                            <texture>$VAR[WatchStatus]</texture>
                        </control>
                    </itemlayout>
                    <focusedlayout condition="Container.Content(Episodes)" height="375" width="450">
                        <control type="image">
                            <left>45</left>
                            <top>24</top>
                            <width>360</width>
                            <height>255</height>
                            <texture>images/ThumbBorder2.png</texture>
                            <aspectratio>stretch</aspectratio>
                        </control>
                        <control type="image">
                            <visible>container.content(episodes)</visible>
                            <left>45</left>
                            <top>24</top>
                            <width>360</width>
                            <height>255</height>
                            <texture background="true">$INFO[ListItem.Icon]</texture>
                            <aspectratio>scale</aspectratio>
                        </control>
                        <control type="image">
                            <visible>![container.content(episodes)]</visible>
                            <left>45</left>
                            <top>24</top>
                            <width>360</width>
                            <height>255</height>
                            <texture background="true">$INFO[ListItem.Icon]</texture>
                            <aspectratio>keep</aspectratio>
                        </control>
                        <control type="label">
                            <animation effect="fade" start="0" end="100" time="200" delay="100">Focus</animation>
                            <centerleft>225</centerleft>
                            <top>300</top>
                            <width>420</width>
                            <height>45</height>
                            <font>size27</font>
                            <textcolor>White2</textcolor>
                            <shadowcolor>Black</shadowcolor>
                            <align>center</align>
                            <label>[B]$INFO[ListItem.Label][/B]</label>
                        </control>
                        <control type="image" description="WatchStatus">
                            <visible>!SubString(ListItem.Path,videodb://movies/sets)</visible>
                            <left>40</left>
                            <top>251</top>
                            <height>32</height>
                            <width>60</width>
                            <aspectratio align="left">keep</aspectratio>
                            <texture>$VAR[WatchStatus]</texture>
                        </control>
                        <control type="group" description="Selection">
                            <include>Scrollanim</include>
                            <control type="image">
                                <animation effect="fade" start="0" end="100" time="100" reversible="false">Focus</animation>
                                <animation effect="fade" start="100" end="0" time="50" reversible="false">unFocus</animation>
                                <left>30</left>
                                <top>11</top>
                                <width>386</width>
                                <height>280</height>
                                <texture border="20">images/GeneralSlider.png</texture>
                                <aspectratio>stretch</aspectratio>
                            </control>
                        </control>
                    </focusedlayout>
                </control>
            </control>
            <control type="image" description="Line Split">
                <left>260</left>
                <top>60</top>
                <width>1500</width>
                <height>1</height>
                <texture>images/Line.png</texture>
                <aspectratio>stretch</aspectratio>
            </control>
            <control type="grouplist" description="Media Header">
                <left>60</left>
                <width>930</width>
                <height>75</height>
                <align>left</align>
                <aligny>bottom</aligny>
                <orientation>horizontal</orientation>
                <control type="label" id="7777" description="Heading">
                    <width min="60" max="930">auto</width>
                    <height>75</height>
                    <textcolor>White2</textcolor>
                    <label>$VAR[RootLabel]</label>
                </control>
                <control type="label" description="Number of files">
                    <visible>!IsEmpty(Control.GetLabel(7777))</visible>
                    <width min="60" max="120">auto</width>
                    <height>81</height>
                    <font>size26</font>
                    <textcolor>Grey</textcolor>
                    <label>$INFO[Container.NumItems,  (,)]</label>
                </control>
            </control>
            <control type="image" description="shade">
                <width>1990</width>
                <height>1080</height>
                <texture>Shades/iconvshade.png</texture>
            </control>
            <control type="label" description="Media title">
                <left>60</left>
                <top>910</top>
                <width>1800</width>
                <font>size42B</font>
                <textcolor>Silver</textcolor>
                <align>center</align>
                <label>$INFO[ListItem.label]</label>
            </control>
            <control type="label" description="Media details">
                <left>60</left>
                <top>955</top>
                <width>1800</width>
                <textcolor>Silver</textcolor>
                <align>center</align>
                <font>Size13</font>
                <label>[COLOR=Grey]$VAR[TopLabel,  ][/COLOR]</label>
            </control>
            <control type="image" description="Stars">
                <left>250r</left>
                <top>1010</top>
                <visible>!IsEmpty(ListItem.Rating)</visible>
                <height>24</height>
                <width>135</width>
                <aspectratio align="right">keep</aspectratio>
                <texture>$INFO[ListItem.Rating,badges/,.png]</texture>
            </control>
            <control type="grouplist">
                <left>100</left>
                <top>1015</top>
                <height>50</height>
                <width>1720</width>
                <itemgap>15</itemgap>
                <orientation>horizontal</orientation>
                <control type="image" description="Sets">
                    <visible>SubString(ListItem.Path,videodb://movies/sets)</visible>
                    <height>33</height>
                    <width>60</width>
                    <aspectratio>keep</aspectratio>
                    <texture>badges/setsFO.png</texture>
                </control>
                <control type="image">
                    <height>25</height>
                    <width>65</width>
                    <aspectratio>keep</aspectratio>
                    <texture>$INFO[ListItem.VideoResolution,badges/Video/,.png]</texture>
                </control>
                <control type="image">
                    <height>25</height>
                    <width>65</width>
                    <aspectratio>keep</aspectratio>
                    <texture>$INFO[ListItem.AudioCodec,badges/Audio/,.png]</texture>
                </control>
                <control type="image">
                    <height>25</height>
                    <width>65</width>
                    <aspectratio>keep</aspectratio>
                    <texture>$INFO[ListItem.VideoCodec,badges/Video/,.png]</texture>
                </control>
                <control type="image">
                    <height>25</height>
                    <width>65</width>
                    <aspectratio>keep</aspectratio>
                    <texture>$INFO[ListItem.FileExtension,badges/Video/,.png]</texture>
                </control>
                <control type="image">
                    <visible>!IsEmpty(ListItem.Mpaa) + Container.Content(Movies)</visible>
                    <height>25</height>
                    <width>65</width>
                    <aspectratio>keep</aspectratio>
                    <texture>$VAR[MPAAS,Mpaa/,.png]</texture>
                </control>
            </control>
            <control type="scrollbar" id="60">
                <left>30r</left>
                <top>100</top>
                <height>800</height>
                <onleft>53</onleft>
                <onright>noop</onright>
            </control>
            <control type="image" description="Line Split">
                <left>260</left>
                <top>1030</top>
                <width>1500</width>
                <height>1</height>
                <texture>images/Line.png</texture>
                <aspectratio>stretch</aspectratio>
            </control>
        </control>
        <!--BANNERS-->
        <control type="group" description="BANNERS">
            <visible>Control.IsVisible(55)</visible>
            <control type="group" description="Container and frame">
                <control type="image">
                    <include>Dimensions_Fullscreen</include>
                    <include>Fanart_Fade</include>
                    <texture background="true">$INFO[ListItem.Property(fanart_image)]</texture>
                    <colordiffuse>55AAAABB</colordiffuse>
                    <aspectratio>scale</aspectratio>
                </control>
                <control type="fixedlist" id="55" description="bannerlist">
                    <visible>container.content(tvshows)</visible>
                    <visible>!IsEmpty(Container.FolderPath)</visible>
                    <viewtype label="539">Banners</viewtype>
                    <left>60</left>
                    <top>140</top>
                    <width>1800</width>
                    <height>928</height>
                    <orientation>vertical</orientation>
                    <focusposition>1</focusposition>
                    <preloaditems>2</preloaditems>
                    <onup>noop</onup>
                    <ondown>noop</ondown>
                    <onleft condition="!Skin.HasSetting(ViewsMenuOff)">9000</onleft>
                    <onright condition="Skin.HasSetting(Scrollbars_Active)">60</onright>
                    <preloaditems>4</preloaditems>
                    <pagecontrol>60</pagecontrol>
                    <scrolltime>300</scrolltime>
                    <itemlayout condition="container.content(tvshows)" height="200" width="1800">
                        <control type="image">
                            <left>521</left>
                            <top>80</top>
                            <width>758</width>
                            <height>140</height>
                            <texture background="true" diffuse="images/DiffuseBanner.png">$INFO[ListItem.Art(banner)]</texture>
                            <aspectratio>keep</aspectratio>
                        </control>
                        <control type="image">
                            <visible>StringCompare(ListItem.Label,..)</visible>
                            <left>521</left>
                            <top>80</top>
                            <width>758</width>
                            <height>140</height>
                            <texture background="true">DefaultFolderBack.png</texture>
                            <aspectratio>keep</aspectratio>
                        </control>
                        <control type="image">
                            <visible>IntegerGreaterThan(ListItem.Property(UnwatchedEpisodes),0)</visible>
                            <left>1200</left>
                            <top>130</top>
                            <height>45</height>
                            <width>150</width>
                            <aspectratio>keep</aspectratio>
                            <texture background="true">badges/BadgeCount.png</texture>
                        </control>
                        <control type="label" description="Label2">
                            <visible>IntegerGreaterThan(ListItem.Property(UnwatchedEpisodes),0)</visible>
                            <centerleft>1275</centerleft>
                            <top>126</top>
                            <height>45</height>
                            <width>150</width>
                            <font>size26</font>
                            <scroll>true</scroll>
                            <align>center</align>
                            <scroll>false</scroll>
                            <textcolor>White</textcolor>
                            <label>[B]$INFO[ListItem.Property(UnwatchedEpisodes)][/B]</label>
                        </control>
                        <control type="image">
                            <visible>!StringCompare(ListItem.Label,..)</visible>
                            <top>125</top>
                            <left>490</left>
                            <width>50</width>
                            <height>50</height>
                            <texture>$VAR[MPAAS,Mpaa/,.png]</texture>
                        </control>
                    </itemlayout>
                    <focusedlayout condition="container.content(tvshows)" height="200" width="1800">
                        <control type="group">
                            <animation effect="zoom" end="150" center="880,150" time="350">Focus</animation>
                            <animation effect="zoom" start="150" end="100" center="880,150" time="350">unFocus</animation>
                            <control type="image">
                                <visible>StringCompare(ListItem.Label,..)</visible>
                                <left>521</left>
                                <top>80</top>
                                <width>758</width>
                                <height>140</height>
                                <texture background="true">DefaultFolderBack.png</texture>
                                <aspectratio>keep</aspectratio>
                            </control>
                            <control type="image">
                                <left>521</left>
                                <top>80</top>
                                <width>758</width>
                                <height>140</height>
                                <texture background="true" diffuse="images/DiffuseBanner.png">$INFO[ListItem.Art(banner)]</texture>
                                <aspectratio>keep</aspectratio>
                            </control>
                            <control type="image">
                                <left>521</left>
                                <top>79</top>
                                <width>758</width>
                                <height>142</height>
                                <texture background="true">images/BannerOverlay.png</texture>
                                <aspectratio>keep</aspectratio>
                            </control>
                            <control type="image">
                                <visible>IntegerGreaterThan(ListItem.Property(UnwatchedEpisodes),0)</visible>
                                <left>1200</left>
                                <top>130</top>
                                <height>45</height>
                                <width>150</width>
                                <aspectratio>keep</aspectratio>
                                <texture background="true">badges/BadgeCount.png</texture>
                            </control>
                            <control type="label" description="Label2">
                                <visible>IntegerGreaterThan(ListItem.Property(UnwatchedEpisodes),0)</visible>
                                <centerleft>1275</centerleft>
                                <top>126</top>
                                <height>45</height>
                                <width>150</width>
                                <font>size26</font>
                                <scroll>true</scroll>
                                <align>center</align>
                                <scroll>false</scroll>
                                <textcolor>White</textcolor>
                                <label>[B]$INFO[ListItem.Property(UnwatchedEpisodes)][/B]</label>
                            </control>
                            <control type="image">
                                <visible>!StringCompare(ListItem.Label,..)</visible>
                                <top>125</top>
                                <left>490</left>
                                <width>50</width>
                                <height>50</height>
                                <texture>$VAR[MPAAS,Mpaa/,.png]</texture>
                            </control>
                        </control>
                    </focusedlayout>
                </control>
            </control>
            <control type="image" description="Line Split">
                <left>129</left>
                <top>140</top>
                <width>1674</width>
                <height>1</height>
                <texture>images/LineL.png</texture>
                <aspectratio>stretch</aspectratio>
            </control>
            <control type="grouplist" description="Media Header">
                <left>40</left>
                <top>3</top>
                <width>930</width>
                <height>75</height>
                <align>left</align>
                <aligny>bottom</aligny>
                <orientation>horizontal</orientation>
                <control type="label" id="7777" description="Heading">
                    <width min="60" max="930">auto</width>
                    <height>75</height>
                    <font>size28</font>
                    <textcolor>White2</textcolor>
                    <label>$VAR[RootLabel]</label>
                </control>
                <control type="label" description="Number of files">
                    <visible>!IsEmpty(Control.GetLabel(7777))</visible>
                    <width min="60" max="120">auto</width>
                    <height>81</height>
                    <font>size26</font>
                    <textcolor>Grey</textcolor>
                    <label>$INFO[Container.NumItems,  (,)]</label>
                </control>
            </control>
            <control type="label" description="Media details">
                <left>129</left>
                <top>90</top>
                <width>1350</width>
                <textcolor>Silver</textcolor>
                <include>Genre51Commons</include>
                <label>$INFO[ListItem.Label]  [COLOR=Grey]$VAR[TopLabel][/COLOR]</label>
            </control>
            <control type="image" description="Rating">
                <visible>!IsEmpty(ListItem.Rating)</visible>
                <left>240r</left>
                <top>90</top>
                <height>24</height>
                <width>135</width>
                <aspectratio align="right">keep</aspectratio>
                <texture>$INFO[ListItem.Rating,badges/,.png]</texture>
            </control>
            <control type="image" description="Bottom fade">
                <top>870</top>
                <width>1920</width>
                <height>210</height>
                <texture>images/DefaultGradient.png</texture>
                <aspectratio>stretch</aspectratio>
            </control>
            <control type="scrollbar" id="60">
                <left>45r</left>
                <top>219</top>
                <height>780</height>
                <onleft>53</onleft>
                <onright>9000</onright>
            </control>
        </control>
        <!--FANART-->
        <control type="group" description="Fanart">
            <visible>Control.IsVisible(500)</visible>
            <control type="image">
                <include>Dimensions_Fullscreen</include>
                <include>Fanart_Fade</include>
                <texture background="true">$INFO[ListItem.Property(fanart_image)]</texture>
                <colordiffuse>55AAAABB</colordiffuse>
                <aspectratio>scale</aspectratio>
            </control>
            <control type="fixedlist" id="500" description="Shortcuts">
                <visible>Container.content(movies) | container.content(seasons) | container.content(tvshows)</visible>
                <onup condition="!Skin.HasSetting(ViewsMenuOff)">9000</onup>
                <onup condition="Skin.HasSetting(ViewsMenuOff)">noop</onup>
                <ondown condition="Skin.HasSetting(Scrollbars_Active)">60</ondown>
                <ondown condition="!Skin.HasSetting(Scrollbars_Active)">noop</ondown>
                <onleft>500</onleft>
                <onright>500</onright>
                <viewtype label="$LOCALIZE[20445]">Fanart</viewtype>
                <left>-210</left>
                <top>570</top>
                <width>2200</width>
                <height>700</height>
                <orientation>horizontal</orientation>
                <scrolltime>300</scrolltime>
                <focusposition>1</focusposition>
                <preloaditems>2</preloaditems>
                <pagecontrol>60</pagecontrol>
                <itemlayout width="300" height="500">
                    <control type="image" description="Reflection">
                        <left>85</left>
                        <top>440</top>
                        <height>350</height>
                        <width>230</width>
                        <texture background="true" diffuse="images/ReflectionShelf.png" flipy="true">$VAR[Locandine]</texture>
                        <aspectratio>scale</aspectratio>
                    </control>
                    <control type="image" description="Thumb">
                        <left>85</left>
                        <top>80</top>
                        <height>350</height>
                        <width>230</width>
                        <texture background="true">$VAR[Locandine]</texture>
                        <aspectratio>scale</aspectratio>
                    </control>
                    <control type="image" description="WatchStatus">
                        <left>76</left>
                        <top>380</top>
                        <height>60</height>
                        <width>60</width>
                        <aspectratio align="left">keep</aspectratio>
                        <texture>$VAR[WatchStatus]</texture>
                    </control>
                </itemlayout>
                <focusedlayout width="300" height="500">
                    <control type="group">
                        <animation effect="zoom" end="150" center="178,430" time="300" tween="Quadratic" easing="in">Focus</animation>
                        <animation effect="zoom" start="150" end="100" center="178,430" time="120">unFocus</animation>
                        <control type="image" description="black">
                            <left>77</left>
                            <top>72</top>
                            <height>366</height>
                            <width>246</width>
                            <texture background="true">images/Black.png</texture>
                            <colordiffuse>AA000000</colordiffuse>
                            <aspectratio>stretch</aspectratio>
                        </control>
                        <control type="image" description="white">
                            <visible>!ListItem.IsFolder</visible>
                            <left>84</left>
                            <top>79</top>
                            <height>352</height>
                            <width>232</width>
                            <texture background="true">images/White.png</texture>
                            <aspectratio>stretch</aspectratio>
                            <colordiffuse>FF0000FF</colordiffuse>
                        </control>
                        <control type="image" description="THUMBNAIL">
                            <left>85</left>
                            <top>80</top>
                            <height>350</height>
                            <width>230</width>
                            <texture background="true" fallback="DefaultVideoCover.png">$VAR[Locandine]</texture>
                            <aspectratio>scale</aspectratio>
                        </control>
                        <control type="image" description="WatchStatus">
                            <left>76</left>
                            <top>380</top>
                            <height>60</height>
                            <width>60</width>
                            <aspectratio align="left">keep</aspectratio>
                            <texture>$VAR[WatchStatus]</texture>
                        </control>
                    </control>
                </focusedlayout>
            </control>
            <control type="image" description="LeftFade">
                <include>VisibleFade</include>
                <width>15</width>
                <height>1080</height>
                <texture>images/DefaultGradientH.png</texture>
                <aspectratio>stretch</aspectratio>
            </control>
            <control type="image" description="RightFade">
                <include>VisibleFade</include>
                <left>1906</left>
                <width>15</width>
                <height>1080</height>
                <texture flipx="true">images/DefaultGradientH.png</texture>
                <aspectratio>stretch</aspectratio>
            </control>
            <control type="group" description="Media Info">
                <visible>!StringCompare(ListItem.label,..)</visible>
                <top>40</top>
                <left>98</left>
                <control type="image" description="Stars rating">
                    <left>1590</left>
                    <top>435</top>
                    <height>45</height>
                    <width>135</width>
                    <aspectratio aligny="center" align="right">keep</aspectratio>
                    <texture>$INFO[ListItem.Rating,badges/,.png]</texture>
                </control>
                <control type="label" description="Item Title">
                    <font>size42B</font>
                    <textcolor>Yellow</textcolor>
                    <align>center</align>
                    <width>1724</width>
                    <info>ListItem.Label</info>
                </control>
                <control type="image" description="Line Split">
                    <left>450</left>
                    <top>515</top>
                    <width>1300</width>
                    <height>1</height>
                    <texture>images/LineL.png</texture>
                    <aspectratio>stretch</aspectratio>
                </control>
                <control type="group">
                    <!--<visible>!SubString(ListItem.Path,videodb://movies/sets)</visible>-->
                    <control type="image" description="lineplot">
                        <top>70</top>
                        <left>550</left>
                        <width>620</width>
                        <height>1</height>
                        <texture>images/Line.png</texture>
                    </control>
                    <control type="image" description="lineplot">
                        <top>80</top>
                        <width>1724</width>
                        <height>1</height>
                        <texture>images/Line.png</texture>
                    </control>
                    <control type="textbox" description="Plot">
                        <top>80</top>
                        <width>1724</width>
                        <height>330</height>
                        <textcolor>Silver</textcolor>
                        <align>justify</align>
                        <autoscroll delay="7000" time="4300" repeat="10000"></autoscroll>
                        <label>$INFO[ListItem.Plot]</label>
                        <!--<label>[B]$LOCALIZE[207] :[/B] $VAR[Plots]</label>-->
                    </control>
                    <control type="image" description="lineplot">
                        <top>410</top>
                        <width>1724</width>
                        <height>1</height>
                        <texture>images/Line.png</texture>
                    </control>
                    <control type="label">
                        <top>440</top>
                        <font>size27</font>
                        <height>40</height>
                        <align>center</align>
                        <width>1724</width>
                        <label>$VAR[TopLabel]</label>
                    </control>
                    <control type="grouplist" description="Flags">
                        <top>540</top>
                        <width min="90" max="1724">auto</width>
                        <height>150</height>
                        <itemgap>30</itemgap>
                        <orientation>horizontal</orientation>
                        <align>center</align>
                        <control type="image">
                            <height>50</height>
                            <width>130</width>
                            <bordersize>3</bordersize>
                            <aspectratio>keep</aspectratio>
                            <colordiffuse>Silver</colordiffuse>
                            <texture>$INFO[ListItem.VideoResolution,badges/video/,.png]</texture>
                        </control>
                        <control type="image">
                            <visible>!IsEmpty(ListItem.VideoCodec)</visible>
                            <height>50</height>
                            <width>130</width>
                            <bordersize>3</bordersize>
                            <aspectratio>keep</aspectratio>
                            <colordiffuse>Silver</colordiffuse>
                            <texture>$INFO[ListItem.VideoCodec,badges/video/,.png]</texture>
                        </control>
                        <control type="image">
                            <visible>!IsEmpty(ListItem.AudioChannels)</visible>
                            <height>50</height>
                            <width>130</width>
                            <bordersize>3</bordersize>
                            <aspectratio>keep</aspectratio>
                            <colordiffuse>Silver</colordiffuse>
                            <texture>$INFO[ListItem.AudioChannels,badges/channels,.png]</texture>
                        </control>
                        <control type="image">
                            <visible>!IsEmpty(ListItem.AudioCodec)</visible>
                            <height>50</height>
                            <width>130</width>
                            <bordersize>3</bordersize>
                            <aspectratio>keep</aspectratio>
                            <colordiffuse>Silver</colordiffuse>
                            <texture>$INFO[ListItem.AudioCodec,badges/audio/,.png]</texture>
                        </control>
                        <control type="image">
                            <height>50</height>
                            <width>130</width>
                            <bordersize>3</bordersize>
                            <aspectratio>keep</aspectratio>
                            <colordiffuse>Silver</colordiffuse>
                            <texture>$INFO[ListItem.FileExtension,badges/video/,.png]</texture>
                        </control>
                    </control>
                    <control type="label" description="Genre">
                        <top>470</top>
                        <font>size27</font>
                        <width>1724</width>
                        <height>50</height>
                        <align>center</align>
                        <label>[COLOR=Grey]$LOCALIZE[515]:[/COLOR] $INFO[ListItem.Genre]</label>
                    </control>
                </control>
            </control>
            <include>Unwatched</include>
            <control type="scrollbar" id="60">
                <animation effect="fade" delay="200" time="300">VisibleChange</animation>
                <left>198</left>
                <top>1038</top>
                <width>1525</width>
                <height>9</height>
                <onup>500</onup>
                <ondown>500</ondown>
                <orientation>horizontal</orientation>
                <texturesliderbackground border="6">Scrollbar/HScrollbarBG.png</texturesliderbackground>
                <texturesliderbar border="6">Scrollbar/HScrollerNF.png</texturesliderbar>
                <texturesliderbarfocus border="6">Scrollbar/HScrollerFO.png</texturesliderbarfocus>
                <showonepage>false</showonepage>
            </control>
        </control>
        <control type="label">
            <animation effect="slide" end="-860,14" condition="Control.IsVisible(53)">Conditional</animation>
            <description>Page Count Label</description>
            <right>40</right>
            <bottom>50</bottom>
            <width>500</width>
            <height>20</height>
            <font>font12</font>
            <textcolor>Grey</textcolor>
            <scroll>false</scroll>
            <align>right</align>
            <aligny>center</aligny>
            <label>$LOCALIZE[31000] ([COLOR=White]$INFO[Container.CurrentPage]/$INFO[Container.NumPages][/COLOR])</label>
        </control>
    </include>
</includes>
