<?xml version="1.0" encoding="UTF-8" standalone="yes"?>
<addon id="plugin.video.Dal" name="Karwan TV" version="1.7" provider-name="Halow">
  <requires>
    <import addon="xbmc.python" version="2.1.0" />
  </requires>
  <extension point="xbmc.python.pluginsource"
            library="default.py">
        <provides>video</provides>
  </extension>
  <extension point="xbmc.addon.metadata">
    <platform>all</platform>
    <summary>Karwan TV</summary>
    <description>Kurdistan Livestreams http://karwan.tv</description>
  </extension>
</addon>
