<?xml version="1.0" encoding="UTF-8"?>
<window>
	<defaultcontrol always="true">50</defaultcontrol>
	<allowoverlay>no</allowoverlay>
	<include>screen-fade</include>
	<views>50,52,54,57,58</views>
	<controls>
		<include>background</include>
		<include>Fake-Overlay</include>
		<control type="grouplist">
			<left>946</left>
			<top>35</top>
			<width>auto</width>
			<height>72</height>
			<align>left</align>
			<aligny>bottom</aligny>
			<orientation>horizontal</orientation>
			<control type="label"><!-- Addons heading -->
				<width max="256">auto</width>
				<height>72</height>
				<label>$LOCALIZE[24001]</label>
				<font>font18</font>
				<wrapmultiline>true</wrapmultiline>
				<aligny>top</aligny>
			</control>
			<control type="label"><!-- Number of file -->
				<width max="80">auto</width>
				<height>50</height>
				<label>$INFO[Container.NumItems,(,)]</label>
				<aligny>top</aligny>
			</control>
		</control>

		<control type="group"><!-- Various Views of Addons Browser -->
			<include file="View-General.xml">ListView</include>
			<include file="View-General.xml">IconView</include>
			<include file="View-General.xml">WrapView</include>
			<include file="View-General.xml">WallView</include>
			<include file="View-General.xml">Coverflow</include>
		</control>

		<control type="group"><!-- Screen-settings Menu -->
			<left>0</left>
			<top>720</top>
			<include>Screen-settings</include>
			<include>fadebackground</include>
			<control type="image"><!-- Dialog background -->
				<left>440</left>
				<top>162</top>
				<width>396</width>
				<height>406</height>
				<texture border="8">button-menu-background.png</texture>
			</control>
			<control type="grouplist" id="9000">
				<left>450</left>
				<top>174</top>
				<width>376</width>
				<height>384</height>
				<onright condition="Control.IsVisible(50)">50</onright>
				<onright condition="Control.IsVisible(52)">52</onright>
				<onright condition="Control.IsVisible(54)">54</onright>
				<onright condition="Control.IsVisible(57)">57</onright>
				<onright condition="Control.IsVisible(58)">58</onright>
				<onleft condition="Control.IsVisible(50)">50</onleft>
				<onleft condition="Control.IsVisible(52)">52</onleft>
				<onleft condition="Control.IsVisible(54)">54</onleft>
				<onleft condition="Control.IsVisible(57)">57</onleft>
				<onleft condition="Control.IsVisible(58)">58</onleft>
				<itemgap>0</itemgap>
				<control type="button" id="2"><!-- View as button -->
					<width>376</width>
					<height>48</height>
					<font>font11</font>
					<label>$LOCALIZE[100]</label>
					<textoffsetx>10</textoffsetx>
				</control>
				<control type="radiobutton" id="1198"><!-- Tilt list view icons button  -->
					<width>376</width>
					<height>48</height>
					<label>$LOCALIZE[31886]</label>
					<font>font11</font>
					<onclick>Skin.ToggleSetting(tiltmisclisticon)</onclick>
					<selected>Skin.HasSetting(tiltmisclisticon)</selected>
					<textoffsetx>10</textoffsetx>
					<radioposx>340</radioposx>
					<visible>SubString(Control.GetLabel(2),$LOCALIZE[31941],Right)</visible>
				</control>
				<control type="radiobutton" id="1197"><!-- Tilt wall view icons button -->
					<width>376</width>
					<height>48</height>
					<label>$LOCALIZE[31886]</label>
					<font>font11</font>
					<onclick>Skin.ToggleSetting(tiltmiscwallicon)</onclick>
					<selected>Skin.HasSetting(tiltmiscwallicon)</selected>
					<textoffsetx>10</textoffsetx>
					<radioposx>340</radioposx>
					<visible>SubString(Control.GetLabel(2),$LOCALIZE[31944],Right)</visible>
				</control>
				<control type="button" id="3"><!-- Sort by button -->
					<width>376</width>
					<height>48</height>
					<font>font11</font>
					<label>$LOCALIZE[103]</label>
					<textoffsetx>10</textoffsetx>
				</control>
				<control type="togglebutton" id="4"><!-- Sort direction button -->
					<width>376</width>
					<height>48</height>
					<label>$LOCALIZE[21429]: $LOCALIZE[21430]</label>
					<altlabel>$LOCALIZE[21429]: $LOCALIZE[21431]</altlabel>
					<font>font11</font>
					<textoffsetx>10</textoffsetx>
				</control>
				<control type="button" id="5"><!-- Addon updates button -->
					<width>376</width>
					<height>48</height>
					<font>font11</font>
					<textoffsetx>10</textoffsetx>
					<label>$LOCALIZE[24063]</label>
				</control>
				<control type="radiobutton" id ="6"><!-- Notifications button -->
					<width>376</width>
					<height>48</height>
					<font>font11</font>
					<textoffsetx>10</textoffsetx>
					<label>$LOCALIZE[25000]</label>
					<radioposx>340</radioposx>
				</control>
				<control type="radiobutton" id ="7"><!-- Hide foreign button -->
					<width>376</width>
					<height>48</height>
					<font>font11</font>
					<textoffsetx>10</textoffsetx>
					<label>$LOCALIZE[25001]</label>
					<radioposx>340</radioposx>
				</control>
				<control type="radiobutton" id ="8"><!-- Hide broken button -->
					<width>376</width>
					<height>48</height>
					<font>font11</font>
					<textoffsetx>10</textoffsetx>
					<label>$LOCALIZE[24999]</label>
					<radioposx>340</radioposx>
				</control>
			</control>
		</control>
	</controls>
</window>
