<?xml version="1.0" encoding="UTF-8"?>
<window>
	<defaultcontrol always="true">7</defaultcontrol>
	<include>screen-fade</include>
	<coordinates>
		<system>1</system>
		<left>0</left>
		<top>0</top>
	</coordinates>
	<controls>
		<include>background</include>
		<control type="group">
			<control type="label"><!-- Header -->
				<left>946</left>
				<top>50</top>
				<width>309</width>
				<height>36</height>
				<font>font20</font>
				<label>$LOCALIZE[19047]</label>
				<align>center</align>
			</control>
			<control type="label"><!-- Title -->
				<left>60</left>
				<top>100</top>
				<width>650</width>
				<height>40</height>
				<font>font22</font>
				<label>$INFO[ListItem.Title]</label>
				<align>center</align>
			</control>
			<control type="group">
				<control type="group">
					<left>60</left>
					<top>150</top>
					<control type="label"><!-- Time description -->
						<left>0</left>
						<top>0</top>
						<width>170</width>
						<height>25</height>
						<align>right</align>
						<font>font12</font>
						<label>$LOCALIZE[142]</label>
					</control>
					<control type="label"><!-- Time -->
						<left>180</left>
						<top>0</top>
						<width>470</width>
						<height>25</height>
						<font>font12</font>
						<label>$INFO[ListItem.StartTime] - $INFO[ListItem.EndTime] ($INFO[ListItem.StartDate])</label>
					</control>
					<control type="label"><!-- Duration -->
						<left>0</left>
						<top>35</top>
						<width>170</width>
						<height>25</height>
						<align>right</align>
						<font>font12</font>
						<label>$LOCALIZE[180]:</label>
					</control>
					<control type="label"><!-- Duration value -->
						<left>180</left>
						<top>35</top>
						<width>470</width>
						<height>25</height>
						<font>font12</font>
						<label>$INFO[ListItem.Duration]</label>
					</control>
					<control type="label"><!-- Channel Name -->
						<left>0</left>
						<top>70</top>
						<width>170</width>
						<height>25</height>
						<align>right</align>
						<font>font12</font>
						<label>$LOCALIZE[19148]:</label>
					</control>
					<control type="fadelabel"><!-- Channel Value -->
						<left>180</left>
						<top>70</top>
						<width>470</width>
						<height>25</height>
						<font>font12</font>
						<label>$INFO[ListItem.ChannelName]</label>
					</control>
					<control type="label"><!-- Genre -->
						<left>0</left>
						<top>105</top>
						<width>170</width>
						<height>25</height>
						<align>right</align>
						<font>font12</font>
						<label>$LOCALIZE[135]:</label>
					</control>
					<control type="label"><!-- Genre value -->
						<left>180</left>
						<top>105</top>
						<width>470</width>
						<height>25</height>
						<label fallback="161">$INFO[ListItem.Genre]</label>
						<font>font12</font>
						<include condition="Skin.HasSetting(text-autoscroll)">scrolltext</include>
					</control>
				</control>
				<control type="textbox" id="400"><!-- Plot -->
					<left>40</left>
					<top>305</top>
					<width>1200</width>
					<height>300</height>
					<font>font11</font>
					<align>justify</align>
					<pagecontrol>-</pagecontrol>
					<autoscroll time="2000" delay="3000" repeat="5000">Skin.HasSetting(text-autoscroll)</autoscroll>
					<label fallback="161">$INFO[ListItem.Plot]</label>
				</control>
				<control type="grouplist" id="9000">
					<left>256</left>
					<top>620</top>
					<width>768</width>
					<height>56</height>
					<itemgap>0</itemgap>
					<align>center</align>
					<orientation>horizontal</orientation>
					<onleft>9000</onleft>
					<onright>9000</onright>
					<onup>60</onup>
					<ondown>60</ondown>
					<control type="button" id="5"><!-- Switch to Channel -->
						<height>56</height>
						<width>256</width>
						<label>$LOCALIZE[19165]</label>
						<align>center</align>
					</control>
					<control type="button" id="6"><!-- Record -->
						<height>56</height>
						<width>256</width>
						<align>center</align>
					</control>
					<control type="button" id="7"><!-- OK -->
						<height>56</height>
						<width>256</width>
						<label>$LOCALIZE[186]</label>
						<align>center</align>
					</control>
				</control>
			</control>
		</control>
	</controls>
</window>