<?xml version="1.0" encoding="utf-8"?>
<window>
	<coordinates>
		<left>0</left>
		<top>0</top>
	</coordinates>
	<include>screen-fade</include>
	<controls>
		<visible>![Window.IsVisible(infodialog) | Window.IsVisible(mutebug)]</visible>
		<control type="image"><!-- Dialog background -->
			<left>902</left>
			<top>12</top>
			<width>354</width>
			<height>162</height>
			<texture border="8">button-menu-background.png</texture>
		</control>
		<control type="progress">
			<left>965</left>
			<top>87</top>
			<width>226</width>
			<height>40</height>
			<info>Player.Volume</info>
			<colordiffuse>ProgressBarColor</colordiffuse>
			<texturebg>blank.png</texturebg>
			<midtexture>colours/blue.png</midtexture>
			<animation effect="fade" start="50" end="50" time="0" condition="Player.Passthrough">Conditional</animation>
			<visible>IntegerGreaterThan(Player.Volume,-60)</visible>
		</control>
		<control type="image"><!-- Volume bar overlay -->
			<left>965</left>
			<top>87</top>
			<width>226</width>
			<height>40</height>
			<texture>volume-overlay.png</texture>
		</control>
		<control type="label" id="0"><!-- Volume -->
			<left>1025</left>
			<top>22</top>
			<width>212</width>
			<height>80</height>
			<font>font22</font>
			<align>center</align>
			<info>Player.Volume</info>
		</control>
		<control type="image">
			<left>919</left>
			<top>32</top>
			<width>113</width>
			<height>80</height>
			<texture>volume-thingy.png</texture>
		</control>
		<control type="label"><!-- Passthrough -->
			<left>910</left>
			<top>137</top>
			<width>340</width>
			<height>20</height>
			<label>$LOCALIZE[29802]</label>
			<font>font12</font>
			<align>center</align>
			<visible>Player.Passthrough</visible>
		</control>
	</controls>
</window>