<?xml version="1.0" encoding="UTF-8"?>
<window>
	<defaultcontrol>10</defaultcontrol>
	<coordinates>
		<left>0</left>
		<top>0</top>
	</coordinates>
	<include>screen-fade</include>
	<controls>
		<include>fadebackground</include>
		<control type="image"><!-- Dialog background -->
			<left>248</left>
			<top>169</top>
			<width>778</width>
			<height>425</height>
			<texture border="8">button-menu-background.png</texture>
		</control>
		<control type="label"><!-- Dialog heading -->
			<left>291</left>
			<top>185</top>
			<width>743</width>
			<height>25</height>
			<label>$LOCALIZE[1007]</label>
			<font>font12</font>
		</control>
		<control type="spincontrolex" id="10"><!-- Protocol -->
			<left>291</left>
			<top>230</top>
			<height>40</height>
			<width>708</width>
			<font>font12</font>
			<textoffsetx>12</textoffsetx>
			<reverse>yes</reverse>
			<label>$LOCALIZE[1008]</label>
			<onup>18</onup>
			<ondown>11</ondown>
			<onleft>10</onleft>
			<onright>10</onright>
		</control>
		<control type="edit" id="11"><!-- Server address -->
			<left>291</left>
			<top>274</top>
			<width>566</width>
			<height>40</height>
			<font>font12</font>
			<textoffsetx>10</textoffsetx>
			<onup>10</onup>
			<onleft>12</onleft>
			<onright>12</onright>
			<ondown>16</ondown>
		</control>
		<control type="button" id="12"><!-- Server browse -->
			<left>863</left>
			<top>274</top>
			<width>136</width>
			<height>40</height>
			<font>font12</font>
			<textoffsetx>10</textoffsetx>
			<label>$LOCALIZE[1024]</label>
			<align>center</align>
			<onup>10</onup>
			<onleft>11</onleft>
			<onright>11</onright>
			<ondown>16</ondown>
		</control>
		<control type="edit" id="16"><!-- Remote path -->
			<left>291</left>
			<top>318</top>
			<width>708</width>
			<height>40</height>
			<font>font12</font>
			<textoffsetx>10</textoffsetx>
			<onup>11</onup>
			<onleft>16</onleft>
			<onright>16</onright>
			<ondown>13</ondown>
		</control>
		<control type="edit" id="13"><!-- Port -->
			<left>291</left>
			<top>362</top>
			<width>708</width>
			<height>40</height>
			<font>font12</font>
			<textoffsetx>10</textoffsetx>
			<label>$LOCALIZE[1013]</label>
			<onup>16</onup>
			<onleft>13</onleft>
			<onright>13</onright>
			<ondown>14</ondown>
		</control>
		<control type="edit" id="14"><!-- Username -->
			<left>291</left>
			<top>405</top>
			<width>708</width>
			<height>40</height>
			<font>font12</font>
			<textoffsetx>10</textoffsetx>
			<label>$LOCALIZE[1014]</label>
			<onup>13</onup>
			<onleft>14</onleft>
			<onright>14</onright>
			<ondown>15</ondown>
		</control>
		<control type="edit" id="15"><!-- Password -->
			<left>291</left>
			<top>449</top>
			<width>708</width>
			<height>40</height>
			<font>font12</font>
			<textoffsetx>10</textoffsetx>
			<label>$LOCALIZE[15052]</label>
			<onup>14</onup>
			<onleft>15</onleft>
			<onright>15</onright>
			<ondown>18</ondown>
		</control>
		<control type="button" id="18"><!-- OK -->
			<left>721</left>
			<top>505</top>
			<width>136</width>
			<height>40</height>
			<font>font12</font>
			<textoffsetx>10</textoffsetx>
			<align>center</align>
			<label>$LOCALIZE[186]</label>
			<onup>15</onup>
			<onleft>19</onleft>
			<onright>19</onright>
			<ondown>10</ondown>
		</control>
		<control type="button" id="19"><!-- Cancel -->
			<left>863</left>
			<top>505</top>
			<width>136</width>
			<height>40</height>
			<font>font12</font>
			<textoffsetx>10</textoffsetx>
			<align>center</align>
			<label>$LOCALIZE[222]</label>
			<onup>15</onup>
			<onleft>18</onleft>
			<onright>18</onright>
			<ondown>10</ondown>
		</control>
	</controls>
</window>