<?xml version="1.0" encoding="UTF-8"?>
<window>
	<defaultcontrol always="true">11</defaultcontrol>
	<coordinates>
		<system>1</system>
		<posx>0</posx>
		<posy>0</posy>
	</coordinates>
	<include>screen-fade</include>
	<controls>
		<include>fadebackground</include>
		<control type="group">
			<control type="image"><!-- Dialog background -->
				<posx>400</posx>
				<posy>35</posy>
				<width>480</width>
				<height>650</height>
				<texture border="8">button-menu-background.png</texture>
			</control>
			<control type="label"><!-- Header -->
				<posx>412</posx>
				<posy>47</posy>
				<width>456</width>
				<height>24</height>
				<font>font12</font>
				<label>$LOCALIZE[19023] - $INFO[VideoPlayer.ChannelGroup]</label>
				<align>center</align>
				<visible>!pvr.IsPlayingRadio</visible>
			</control>
			<control type="label"><!-- Header -->
				<posx>412</posx>
				<posy>47</posy>
				<width>456</width>
				<height>24</height>
				<font>font12</font>
				<label>$LOCALIZE[19024] - $INFO[MusicPlayer.ChannelGroup]</label>
				<align>center</align>
				<visible>pvr.IsPlayingRadio</visible>
			</control>
			<control type="label"><!-- Header -->
				<posx>412</posx>
				<posy>75</posy>
				<width>456</width>
				<height>24</height>
				<font>font12</font>
				<label>$INFO[System.Date(DDD)], $INFO[System.Date(d)] $INFO[System.Date(mmm)] $INFO[System.Date(yyyy)] • $INFO[System.Time]</label>
				<align>center</align>
			</control>
			<control type="list" id="11">
				<posx>412</posx>
				<posy>105</posy>
				<width>420</width>
				<height>510</height>
				<onleft>60</onleft>
				<onright>60</onright>
				<onup>11</onup>
				<ondown>11</ondown>
				<viewtype label="535">list</viewtype>
				<pagecontrol>60</pagecontrol>
				<scrolltime>200</scrolltime>
				<itemlayout height="102" width="420">
					<control type="label">
						<posx>12</posx>
						<posy>12</posy>
						<width>40</width>
						<height>24</height>
						<font>font12</font>
						<label>$INFO[ListItem.ChannelNumber]</label>
					</control>
					<control type="image">
						<posx>12</posx>
						<posy>40</posy>
						<width>20</width>
						<height>20</height>
						<texture>overlayisrecording.png</texture>
						<visible>ListItem.IsRecording</visible>
					</control>
					<control type="label">
						<posx>56</posx>
						<posy>12</posy>
						<width>350</width>
						<height>24</height>
						<font>font11</font>
						<label>$INFO[ListItem.Label]</label>
					</control>
					<control type="label">
						<posx>56</posx>
						<posy>40</posy>
						<width>350</width>
						<height>24</height>
						<font>font11</font>
						<label>$INFO[ListItem.Title]</label>
						<visible>IsEmpty(Listitem.Icon)</visible>
					</control>
					<control type="label">
						<posx>56</posx>
						<posy>40</posy>
						<width>300</width>
						<height>24</height>
						<font>font11</font>
						<selectedcolor>button-text</selectedcolor>
						<label>$INFO[ListItem.Title]</label>
						<visible>!IsEmpty(Listitem.Icon)</visible>
					</control>
					<control type="label">
						<posx>56</posx>
						<posy>68</posy>
						<width>60</width>
						<height>24</height>
						<font>font11</font>
						<selectedcolor>button-text</selectedcolor>
						<label>$INFO[ListItem.StartTime]</label>
						<visible>ListItem.HasEpg</visible>
					</control>
					<control type="progress">
						<posx>110</posx>
						<posy>78</posy>
						<width>225</width>
						<height>6</height>
						<colordiffuse>ScrollBarColor</colordiffuse>
						<info>ListItem.Progress</info>
						<visible>ListItem.HasEpg</visible>
					</control>
					<control type="label">
						<posx>350</posx>
						<posy>68</posy>
						<width>60</width>
						<height>24</height>
						<font>font11</font>
						<selectedcolor>button-text</selectedcolor>
						<label>$INFO[ListItem.EndTime]</label>
						<visible>ListItem.HasEpg</visible>
					</control>
					<control type="image">
						<posx>364</posx>
						<posy>4</posy>
						<width>40</width>
						<height>40</height>
						<texture>$INFO[ListItem.Icon]</texture>
					</control>
				</itemlayout>
				<focusedlayout height="102" width="420">
					<control type="image">
						<posx>0</posx>
						<posy>0</posy>
						<width>420</width>
						<height>102</height>
						<texture border="8">button-default-focus.png</texture>
						<visible>Control.HasFocus(11)</visible>
					</control>
					<control type="label">
						<posx>12</posx>
						<posy>12</posy>
						<width>40</width>
						<height>24</height>
						<font>font12</font>
						<selectedcolor>button-text</selectedcolor>
						<label>$INFO[ListItem.ChannelNumber]</label>
					</control>
					<control type="image">
						<posx>12</posx>
						<posy>40</posy>
						<width>20</width>
						<height>20</height>
						<texture>overlayisrecording.png</texture>
						<visible>ListItem.IsRecording</visible>
					</control>
					<control type="label">
						<posx>56</posx>
						<posy>12</posy>
						<width>350</width>
						<height>24</height>
						<font>font11</font>
						<label>$INFO[ListItem.Label]</label>
					</control>
					<control type="label">
						<posx>56</posx>
						<posy>40</posy>
						<width>350</width>
						<height>24</height>
						<font>font11</font>
						<selectedcolor>button-text</selectedcolor>
						<label>$INFO[ListItem.Title]</label>
						<visible>IsEmpty(Listitem.Icon)</visible>
					</control>
					<control type="label">
						<posx>56</posx>
						<posy>40</posy>
						<width>300</width>
						<height>24</height>
						<font>font11</font>
						<selectedcolor>button-text</selectedcolor>
						<label>$INFO[ListItem.Title]</label>
						<visible>!IsEmpty(Listitem.Icon)</visible>
					</control>
					<control type="label">
						<posx>56</posx>
						<posy>68</posy>
						<width>60</width>
						<height>24</height>
						<font>font11</font>
						<selectedcolor>button-text</selectedcolor>
						<label>$INFO[ListItem.StartTime]</label>
						<visible>ListItem.HasEpg</visible>
					</control>
					<control type="progress">
						<posx>110</posx>
						<posy>78</posy>
						<width>225</width>
						<height>6</height>
						<colordiffuse>ScrollBarColor</colordiffuse>
						<info>ListItem.Progress</info>
						<visible>ListItem.HasEpg</visible>
					</control>
					<control type="label">
						<posx>350</posx>
						<posy>68</posy>
						<width>60</width>
						<height>24</height>
						<font>font11</font>
						<selectedcolor>button-text</selectedcolor>
						<label>$INFO[ListItem.EndTime]</label>
						<visible>ListItem.HasEpg</visible>
					</control>
					<control type="image">
						<posx>364</posx>
						<posy>4</posy>
						<width>40</width>
						<height>40</height>
						<texture>$INFO[ListItem.Icon]</texture>
					</control>
				</focusedlayout>
			</control>
			<control type="scrollbar" id="60">
				<posx>840</posx>
				<posy>105</posy>
				<width>20</width>
				<height>510</height>
				<onleft>11</onleft>
				<onright>11</onright>
				<ondown>61</ondown>
				<onup>61</onup>
				<animation condition="!Control.HasFocus(60) + !Container.Scrolling + !StringCompare(Skin.String(show-scrollbar),$LOCALIZE[31875])" effect="fade" start="100" end="0" time="200" reversible="true">Conditional</animation>
				<visible>!StringCompare(Skin.String(show-scrollbar),$LOCALIZE[31877])</visible>
			</control>
			<control type="label"><!-- Number of files text label -->
				<posx>850</posx>
				<posy>635</posy>
				<width>400</width>
				<height>25</height>
				<align>right</align>
				<label>$INFO[Container(11).NumItems, $LOCALIZE[127]]</label>
			</control>
		</control>
	</controls>
</window>