<?xml version="1.0" encoding="UTF-8"?>
<window type="dialog" id="144">
	<include>screen-fade</include>
	<coordinates>
		<left>0</left>
		<top>0</top>
	</coordinates>
	<controls>
		<include>fadebackground</include>
		<control type="group">
			<visible>![Window.IsVisible(infodialog) | Window.IsVisible(busydialog) | Window.IsVisible(sliderdialog) | Window.IsVisible(volumebar)]</visible>
			<control type="image"><!-- Button Background -->
				<left>440</left>
				<top>0</top>
				<width>400</width>
				<height>476</height>
				<texture border="8">button-menu-background.png</texture>
			</control>
			<control type="label" id="401"><!-- Song number -->
				<left>460</left>
				<top>0</top>
				<width>380</width>
				<height>22</height>
				<align>center</align>
				<font>font11</font>
			</control>
			<control type="label" id="402"><!-- Song name -->
				<left>460</left>
				<top>15</top>
				<width>380</width>
				<height>22</height>
				<align>center</align>
				<font>font11</font>
				<textcolor>info-text</textcolor>
			</control>
		</control>
	</controls>
</window>
