<?xml version="1.0" encoding="UTF-8"?>
<window>
	<defaultcontrol always="true">1000</defaultcontrol>
	<coordinates>
		<origin x="0" y="0"/>
	</coordinates>
	<include>screen-fade</include>
	<controls>
		<include>fadebackground</include>
		<control type="group">
			<left>384</left>
			<top>116</top>
			<control type="image" id="999"><!-- Dialog background image -->
				<left>0</left>
				<top>0</top>
				<width>516</width>
				<height>550</height>
				<texture border="8">button-menu-background.png</texture>
			</control>
			<control type="grouplist" id="996"><!-- Grouplist for context buttons -->
				<left>10</left>
				<top>10</top>
				<width>496</width>
				<height min="10" max="528">auto</height>
				<itemgap>0</itemgap>
				<control type="button" id="1000"><!-- Button template -->
					<left>0</left>
					<top>0</top>
					<width>496</width>
					<height>48</height>
					<align>center</align>
					<aligny>center</aligny>
					<onleft>Close</onleft>
					<onright>Close</onright>
				</control>
			</control>
		</control>
	</controls>
</window>