<?xml version="1.0" encoding="UTF-8"?>
<window type="dialog">
	<coordinates>
		<system>1</system>
		<left>0</left>
		<top>0</top>
	</coordinates>
	<controls>
		<control type="group" id="250">
			<control type="image"><!-- media info background image -->
				<include>fullscreenimage</include>
				<texture>colours/black.png</texture>
			</control>
			<control type="group">
				<control type="image" id="110"><!-- Service Logo -->
					<left>940</left>
					<top>35</top>
					<width>250</width>
					<height>40</height>
					<aspectratio>keep</aspectratio>
				</control>
				<control type="label" id="100"><!-- header label -->
					<left>940</left>
					<top>35</top>
					<width>320</width>
					<height>40</height>
					<align>left</align>
					<visible>IsEmpty(Control.GetLabel(110))</visible>
				</control>
				<control type="label"><!-- Video label -->
					<left>40</left>
					<top>35</top>
					<width>890</width>
					<height>40</height>
					<font>font18</font>
					<label>$INFO[Player.Filename]</label>
					<align>left</align>
				</control>
				<control type="image">
					<left>10</left>
					<top>85</top>
					<width>1260</width>
					<height>4</height>
					<texture>separator.png</texture>
				</control>
			</control>
			<control type="group">
				<control type="list" id="120">
					<left>40</left>
					<top>131</top>
					<width>860</width>
					<height>440</height>
					<onleft>23</onleft>
					<onright>150</onright>
					<onup>120</onup>
					<ondown>120</ondown>
					<viewtype label="535">list</viewtype>
					<pagecontrol>23</pagecontrol>
					<scrolltime>200</scrolltime>
					<itemlayout width="860" height="40">
						<control type="image">
							<left>5</left>
							<top>7</top>
							<width>26</width>
							<height>26</height>
							<texture>special://skin/extras/flags/$INFO[ListItem.Thumb].png</texture>
						</control>
						<control type="label">
							<left>40</left>
							<top>5</top>
							<width>90</width>
							<height>30</height>
							<font>font11</font>
							<align>left</align>
							<label>$INFO[ListItem.Label]</label>
							<include condition="Skin.HasSetting(text-autoscroll)">scrolltext</include>
						</control>
						<control type="image">
							<left>132</left>
							<top>10</top>
							<width>28</width>
							<height>28</height>
							<texture>osd-btn-subtitle.png</texture>
							<visible>ListItem.property(hearing_imp)</visible>
						</control>
						<control type="image">
							<left>160</left>
							<top>14</top>
							<width>40</width>
							<height>12</height>
							<texture>icon-sync.png</texture>
							<visible>ListItem.property(sync)</visible>
						</control>
						<control type="label">
							<left>205</left>
							<top>5</top>
							<width>560</width>
							<height>30</height>
							<font>font11</font>
							<align>left</align>
							<label>$INFO[ListItem.Label2]</label>
							<include condition="Skin.HasSetting(text-autoscroll)">scrolltext</include>
						</control>
						<control type="image">
							<left>765</left>
							<top>12</top>
							<width>90</width>
							<height>17</height>
							<texture>rating$INFO[ListItem.ActualIcon].png</texture>
						</control>
					</itemlayout>
					<focusedlayout width="860" height="40">
						<control type="image">
							<left>0</left>
							<top>0</top>
							<width>860</width>
							<height>40</height>
							<texture border="8">button-default-focus.png</texture>
							<visible>Control.HasFocus(120)</visible>
						</control>
						<control type="image">
							<left>5</left>
							<top>7</top>
							<width>26</width>
							<height>26</height>
							<texture>special://skin/extras/flags/$INFO[ListItem.Thumb].png</texture>
						</control>
						<control type="label">
							<left>40</left>
							<top>5</top>
							<width>90</width>
							<height>30</height>
							<font>font11</font>
							<align>left</align>
							<label>$INFO[ListItem.Label]</label>
							<include condition="Skin.HasSetting(text-autoscroll)">scrolltext</include>
						</control>
						<control type="image">
							<left>132</left>
							<top>10</top>
							<width>28</width>
							<height>28</height>
							<texture>osd-btn-subtitle.png</texture>
							<visible>ListItem.property(hearing_imp)</visible>
						</control>
						<control type="image">
							<left>160</left>
							<top>14</top>
							<width>40</width>
							<height>12</height>
							<texture>icon-sync.png</texture>
							<visible>ListItem.property(sync)</visible>
						</control>
						<control type="label">
							<left>205</left>
							<top>5</top>
							<width>560</width>
							<height>30</height>
							<font>font11</font>
							<align>left</align>
							<label>$INFO[ListItem.Label2]</label>
							<include condition="Skin.HasSetting(text-autoscroll)">scrolltext</include>
						</control>
						<control type="image">
							<left>765</left>
							<top>12</top>
							<width>90</width>
							<height>17</height>
							<texture>rating$INFO[ListItem.ActualIcon].png</texture>
						</control>
					</focusedlayout>
				</control>
				<control type="scrollbar" id="23"><!-- Scrollbar -->
					<left>10</left>
					<top>126</top>
					<width>18</width>
					<height>450</height>
					<onright>120</onright>
					<animation condition="!Control.HasFocus(23) + !Container.Scrolling + !StringCompare(Skin.String(show-scrollbar),$LOCALIZE[31875])" effect="fade" start="100" end="0" time="200" reversible="true">Conditional</animation>
					<visible>!StringCompare(Skin.String(show-scrollbar),$LOCALIZE[31877])</visible>
				</control>
				<control type="group" id="130">
					<control type="grouplist">
						<left>40</left>
						<top>610</top>
						<width>605</width>
						<height>40</height>
						<orientation>horizontal</orientation>
						<itemgap>5</itemgap>
						<control type="image">
							<width>30</width>
							<height>30</height>
							<texture>kai-info.png</texture>
						</control>
						<control type="label"><!-- notification -->
							<width min="10" max="570">auto</width>
							<height>30</height>
							<font>font12</font>
							<label>$LOCALIZE[31657]</label>
						</control>
					</control>
				</control>
			</control>
			<control type="label" id="140"><!-- textarea -->
				<left>40</left>
				<top>660</top>
				<width>1200</width>
				<height>40</height>
				<font>font12</font>
				<align>center</align>
				<wrapmultiline>true</wrapmultiline>
			</control>
			<control type="group">
				<control type="list" id="150">
					<left>924</left>
					<top>131</top>
					<width>338</width>
					<height>360</height>
					<onleft>120</onleft>
					<onup>160</onup>
					<ondown>160</ondown>
					<viewtype label="535">list</viewtype>
					<scrolltime>200</scrolltime>
					<itemlayout width="338" height="40">
						<control type="label">
							<left>166</left>
							<top>0</top>
							<width>280</width>
							<height>40</height>
							<font>font12</font>
							<align>center</align>
							<info>ListItem.Label</info>
						</control>
					</itemlayout>
					<focusedlayout width="338" height="40">
						<control type="image">
							<left>0</left>
							<top>0</top>
							<width>338</width>
							<height>40</height>
							<texture border="8">button-default-focus.png</texture>
							<visible>Control.HasFocus(150)</visible>
						</control>
						<control type="label">
							<left>166</left>
							<top>0</top>
							<width>280</width>
							<height>40</height>
							<font>font12</font>
							<align>center</align>
							<info>ListItem.Label</info>
						</control>
					</focusedlayout>
				</control>
				<control type="button" id="160"><!-- Manual search button -->
					<left>924</left>
					<top>610</top>
					<width>338</width>
					<height>40</height>
					<onleft>120</onleft>
					<onright>120</onright>
					<onup>150</onup>
					<ondown>150</ondown>
					<label>$LOCALIZE[24120]</label>
					<font>font12</font>
					<align>center</align>
					<textoffsetx>18</textoffsetx>
				</control>
			</control>
		</control>
	</controls>
</window>
