<?xml version="1.0" encoding="UTF-8"?>
<window type="dialog" id="142">
	<include>screen-fade</include>
	<controls>
		<control type="group">
			<visible>![Window.IsVisible(sliderdialog) | Window.IsVisible(osdvideosettings) | Window.IsVisible(osdaudiosettings) | Window.IsVisible(videobookmarks)]</visible>
			<control type="group">
				<control type="image"><!-- Dialog background -->
					<left>0</left>
					<top>462</top>
					<height>264</height>
					<width>1280</width>
					<texture>background.png</texture>
					<colordiffuse>osd-background</colordiffuse>
				</control>
				<include>player-mediaicon</include>
			</control>

			<control type="label"><!-- Title of currently playing video -->
				<left>290</left>
				<top>460</top>
				<width>960</width>
				<height>25</height>
				<label>$INFO[VideoPlayer.Title]</label>
				<align>center</align>
				<visible>!VideoPlayer.Content(LiveTV)</visible>
			</control>
			<control type="group"><!-- Details of Live TV Program -->
				<visible>VideoPlayer.Content(LiveTV)</visible>
				<control type="label"><!-- TV Channel Number -->
					<left>8</left>
					<top>380</top>
					<width>150</width>
					<height>48</height>
					<textcolor>info-text</textcolor>
					<label>$INFO[VideoPlayer.ChannelNumber]</label>
					<font>font28</font>
				</control>
				<control type="label"><!-- TV Channel Name -->
					<left>8</left>
					<top>430</top>
					<width>400</width>
					<height>25</height>
					<label>$INFO[VideoPlayer.ChannelName]</label>
				</control>
				<control type="label"><!-- Title of Live TV Program -->
					<left>290</left>
					<top>460</top>
					<width>475</width>
					<height>25</height>
					<label>$INFO[VideoPlayer.Title,$LOCALIZE[19030]: ,]</label>
				</control>
				<control type="label"><!-- Tv Show title up next -->
					<left>775</left>
					<top>460</top>
					<width>475</width>
					<height>25</height>
					<label>$INFO[VideoPlayer.NextTitle,$LOCALIZE[19031]: ,]</label>
					<align>right</align>
					<textcolor>disabled-text</textcolor>
				</control>
			</control>
			<control type="image">
				<left>290</left>
				<top>488</top>
				<width>960</width>
				<height>4</height>
				<texture>separator.png</texture>
			</control>
			<control type="textbox"><!-- Plot (Show if available)-->
				<left>290</left>
				<top>494</top>
				<width>960</width>
				<height>105</height>
				<font>font11</font>
				<label>$INFO[VideoPlayer.Plot]</label>
				<align>justify</align>
				<autoscroll time="4000" delay="12000" repeat="8000">Skin.HasSetting(text-autoscroll)</autoscroll>
				<visible>!IsEmpty(VideoPlayer.Plot)</visible>
			</control>
			<control type="textbox"><!-- Plot Outline (Show if plot not found)-->
				<left>290</left>
				<top>494</top>
				<width>960</width>
				<height>105</height>
				<font>font11</font>
				<label>$INFO[VideoPlayer.PlotOutline]</label>
				<align>justify</align>
				<autoscroll time="4000" delay="6000" repeat="8000">Skin.HasSetting(text-autoscroll)</autoscroll>
				<visible>!IsEmpty(VideoPlayer.PlotOutline) + IsEmpty(VideoPlayer.Plot)</visible>
			</control>

			<control type="grouplist"><!-- Media flags -->
				<left>670</left>
				<top>606</top>
				<width>232</width>
				<height>40</height>
				<align>center</align>
				<orientation>horizontal</orientation>
				<itemgap>-8</itemgap>
				<animation effect="fade" start="0" end="100" time="1000">WindowOpen</animation>
				<!-- Hack to check if media flag image is available -->
				<control type="image" id="161">
					<width>1</width>
					<height>40</height>
					<colordiffuse>HideControl</colordiffuse>
					<texture background="true" fallback="blank.png">$INFO[VideoPlayer.AudioCodec,special://skin/extras/images/audio/,.png]</texture>
					<visible>!IsEmpty(VideoPlayer.AudioCodec)</visible>
				</control>
				<control type="image" id="162">
					<width>1</width>
					<height>40</height>
					<colordiffuse>HideControl</colordiffuse>
					<texture background="true" fallback="blank.png">$INFO[VideoPlayer.VideoCodec,special://skin/extras/images/video/,.png]</texture>
					<visible>!IsEmpty(VideoPlayer.VideoCodec)</visible>
				</control>
				<control type="image" id="163">
					<width>1</width>
					<height>40</height>
					<texture background="true" fallback="blank.png">$INFO[VideoPlayer.VideoAspect,special://skin/extras/images/aspectratio/,.png]</texture>
					<colordiffuse>HideControl</colordiffuse>
					<visible>!IsEmpty(VideoPlayer.VideoAspect)</visible>
				</control>
				<control type="image" id="164">
					<width>1</width>
					<height>40</height>
					<colordiffuse>HideControl</colordiffuse>
					<texture background="true" fallback="blank.png">$INFO[VideoPlayer.VideoResolution,special://skin/extras/images/resolution/,.png]</texture>
					<visible>!IsEmpty(VideoPlayer.VideoResolution)</visible>
				</control>
				<control type="image" id="171"><!-- Audio Codec -->
					<width>54</width>
					<height>40</height>
					<texture background="true">$INFO[VideoPlayer.AudioCodec,special://skin/extras/images/audio/,.png]</texture>
					<visible>!IsEmpty(VideoPlayer.AudioCodec) + !StringCompare(Control.GetLabel(161),blank.png)</visible>
				</control>
				<control type="image" id="172"><!-- Video Codec -->
					<width>54</width>
					<height>40</height>
					<texture background="true">$INFO[VideoPlayer.VideoCodec,special://skin/extras/images/video/,.png]</texture>
					<visible>!IsEmpty(VideoPlayer.VideoCodec) + !StringCompare(Control.GetLabel(162),blank.png)</visible>
				</control>
				<control type="image" id="173"><!-- Video Aspect Ratio -->
					<width>54</width>
					<height>40</height>
					<texture background="true">$INFO[VideoPlayer.VideoAspect,special://skin/extras/images/aspectratio/,.png]</texture>
					<visible>!IsEmpty(VideoPlayer.VideoAspect) + !StringCompare(Control.GetLabel(163),blank.png)</visible>
				</control>
				<control type="image" id="174"><!-- Video Resolution -->
					<width>54</width>
					<height>40</height>
					<texture background="true">$INFO[VideoPlayer.VideoResolution,special://skin/extras/images/resolution/,.png]</texture>
					<visible>!IsEmpty(VideoPlayer.VideoResolution) + !StringCompare(Control.GetLabel(164),blank.png)</visible>
				</control>
			</control>

			<control type="group">
				<visible>[Window.IsVisible(fullscreenvideo)] + ![Window.IsVisible(sliderdialog) | Window.IsVisible(osdvideosettings) | Window.IsVisible(osdaudiosettings) | Window.IsVisible(videobookmarks)]</visible>
				<control type="label">
					<left>8</left>
					<top>644</top>
					<width>220</width>
					<height>26</height>
					<font>font10</font>
					<label>[COLOR=disabled-text]($INFO[System.Time])[/COLOR] $INFO[VideoPlayer.Time]</label>
					<align>right</align>
				</control>
				<control type="label">
					<left>1048</left>
					<top>644</top>
					<width>220</width>
					<height>26</height>
					<font>font10</font>
					<label>-$INFO[VideoPlayer.TimeRemaining] [COLOR=disabled-text]($INFO[Player.FinishTime])[/COLOR]</label>
				</control>

				<control type="progress">
					<left>238</left>
					<top>652</top>
					<width>800</width>
					<height>16</height>
					<info>Player.ProgressCache</info>
					<colordiffuse>FF777777</colordiffuse>
				</control>
				<control type="progress">
					<left>238</left>
					<top>652</top>
					<width>800</width>
					<height>16</height>
					<info>Player.Progress</info>
					<colordiffuse>ProgressBarColor</colordiffuse>
				</control>
				<control type="slider">
					<left>238</left>
					<top>650</top>
					<width>800</width>
					<height>20</height>
					<info>Player.Progress</info>
				</control>
			</control>
		</control>
	</controls>
</window>
