<?xml version="1.0" encoding="utf-8"?>
<includes>
	<include name="HorzHomeMenu">
		<control type="group"><!-- Build up home menu shelf image -->
			<control type="image">
				<left>0</left>
				<top>0</top>
				<width>1280</width>
				<height>192</height>
				<texture>colours/grey.png</texture>
			</control>
			<control type="image">
				<left>0</left>
				<top>192</top>
				<width>1280</width>
				<height>102</height>
				<texture>colours/midgrey.png</texture>
			</control>
			<control type="image">
				<left>0</left>
				<top>0</top>
				<width>1280</width>
				<height>294</height>
				<texture>menu-mask.png</texture>
				<colordiffuse>BBF9F9F9</colordiffuse>
			</control>
		</control>

		<include condition="!Skin.HasSetting(home-time)">horizontalhome-time</include><!-- Show time on home screen -->

		<control type="grouplist" id="9800"><!-- Shelf icons-->
			<left>0</left>
			<top>0</top>
			<width>1280</width>
			<height>295</height>
			<itemgap>0</itemgap>
			<orientation>horizontal</orientation>
			<control type="group" id="9155"><!-- Movie icons -->
				<visible>Control.HasFocus(9150) | Control.HasFocus(9160) | !IsEmpty(Window.Property(ShowMovie))</visible>
				<control type="group">
					<visible>StringCompare(Skin.String(shelf-movieimages),$LOCALIZE[31953]) | !IntegerGreaterThan(Container(9160).NumItems,0)</visible>
					<control type="image">
						<left>552</left>
						<top>38</top>
						<width>176</width>
						<height>176</height>
						<texture>DefaultVideo.png</texture>
					</control>
					<control type="image">
						<left>552</left>
						<top>214</top>
						<width>176</width>
						<height>176</height>
						<texture flipy="true" diffuse="mask-fade.png">DefaultVideo.png</texture>
					</control>
				</control>
				<control type="group">
					<visible>!StringCompare(Skin.String(shelf-movieimages),$LOCALIZE[31953])</visible>
					<include file="Includes_Shelf.xml">movie-shelficons</include>
				</control>
			</control>

			<control type="group" id="9205"><!-- TV Shows icons -->
				<visible>Control.HasFocus(9200) | Control.HasFocus(9210) | !IsEmpty(Window.Property(ShowTVShow))</visible>
				<control type="group">
					<visible>StringCompare(Skin.String(shelf-tvshowimages),$LOCALIZE[31953]) | !IntegerGreaterThan(Container(9210).NumItems,0)</visible>
					<control type="image">
						<left>552</left>
						<top>38</top>
						<width>176</width>
						<height>176</height>
						<texture>DefaultTvshows.png</texture>
					</control>
					<control type="image">
						<left>552</left>
						<top>214</top>
						<width>176</width>
						<height>176</height>
						<texture flipy="true" diffuse="mask-fade.png">DefaultTvshows.png</texture>
					</control>
				</control>
				<control type="group">
					<visible>!StringCompare(Skin.String(shelf-tvshowimages),$LOCALIZE[31953])</visible>
					<include file="Includes_Shelf.xml">tvshow-shelficons</include>
				</control>
			</control>

			<control type="group" id="9255"><!-- Music icons -->
				<visible>Control.HasFocus(9250) | Control.HasFocus(9260) | !IsEmpty(Window.Property(ShowMusic))</visible>
				<control type="group">
					<visible>StringCompare(Skin.String(shelf-musicimages),$LOCALIZE[31953]) | !IntegerGreaterThan(Container(9260).NumItems,0)</visible>
					<control type="image">
						<left>552</left>
						<top>38</top>
						<width>176</width>
						<height>176</height>
						<texture>DefaultAudio.png</texture>
					</control>
					<control type="image">
						<left>552</left>
						<top>214</top>
						<width>176</width>
						<height>176</height>
						<texture flipy="true" diffuse="mask-fade.png">DefaultAudio.png</texture>
					</control>
				</control>
				<control type="group">
					<visible>!StringCompare(Skin.String(shelf-musicimages),$LOCALIZE[31953])</visible>
					<include file="Includes_Shelf.xml">music-shelficons</include>
				</control>
			</control>

			<control type="group" id="9355"><!-- Addon icons -->
				<visible>Control.HasFocus(9350) | Control.HasFocus(9360) | !IsEmpty(Window.Property(ShowAddon))</visible>
				<control type="group">
					<visible>StringCompare(Skin.String(shelf-addonimages),$LOCALIZE[31953]) | !IntegerGreaterThan(Container(9360).NumItems,0)</visible>
					<control type="image">
						<left>552</left>
						<top>38</top>
						<width>176</width>
						<height>176</height>
						<texture>DefaultAddon.png</texture>
					</control>
					<control type="image">
						<left>552</left>
						<top>214</top>
						<width>176</width>
						<height>176</height>
						<texture flipy="true" diffuse="mask-fade.png">DefaultAddon.png</texture>
					</control>
				</control>
				<control type="group">
					<visible>!StringCompare(Skin.String(shelf-addonimages),$LOCALIZE[31953])</visible>
					<include file="Includes_Shelf.xml">addons-shelficons</include>
				</control>
			</control>

			<control type="group" id="9405"><!-- Weather icons -->
				<visible>Control.HasFocus(9400) | !IsEmpty(Window.Property(ShowWeather))</visible>
				<control type="group">
					<visible>!Weather.IsFetched</visible>
					<control type="image">
						<left>552</left>
						<top>38</top>
						<width>176</width>
						<height>176</height>
						<texture>icon-weather.png</texture>
					</control>
					<control type="image">
						<left>552</left>
						<top>214</top>
						<width>176</width>
						<height>176</height>
						<texture flipy="true" diffuse="mask-fade.png">icon-weather.png</texture>
					</control>
				</control>
				<control type="group">
					<visible>Weather.IsFetched</visible>
					<include condition="!IsEmpty(Weather.plugin) + [Skin.HasSetting(home-weather) | Skin.HasSetting(home-currentweather)]" file="Includes_Shelf.xml">ShelfWeather</include>
				</control>
			</control>

			<control type="group"><!-- Default Shelf icons -->
				<visible>![Control.IsVisible(9155) | Control.IsVisible(9205) | Control.IsVisible(9255) | Control.IsVisible(9355) | Control.IsVisible(9405)]</visible>
				<control type="image">
					<left>552</left>
					<top>38</top>
					<width>176</width>
					<height>176</height>
					<texture>$VAR[HorzHomeShelfIcon]</texture>
				</control>
				<control type="image">
					<left>552</left>
					<top>214</top>
					<width>176</width>
					<height>176</height>
					<texture flipy="true" diffuse="mask-fade.png">$VAR[HorzHomeShelfIcon]</texture>
				</control>
			</control>
		</control>

		<control type="group"><!-- Main Horizontal menu bar -->
			<visible>Window.IsActive(home)</visible>
			<control type="image"><!-- Background image for menu area -->
				<left>0</left>
				<top>292</top>
				<width>1280</width>
				<height>428</height>
				<texture>colours/black.png</texture>
			</control>
			<control type="image">
				<left>0</left>
				<top>290</top>
				<width>1280</width>
				<height>4</height>
				<texture>separator.png</texture>
			</control>
			<control type="image">
				<left>0</left>
				<top>360</top>
				<width>1280</width>
				<height>4</height>
				<texture>separator.png</texture>
			</control>
		</control>

		<control type="button" id="9005"><!-- Play bump sound if user tries to leave menu by undefined direction -->
			<left>-30</left>
			<top>-30</top>
			<width>1</width>
			<height>1</height>
			<onfocus>SetFocus(9000)</onfocus>
			<onfocus>ActivateWindow(1157)</onfocus>
		</control>
		<control type="button" id="9050"><!-- Play bump sound if user tries to leave Movie shelf by undefined direction -->
			<left>-40</left>
			<top>-40</top>
			<width>1</width>
			<height>1</height>
			<onfocus>SetFocus(9160)</onfocus>
			<onfocus>ActivateWindow(1157)</onfocus>
		</control>
		<control type="button" id="9052"><!-- Play bump sound if user tries to leave TV shelf by undefined direction -->
			<left>-50</left>
			<top>-50</top>
			<width>1</width>
			<height>1</height>
			<onfocus>SetFocus(9210)</onfocus>
			<onfocus>ActivateWindow(1157)</onfocus>
		</control>
		<control type="button" id="9054"><!-- Play bump sound if user tries to leave Music shelf by undefined direction -->
			<left>-60</left>
			<top>-60</top>
			<width>1</width>
			<height>1</height>
			<onfocus>SetFocus(9260)</onfocus>
			<onfocus>ActivateWindow(1157)</onfocus>
		</control>
		<control type="button" id="9056"><!-- Play bump sound if user tries to leave Addons shelf by undefined direction -->
			<left>-70</left>
			<top>-70</top>
			<width>1</width>
			<height>1</height>
			<onfocus>SetFocus(9360)</onfocus>
			<onfocus>ActivateWindow(1157)</onfocus>
		</control>

		<control type="grouplist" id="9000"><!-- Home Sub menus -->
			<left>10</left>
			<top>295</top>
			<width>1260</width>
			<height>345</height>
			<itemgap>0</itemgap>
			<orientation>horizontal</orientation>
			<align>center</align>
			<control type="group" id="9120"><!-- Video sub menu -->
				<visible>!Skin.HasSetting(home-video) | !IsEmpty(Window.Property(ShowVideo))</visible>
				<width>210</width>
				<control type="image">
					<left>0</left>
					<top>0</top>
					<width>210</width>
					<height>66</height>
					<texture>menu-focus.png</texture>
					<visible>Control.HasFocus(9100) | !IsEmpty(Window.Property(ShowVideo))</visible>
				</control>
				<control type="label">
					<left>0</left>
					<top>17</top>
					<width>210</width>
					<height>32</height>
					<font>font18</font>
					<align>center</align>
					<label>$INFO[Container(9100).ListItem.Label2]</label>
					<animation condition="Control.HasFocus(9160) | Control.HasFocus(9210) | Control.HasFocus(9260) | Control.HasFocus(9360)" effect="fade" start="100" end="65">Conditional</animation>
				</control>
				<control type="label">
					<left>0</left>
					<top>72</top>
					<width>210</width>
					<height>22</height>
					<font>font11</font>
					<align>center</align>
					<label>$VAR[VideoList0]</label>
					<textcolor>disabled-text</textcolor>
					<camera x="105" y="72" />
					<animation effect="rotatex" center="72" end="65" time="0" condition="Control.HasFocus(9100)">Conditional</animation>
					<include condition="Skin.HasSetting(text-autoscroll)">scrolltext</include>
					<visible>Control.HasFocus(9100)</visible>
				</control>
				<control type="label">
					<left>0</left>
					<top>292</top>
					<width>210</width>
					<height>22</height>
					<font>font11</font>
					<align>center</align>
					<aligny>center</aligny>
					<label>$VAR[VideoList6]</label>
					<textcolor>disabled-text</textcolor>
					<camera x="105" y="292" />
					<animation effect="rotatex" center="292" end="-65" time="0" condition="Control.HasFocus(9100)">Conditional</animation>
					<include condition="Skin.HasSetting(text-autoscroll)">scrolltext</include>
					<visible>Control.HasFocus(9100)</visible>
				</control>
				<control type="list" id="9100">
					<animation condition="!Control.HasFocus(9100)" effect="fade" start="100" end="0" reversible="false">Conditional</animation>
					<animation condition="Control.HasFocus(9100)" effect="fade" start="0" end="100" reversible="false">Conditional</animation>
					<left>0</left>
					<top>82</top>
					<width>210</width>
					<height>210</height>
					<scrolltime>200</scrolltime>
					<onup>9005</onup>
					<ondown>9005</ondown>
					<onleft>9005</onleft>
					<onright>9170</onright>
					<itemgap>0</itemgap>
					<viewtype label="List">List</viewtype>
					<itemlayout height="42" width="210">
						<control type="label">
							<left>8</left>
							<top>8</top>
							<width>194</width>
							<height>22</height>
							<font>font11</font>
							<align>center</align>
							<label>$INFO[ListItem.Label]</label>
							<include condition="Skin.HasSetting(text-autoscroll)">scrolltext</include>
						</control>
					</itemlayout>
					<focusedlayout height="42" width="210">
						<control type="image">
							<left>0</left>
							<top>0</top>
							<width>210</width>
							<height>42</height>
							<texture border="8">button-default-focus.png</texture>
						</control>
						<control type="label">
							<left>8</left>
							<top>8</top>
							<width>194</width>
							<height>22</height>
							<font>font11</font>
							<align>center</align>
							<label>$INFO[ListItem.Label]</label>
							<include condition="Skin.HasSetting(text-autoscroll)">scrolltext</include>
						</control>
					</focusedlayout>
					<content>
						<item><!-- Files -->
							<label>$LOCALIZE[744]</label>
							<label2>$LOCALIZE[3]</label2>
							<onclick>ActivateWindow(Videos,Files,return)</onclick>
						</item>
						<item><!-- Library root -->
							<label>$LOCALIZE[14022]</label>
							<label2>$LOCALIZE[3]</label2>
							<onclick>ActivateWindow(Videolibrary,root,return)</onclick>
						</item>
						<item><!-- Movies -->
							<visible>Library.HasContent(Movies)</visible>
							<label>$LOCALIZE[342]</label>
							<label2>$LOCALIZE[3]</label2>
							<onclick>ActivateWindow(Videos,Movies,return)</onclick>
						</item>
						<item><!-- TV shows -->
							<visible>Library.HasContent(TVShows)</visible>
							<label>$LOCALIZE[20343]</label>
							<label2>$LOCALIZE[3]</label2>
							<onclick>ActivateWindow(Videos,TvShows,return)</onclick>
						</item>
						<item><!-- Music videos -->
							<visible>Library.HasContent(MusicVideos)</visible>
							<label>$LOCALIZE[20389]</label>
							<label2>$LOCALIZE[3]</label2>
							<onclick>ActivateWindow(Videos,MusicVideos,return)</onclick>
						</item>
						<item><!-- Addons -->
							<label>$LOCALIZE[24001]</label>
							<label2>$LOCALIZE[3]</label2>
							<onclick>ActivateWindow(Videos,Addons,return)</onclick>
						</item>
					</content>
				</control>
				<control type="button">
					<!-- Hidden button to show menu heading when over video menu area -->
					<left>0</left>
					<top>0</top>
					<width>210</width>
					<height>94</height>
					<texturenofocus>-</texturenofocus>
					<texturefocus>-</texturefocus>
					<onclick>SetFocus(9100)</onclick>
					<onfocus>SetProperty(ShowVideo,True)</onfocus>
					<onunfocus>ClearProperty(ShowVideo)</onunfocus>
				</control>
			</control>
			<control type="group" id="9170"><!-- Movie sub menu -->
				<visible>!Skin.HasSetting(home-movie) | !IsEmpty(Skin.String(CustomMovies.1.Path)) | !IsEmpty(Skin.String(CustomMovies.2.Path)) | !IsEmpty(Skin.String(CustomMovies.3.Path)) | !IsEmpty(Skin.String(CustomMovies.4.Path)) | !IsEmpty(Skin.String(CustomMovies.5.Path))</visible>
				<width>210</width>
				<control type="image">
					<left>0</left>
					<top>0</top>
					<width>210</width>
					<height>66</height>
					<texture>menu-focus.png</texture>
					<animation condition="Control.HasFocus(9160)" effect="fade" start="100" end="65">Conditional</animation>
					<visible>Control.HasFocus(9150) | Control.HasFocus(9160) | !IsEmpty(Window.Property(ShowMovie))</visible>
				</control>
				<control type="label">
					<left>0</left>
					<top>17</top>
					<width>210</width>
					<height>32</height>
					<font>font18</font>
					<align>center</align>
					<label>$INFO[Container(9150).ListItem.Label2]</label>
					<animation condition="Control.HasFocus(9210) | Control.HasFocus(9260) | Control.HasFocus(9360)" effect="fade" start="100" end="65">Conditional</animation>
				</control>
				<control type="label">
					<left>0</left>
					<top>72</top>
					<width>210</width>
					<height>22</height>
					<font>font11</font>
					<align>center</align>
					<label>$VAR[MovieList0]</label>
					<textcolor>disabled-text</textcolor>
					<camera x="105" y="72" />
					<animation effect="rotatex" center="72" end="65" time="0" condition="Control.HasFocus(9150)">Conditional</animation>
					<include condition="Skin.HasSetting(text-autoscroll)">scrolltext</include>
					<visible>Control.HasFocus(9150)</visible>
				</control>
				<control type="label">
					<left>0</left>
					<top>292</top>
					<width>210</width>
					<height>22</height>
					<font>font11</font>
					<align>center</align>
					<label>$VAR[MovieList6]</label>
					<textcolor>disabled-text</textcolor>
					<camera x="105" y="292" />
					<animation effect="rotatex" center="292" end="-65" time="0" condition="Control.HasFocus(9150)">Conditional</animation>
					<include condition="Skin.HasSetting(text-autoscroll)">scrolltext</include>
					<visible>Control.HasFocus(9150)</visible>
				</control>
				<control type="list" id="9150">
					<animation condition="!Control.HasFocus(9150)" effect="fade" start="100" end="0" reversible="false">Conditional</animation>
					<animation condition="Control.HasFocus(9150)" effect="fade" start="0" end="100" reversible="false">Conditional</animation>
					<left>0</left>
					<top>82</top>
					<width>210</width>
					<height>210</height>
					<scrolltime>200</scrolltime>
					<onup>9155</onup>
					<ondown>9005</ondown>
					<onleft>9120</onleft>
					<onright>9220</onright>
					<itemgap>0</itemgap>
					<viewtype label="List">List</viewtype>
					<itemlayout height="42" width="210">
						<control type="label">
							<left>8</left>
							<top>8</top>
							<width>194</width>
							<height>22</height>
							<font>font11</font>
							<align>center</align>
							<label>$INFO[ListItem.Label]</label>
							<include condition="Skin.HasSetting(text-autoscroll)">scrolltext</include>
						</control>
					</itemlayout>
					<focusedlayout height="42" width="210">
						<control type="image">
							<left>0</left>
							<top>0</top>
							<width>210</width>
							<height>42</height>
							<texture border="8">button-default-focus.png</texture>
						</control>
						<control type="label">
							<left>8</left>
							<top>8</top>
							<width>194</width>
							<height>22</height>
							<font>font11</font>
							<align>center</align>
							<label>$INFO[ListItem.Label]</label>
							<include condition="Skin.HasSetting(text-autoscroll)">scrolltext</include>
						</control>
					</focusedlayout>
					<content>
						<item><!-- Movies -->
							<visible>!Skin.HasSetting(home-movie)</visible>
							<label>$LOCALIZE[31026]</label>
							<label2>$LOCALIZE[20338]</label2>
							<onclick>$VAR[MovieLibEntry]</onclick>
						</item>
						<item><!-- Custom Movie 1 -->
							<visible>!IsEmpty(Skin.String(CustomMovies.1.Path))</visible>
							<label>$INFO[Skin.String(CustomMovies.1.Label)]</label>
							<label2>$LOCALIZE[20338]</label2>
							<onclick>$INFO[Skin.String(CustomMovies.1.Path)]</onclick>
						</item>
						<item><!-- Custom Movie 2 -->
							<visible>!IsEmpty(Skin.String(CustomMovies.2.Path))</visible>
							<label>$INFO[Skin.String(CustomMovies.2.Label)]</label>
							<label2>$LOCALIZE[20338]</label2>
							<onclick>$INFO[Skin.String(CustomMovies.2.Path)]</onclick>
						</item>
						<item><!-- Custom Movie 3 -->
							<visible>!IsEmpty(Skin.String(CustomMovies.3.Path))</visible>
							<label>$INFO[Skin.String(CustomMovies.3.Label)]</label>
							<label2>$LOCALIZE[20338]</label2>
							<onclick>$INFO[Skin.String(CustomMovies.3.Path)]</onclick>
						</item>
						<item><!-- Custom Movie 4 -->
							<visible>!IsEmpty(Skin.String(CustomMovies.4.Path))</visible>
							<label>$INFO[Skin.String(CustomMovies.4.Label)]</label>
							<label2>$LOCALIZE[20338]</label2>
							<onclick>$INFO[Skin.String(CustomMovies.4.Path)]</onclick>
						</item>
						<item><!-- Custom Movie 5 -->
							<visible>!IsEmpty(Skin.String(CustomMovies.5.Path))</visible>
							<label>$INFO[Skin.String(CustomMovies.5.Label)]</label>
							<label2>$LOCALIZE[20338]</label2>
							<onclick>$INFO[Skin.String(CustomMovies.5.Path)]</onclick>
						</item>
						<item><!-- Video addons -->
							<label>$LOCALIZE[24001]</label>
							<label2>$LOCALIZE[20338]</label2>
							<onclick>ActivateWindow(Videos,Addons,return)</onclick>
						</item>
					</content>
				</control>
				<control type="button">
					<!-- Hidden button to show menu heading when over movie menu area -->
					<left>0</left>
					<top>0</top>
					<width>210</width>
					<height>94</height>
					<texturenofocus>-</texturenofocus>
					<texturefocus>-</texturefocus>
					<onclick>SetFocus(9150)</onclick>
					<onfocus>SetProperty(ShowMovie,True)</onfocus>
					<onunfocus>ClearProperty(ShowMovie)</onunfocus>
				</control>
			</control>
			<control type="group" id="9220"><!-- TV Shows sub menu -->
				<visible>!Skin.HasSetting(home-tvshows) | !IsEmpty(Skin.String(CustomTVShow.1.Path)) | !IsEmpty(Skin.String(CustomTVShow.2.Path)) | !IsEmpty(Skin.String(CustomTVShow.3.Path)) | !IsEmpty(Skin.String(CustomTVShow.4.Path)) | !IsEmpty(Skin.String(CustomTVShow.5.Path))</visible>
				<width>210</width>
				<control type="image">
					<left>0</left>
					<top>0</top>
					<width>210</width>
					<height>66</height>
					<texture>menu-focus.png</texture>
					<animation condition="Control.HasFocus(9210)" effect="fade" start="100" end="65">Conditional</animation>
					<visible>Control.HasFocus(9200) | Control.HasFocus(9210) | !IsEmpty(Window.Property(ShowTVShow))</visible>
				</control>
				<control type="label">
					<left>0</left>
					<top>17</top>
					<width>210</width>
					<height>32</height>
					<font>font18</font>
					<align>center</align>
					<label>$INFO[Container(9200).ListItem.Label2]</label>
					<animation condition="Control.HasFocus(9160) | Control.HasFocus(9260) | Control.HasFocus(9360)" effect="fade" start="100" end="65">Conditional</animation>
				</control>
				<control type="label">
					<left>0</left>
					<top>72</top>
					<width>210</width>
					<height>22</height>
					<font>font11</font>
					<align>center</align>
					<label>$VAR[TVShowList0]</label>
					<textcolor>disabled-text</textcolor>
					<camera x="105" y="72" />
					<animation effect="rotatex" center="72" end="65" time="0" condition="Control.HasFocus(9200)">Conditional</animation>
					<include condition="Skin.HasSetting(text-autoscroll)">scrolltext</include>
					<visible>Control.HasFocus(9200)</visible>
				</control>
				<control type="label">
					<left>0</left>
					<top>292</top>
					<width>210</width>
					<height>22</height>
					<font>font11</font>
					<align>center</align>
					<label>$VAR[TVShowList6]</label>
					<textcolor>disabled-text</textcolor>
					<camera x="105" y="292" />
					<animation effect="rotatex" center="292" end="-65" time="0" condition="Control.HasFocus(9200)">Conditional</animation>
					<include condition="Skin.HasSetting(text-autoscroll)">scrolltext</include>
					<visible>Control.HasFocus(9200)</visible>
				</control>
				<control type="list" id="9200">
					<animation condition="!Control.HasFocus(9200)" effect="fade" start="100" end="0" reversible="false">Conditional</animation>
					<animation condition="Control.HasFocus(9200)" effect="fade" start="0" end="100" reversible="false">Conditional</animation>
					<left>0</left>
					<top>82</top>
					<width>210</width>
					<height>210</height>
					<scrolltime>200</scrolltime>
					<onup>9205</onup>
					<ondown>9005</ondown>
					<onleft>9170</onleft>
					<onright>9520</onright>
					<itemgap>0</itemgap>
					<viewtype label="List">List</viewtype>
					<itemlayout height="42" width="210">
						<control type="label">
							<left>8</left>
							<top>8</top>
							<width>194</width>
							<height>22</height>
							<font>font11</font>
							<align>center</align>
							<label>$INFO[ListItem.Label]</label>
							<include condition="Skin.HasSetting(text-autoscroll)">scrolltext</include>
						</control>
					</itemlayout>
					<focusedlayout height="42" width="210">
						<control type="image">
							<left>0</left>
							<top>0</top>
							<width>210</width>
							<height>42</height>
							<texture border="8">button-default-focus.png</texture>
						</control>
						<control type="label">
							<left>8</left>
							<top>8</top>
							<width>194</width>
							<height>22</height>
							<font>font11</font>
							<align>center</align>
							<label>$INFO[ListItem.Label]</label>
							<include condition="Skin.HasSetting(text-autoscroll)">scrolltext</include>
						</control>
					</focusedlayout>
					<content>
						<item><!-- TV shows library -->
							<visible>!Skin.HasSetting(home-tvshows)</visible>
							<label>$LOCALIZE[31027]</label>
							<label2>$LOCALIZE[31027]</label2>
							<onclick>$VAR[TVLibEntry]</onclick>
						</item>
						<item><!-- Custom TV Shows 1 -->
							<visible>!IsEmpty(Skin.String(CustomTVShow.1.Path))</visible>
							<label>$INFO[Skin.String(CustomTVShow.1.Label)]</label>
							<label2>$LOCALIZE[31027]</label2>
							<onclick>$INFO[Skin.String(CustomTVShow.1.Path)]</onclick>
						</item>
						<item><!-- Custom TV Shows 2 -->
							<visible>!IsEmpty(Skin.String(CustomTVShow.2.Path))</visible>
							<label>$INFO[Skin.String(CustomTVShow.2.Label)]</label>
							<label2>$LOCALIZE[31027]</label2>
							<onclick>$INFO[Skin.String(CustomTVShow.2.Path)]</onclick>
						</item>
						<item><!-- Custom TV Shows 3 -->
							<visible>!IsEmpty(Skin.String(CustomTVShow.3.Path))</visible>
							<label>$INFO[Skin.String(CustomTVShow.3.Label)]</label>
							<label2>$LOCALIZE[31027]</label2>
							<onclick>$INFO[Skin.String(CustomTVShow.3.Path)]</onclick>
						</item>
						<item><!-- Custom TV Shows 4 -->
							<visible>!IsEmpty(Skin.String(CustomTVShow.4.Path))</visible>
							<label>$INFO[Skin.String(CustomTVShow.4.Label)]</label>
							<label2>$LOCALIZE[31027]</label2>
							<onclick>$INFO[Skin.String(CustomTVShow.4.Path)]</onclick>
						</item>
						<item><!-- Custom TV Shows 5 -->
							<visible>!IsEmpty(Skin.String(CustomTVShow.5.Path))</visible>
							<label>$INFO[Skin.String(CustomTVShow.5.Label)]</label>
							<label2>$LOCALIZE[31027]</label2>
							<onclick>$INFO[Skin.String(CustomTVShow.5.Path)]</onclick>
						</item>
						<item><!-- Video addons -->
							<label>$LOCALIZE[24001]</label>
							<label2>$LOCALIZE[31027]</label2>
							<onclick>ActivateWindow(Videos,Addons,return)</onclick>
						</item>
					</content>
				</control>
				<control type="button">
					<!-- Hidden button to show menu heading when over tvshows menu area -->
					<left>0</left>
					<top>0</top>
					<width>210</width>
					<height>94</height>
					<texturenofocus>-</texturenofocus>
					<texturefocus>-</texturefocus>
					<onclick>SetFocus(9200)</onclick>
					<onfocus>SetProperty(ShowTVShow,True)</onfocus>
					<onunfocus>ClearProperty(ShowTVShow)</onunfocus>
				</control>
			</control>
			<control type="group" id="9520"><!-- Broadcast sub menu -->
				<visible>System.GetBool(pvrmanager.enabled) + [Skin.HasSetting(home-tv) | Skin.HasSetting(home-radio) | !IsEmpty(Skin.String(CustomTV.1.Path)) | !IsEmpty(Skin.String(CustomTV.2.Path)) | !IsEmpty(Skin.String(CustomTV.3.Path)) | !IsEmpty(Skin.String(CustomTV.4.Path)) | !IsEmpty(Skin.String(CustomTV.5.Path)) | !IsEmpty(Skin.String(CustomRadio.1.Path)) | !IsEmpty(Skin.String(CustomRadio.2.Path)) | !IsEmpty(Skin.String(CustomRadio.3.Path)) | !IsEmpty(Skin.String(CustomRadio.4.Path)) | !IsEmpty(Skin.String(CustomRadio.5.Path))]</visible>
				<width>210</width>
				<control type="image">
					<left>0</left>
					<top>0</top>
					<width>210</width>
					<height>66</height>
					<texture>menu-focus.png</texture>
					<animation condition="Control.HasFocus(9210)" effect="fade" start="100" end="65">Conditional</animation>
					<visible>Control.HasFocus(9500) | !IsEmpty(Window.Property(ShowBroadcast))</visible>
				</control>
				<control type="label">
					<left>0</left>
					<top>17</top>
					<width>210</width>
					<height>32</height>
					<font>font18</font>
					<align>center</align>
					<label>$INFO[Container(9500).ListItem.Label2]</label>
					<animation condition="Control.HasFocus(9160) | Control.HasFocus(9260) | Control.HasFocus(9360)" effect="fade" start="100" end="65">Conditional</animation>
				</control>
				<control type="label">
					<left>0</left>
					<top>72</top>
					<width>210</width>
					<height>22</height>
					<font>font11</font>
					<align>center</align>
					<label>$VAR[BroadcastList0]</label>
					<textcolor>disabled-text</textcolor>
					<camera x="105" y="72" />
					<animation effect="rotatex" center="72" end="65" time="0" condition="Control.HasFocus(9200)">Conditional</animation>
					<include condition="Skin.HasSetting(text-autoscroll)">scrolltext</include>
					<visible>Control.HasFocus(9500)</visible>
				</control>
				<control type="label">
					<left>0</left>
					<top>292</top>
					<width>210</width>
					<height>22</height>
					<font>font11</font>
					<align>center</align>
					<label>$VAR[BroadcastList6]</label>
					<textcolor>disabled-text</textcolor>
					<camera x="105" y="292" />
					<animation effect="rotatex" center="292" end="-65" time="0" condition="Control.HasFocus(9200)">Conditional</animation>
					<include condition="Skin.HasSetting(text-autoscroll)">scrolltext</include>
					<visible>Control.HasFocus(9500)</visible>
				</control>
				<control type="list" id="9500">
					<animation condition="!Control.HasFocus(9500)" effect="fade" start="100" end="0" reversible="false">Conditional</animation>
					<animation condition="Control.HasFocus(9500)" effect="fade" start="0" end="100" reversible="false">Conditional</animation>
					<left>0</left>
					<top>82</top>
					<width>210</width>
					<height>210</height>
					<scrolltime>200</scrolltime>
					<onup>9005</onup>
					<ondown>9005</ondown>
					<onleft>9220</onleft>
					<onright>9270</onright>
					<itemgap>0</itemgap>
					<viewtype label="List">List</viewtype>
					<itemlayout height="42" width="210">
						<control type="label">
							<left>8</left>
							<top>8</top>
							<width>194</width>
							<height>22</height>
							<font>font11</font>
							<align>center</align>
							<label>$INFO[ListItem.Label]</label>
							<include condition="Skin.HasSetting(text-autoscroll)">scrolltext</include>
						</control>
					</itemlayout>
					<focusedlayout height="42" width="210">
						<control type="image">
							<left>0</left>
							<top>0</top>
							<width>210</width>
							<height>42</height>
							<texture border="8">button-default-focus.png</texture>
						</control>
						<control type="label">
							<left>8</left>
							<top>8</top>
							<width>194</width>
							<height>22</height>
							<font>font11</font>
							<align>center</align>
							<label>$INFO[ListItem.Label]</label>
							<include condition="Skin.HasSetting(text-autoscroll)">scrolltext</include>
						</control>
					</focusedlayout>
					<content>
						<item><!-- Live TV -->
							<visible>Skin.HasSetting(home-tv)</visible>
							<label>$LOCALIZE[19020]</label>
							<label2>$LOCALIZE[31031]</label2>
							<onclick>$VAR[TVEntry]</onclick>
						</item>
						<item><!-- Custom TV 1 -->
							<visible>!IsEmpty(Skin.String(CustomTV.1.Path))</visible>
							<label>$INFO[Skin.String(CustomTV.1.Label)]</label>
							<label2>$LOCALIZE[31031]</label2>
							<onclick>$INFO[Skin.String(CustomTV.1.Path)]</onclick>
						</item>
						<item><!-- Custom TV 2 -->
							<visible>!IsEmpty(Skin.String(CustomTV.2.Path))</visible>
							<label>$INFO[Skin.String(CustomTV.2.Label)]</label>
							<label2>$LOCALIZE[31031]</label2>
							<onclick>$INFO[Skin.String(CustomTV.2.Path)]</onclick>
						</item>
						<item><!-- Custom TV 3 -->
							<visible>!IsEmpty(Skin.String(CustomTV.3.Path))</visible>
							<label>$INFO[Skin.String(CustomTV.3.Label)]</label>
							<label2>$LOCALIZE[31031]</label2>
							<onclick>$INFO[Skin.String(CustomTV.3.Path)]</onclick>
						</item>
						<item><!-- Custom TV 4 -->
							<visible>!IsEmpty(Skin.String(CustomTV.4.Path))</visible>
							<label>$INFO[Skin.String(CustomTV.4.Label)]</label>
							<label2>$LOCALIZE[31031]</label2>
							<onclick>$INFO[Skin.String(CustomTV.4.Path)]</onclick>
						</item>
						<item><!-- Custom TV 5 -->
							<visible>!IsEmpty(Skin.String(CustomTV.5.Path))</visible>
							<label>$INFO[Skin.String(CustomTV.5.Label)]</label>
							<label2>$LOCALIZE[31031]</label2>
							<onclick>$INFO[Skin.String(CustomTV.5.Path)]</onclick>
						</item>
						<item><!-- Live Radio -->
							<visible>Skin.HasSetting(home-radio)</visible>
							<label>$LOCALIZE[19021]</label>
							<label2>$LOCALIZE[31031]</label2>
							<onclick>$VAR[RadioEntry]</onclick>
						</item>
						<item><!-- Custom Radio 1 -->
							<visible>!IsEmpty(Skin.String(CustomRadio.1.Path))</visible>
							<label>$INFO[Skin.String(CustomRadio.1.Label)]</label>
							<label2>$LOCALIZE[31031]</label2>
							<onclick>$INFO[Skin.String(CustomRadio.1.Path)]</onclick>
						</item>
						<item><!-- Custom Radio 2 -->
							<visible>!IsEmpty(Skin.String(CustomRadio.2.Path))</visible>
							<label>$INFO[Skin.String(CustomRadio.2.Label)]</label>
							<label2>$LOCALIZE[31031]</label2>
							<onclick>$INFO[Skin.String(CustomRadio.2.Path)]</onclick>
						</item>
						<item><!-- Custom Radio 3 -->
							<visible>!IsEmpty(Skin.String(CustomRadio.3.Path))</visible>
							<label>$INFO[Skin.String(CustomRadio.3.Label)]</label>
							<label2>$LOCALIZE[31031]</label2>
							<onclick>$INFO[Skin.String(CustomRadio.3.Path)]</onclick>
						</item>
						<item><!-- Custom Radio 4 -->
							<visible>!IsEmpty(Skin.String(CustomRadio.4.Path))</visible>
							<label>$INFO[Skin.String(CustomRadio.4.Label)]</label>
							<label2>$LOCALIZE[31031]</label2>
							<onclick>$INFO[Skin.String(CustomRadio.4.Path)]</onclick>
						</item>
						<item><!-- Custom Radio 5 -->
							<visible>!IsEmpty(Skin.String(CustomRadio.5.Path))</visible>
							<label>$INFO[Skin.String(CustomRadio.5.Label)]</label>
							<label2>$LOCALIZE[31031]</label2>
							<onclick>$INFO[Skin.String(CustomRadio.5.Path)]</onclick>
						</item>
					</content>
				</control>
				<control type="button">
					<!-- Hidden button to show menu heading when over tvshows menu area -->
					<left>0</left>
					<top>0</top>
					<width>210</width>
					<height>94</height>
					<texturenofocus>-</texturenofocus>
					<texturefocus>-</texturefocus>
					<onclick>SetFocus(9500)</onclick>
					<onfocus>SetProperty(ShowBroadcast,True)</onfocus>
					<onunfocus>ClearProperty(ShowBroadcast)</onunfocus>
				</control>
			</control>
			<control type="group" id="9270"><!-- Music Sub menu -->
				<visible>!Skin.HasSetting(home-music) | Skin.HasSetting(home-musicvideo) | !IsEmpty(Skin.String(CustomMusic.1.Path)) | !IsEmpty(Skin.String(CustomMusic.2.Path)) | !IsEmpty(Skin.String(CustomMusic.3.Path)) | !IsEmpty(Skin.String(CustomMusic.4.Path)) | !IsEmpty(Skin.String(CustomMusic.5.Path))</visible>
				<width>210</width>
				<control type="image">
					<left>0</left>
					<top>0</top>
					<width>210</width>
					<height>66</height>
					<texture>menu-focus.png</texture>
					<animation condition="Control.HasFocus(9260)" effect="fade" start="100" end="65">Conditional</animation>
					<visible>Control.HasFocus(9250) | Control.HasFocus(9260) | !IsEmpty(Window.Property(ShowMusic))</visible>
				</control>
				<control type="label">
					<left>0</left>
					<top>17</top>
					<width>210</width>
					<height>32</height>
					<font>font18</font>
					<align>center</align>
					<label>$INFO[Container(9250).ListItem.Label2]</label>
					<animation condition="Control.HasFocus(9160) | Control.HasFocus(9210) | Control.HasFocus(9360)" effect="fade" start="100" end="65">Conditional</animation>
				</control>
				<control type="label">
					<left>0</left>
					<top>72</top>
					<width>210</width>
					<height>22</height>
					<font>font11</font>
					<align>center</align>
					<label>$VAR[MusicList0]</label>
					<textcolor>disabled-text</textcolor>
					<camera x="105" y="72" />
					<animation effect="rotatex" center="72" end="65" time="0" condition="Control.HasFocus(9250)">Conditional</animation>
					<include condition="Skin.HasSetting(text-autoscroll)">scrolltext</include>
					<visible>Control.HasFocus(9250)</visible>
				</control>
				<control type="label">
					<left>0</left>
					<top>292</top>
					<width>210</width>
					<height>22</height>
					<font>font11</font>
					<align>center</align>
					<label>$VAR[MusicList6]</label>
					<textcolor>disabled-text</textcolor>
					<camera x="105" y="292" />
					<animation effect="rotatex" center="292" end="-65" time="0" condition="Control.HasFocus(9250)">Conditional</animation>
					<include condition="Skin.HasSetting(text-autoscroll)">scrolltext</include>
					<visible>Control.HasFocus(9250)</visible>
				</control>
				<control type="list" id="9250">
					<animation condition="!Control.HasFocus(9250)" effect="fade" start="100" end="0" reversible="false">Conditional</animation>
					<animation condition="Control.HasFocus(9250)" effect="fade" start="0" end="100" reversible="false">Conditional</animation>
					<left>0</left>
					<top>82</top>
					<width>210</width>
					<height>210</height>
					<scrolltime>200</scrolltime>
					<onup>9255</onup>
					<ondown>9005</ondown>
					<onleft>9520</onleft>
					<onright>9320</onright>
					<itemgap>0</itemgap>
					<viewtype label="List">List</viewtype>
					<itemlayout height="42" width="210">
						<control type="label">
							<left>8</left>
							<top>8</top>
							<width>194</width>
							<height>22</height>
							<font>font11</font>
							<align>center</align>
							<label>$INFO[ListItem.Label]</label>
							<include condition="Skin.HasSetting(text-autoscroll)">scrolltext</include>
						</control>
					</itemlayout>
					<focusedlayout height="42" width="210">
						<control type="image">
							<left>0</left>
							<top>0</top>
							<width>210</width>
							<height>42</height>
							<texture border="8">button-default-focus.png</texture>
						</control>
						<control type="label">
							<left>8</left>
							<top>8</top>
							<width>194</width>
							<height>22</height>
							<font>font11</font>
							<align>center</align>
							<label>$INFO[ListItem.Label]</label>
							<include condition="Skin.HasSetting(text-autoscroll)">scrolltext</include>
						</control>
					</focusedlayout>
					<content>
						<item><!-- Music -->
							<visible>!Skin.HasSetting(home-music)</visible>
							<label>$LOCALIZE[2]</label>
							<label2>$LOCALIZE[2]</label2>
							<onclick>$VAR[MusicLibEntry]</onclick>
						</item>
						<item><!-- Music videos -->
							<visible>Skin.HasSetting(home-musicvideo)</visible>
							<label>$LOCALIZE[31028]</label>
							<label2>$LOCALIZE[2]</label2>
							<onclick>$VAR[MusicVideoLibEntry]</onclick>
						</item>
						<item><!-- Custom Music 1 -->
							<visible>!IsEmpty(Skin.String(CustomMusic.1.Path))</visible>
							<label>$INFO[Skin.String(CustomMusic.1.Label)]</label>
							<label2>$LOCALIZE[2]</label2>
							<onclick>$INFO[Skin.String(CustomMusic.1.Path)]</onclick>
						</item>
						<item><!-- Custom Music 2 -->
							<visible>!IsEmpty(Skin.String(CustomMusic.2.Path))</visible>
							<label>$INFO[Skin.String(CustomMusic.2.Label)]</label>
							<label2>$LOCALIZE[2]</label2>
							<onclick>$INFO[Skin.String(CustomMusic.2.Path)]</onclick>
						</item>
						<item><!-- Custom Music 3 -->
							<visible>!IsEmpty(Skin.String(CustomMusic.3.Path))</visible>
							<label>$INFO[Skin.String(CustomMusic.3.Label)]</label>
							<label2>$LOCALIZE[2]</label2>
							<onclick>$INFO[Skin.String(CustomMusic.3.Path)]</onclick>
						</item>
						<item><!-- Custom Music 4 -->
							<visible>!IsEmpty(Skin.String(CustomMusic.4.Path))</visible>
							<label>$INFO[Skin.String(CustomMusic.4.Label)]</label>
							<label2>$LOCALIZE[2]</label2>
							<onclick>$INFO[Skin.String(CustomMusic.4.Path)]</onclick>
						</item>
						<item><!-- Custom Music 5 -->
							<visible>!IsEmpty(Skin.String(CustomMusic.5.Path))</visible>
							<label>$INFO[Skin.String(CustomMusic.5.Label)]</label>
							<label2>$LOCALIZE[2]</label2>
							<onclick>$INFO[Skin.String(CustomMusic.5.Path)]</onclick>
						</item>
						<item><!-- Music addons -->
							<label>$LOCALIZE[24001]</label>
							<label2>$LOCALIZE[2]</label2>
							<onclick>$VAR[MusicAddonEntry]</onclick>
						</item>
					</content>
				</control>
				<control type="button">
					<!-- Hidden button to show menu heading when over music menu area -->
					<left>0</left>
					<top>0</top>
					<width>210</width>
					<height>94</height>
					<texturenofocus>-</texturenofocus>
					<texturefocus>-</texturefocus>
					<onclick>SetFocus(9250)</onclick>
					<onfocus>SetProperty(ShowMusic,True)</onfocus>
					<onunfocus>ClearProperty(ShowMusic)</onunfocus>
				</control>
			</control>
			<control type="group" id="9320"><!-- Pictures Sub menu -->
				<visible>Skin.HasSetting(home-photos)</visible>
				<width>210</width>
				<control type="image">
					<left>0</left>
					<top>0</top>
					<width>210</width>
					<height>66</height>
					<texture>menu-focus.png</texture>
					<visible>Control.HasFocus(9300) | !IsEmpty(Window.Property(ShowPicture))</visible>
				</control>
				<control type="label">
					<left>0</left>
					<top>17</top>
					<width>210</width>
					<height>32</height>
					<font>font18</font>
					<align>center</align>
					<label>$INFO[Container(9300).ListItem.Label2]</label>
					<animation condition="Control.HasFocus(9160) | Control.HasFocus(9210) | Control.HasFocus(9260) | Control.HasFocus(9360)" effect="fade" start="100" end="65">Conditional</animation>
				</control>
				<control type="list" id="9300">
					<animation condition="!Control.HasFocus(9300)" effect="fade" start="100" end="0" reversible="false">Conditional</animation>
					<animation condition="Control.HasFocus(9300)" effect="fade" start="0" end="100" reversible="false">Conditional</animation>
					<left>0</left>
					<top>82</top>
					<width>210</width>
					<height>210</height>
					<scrolltime>200</scrolltime>
					<onup>9005</onup>
					<ondown>9005</ondown>
					<onleft>9270</onleft>
					<onright>9370</onright>
					<itemgap>0</itemgap>
					<viewtype label="List">List</viewtype>
					<itemlayout height="42" width="210">
						<control type="label">
							<left>8</left>
							<top>8</top>
							<width>194</width>
							<height>22</height>
							<font>font11</font>
							<align>center</align>
							<label>$INFO[ListItem.Label]</label>
							<include condition="Skin.HasSetting(text-autoscroll)">scrolltext</include>
						</control>
					</itemlayout>
					<focusedlayout height="42" width="210">
						<control type="image">
							<left>0</left>
							<top>0</top>
							<width>210</width>
							<height>42</height>
							<texture border="8">button-default-focus.png</texture>
						</control>
						<control type="label">
							<left>8</left>
							<top>8</top>
							<width>194</width>
							<height>22</height>
							<font>font11</font>
							<align>center</align>
							<label>$INFO[ListItem.Label]</label>
							<include condition="Skin.HasSetting(text-autoscroll)">scrolltext</include>
						</control>
					</focusedlayout>
					<content>
						<item><!-- Pictures -->
							<label>$LOCALIZE[1]</label>
							<label2>$LOCALIZE[1]</label2>
							<onclick>ActivateWindow(Pictures,,return)</onclick>
						</item>
						<item><!-- Picture addons -->
							<label>$LOCALIZE[24001]</label>
							<label2>$LOCALIZE[1]</label2>
							<onclick>ActivateWindow(Pictures,Addons,return)</onclick>
						</item>
					</content>
				</control>
				<control type="button">
					<!-- Hidden button to show menu heading when over picture menu area -->
					<left>0</left>
					<top>0</top>
					<width>210</width>
					<height>94</height>
					<texturenofocus>-</texturenofocus>
					<texturefocus>-</texturefocus>
					<onclick>SetFocus(9300)</onclick>
					<onfocus>SetProperty(ShowPicture,True)</onfocus>
					<onunfocus>ClearProperty(ShowPicture)</onunfocus>
				</control>
			</control>
			<control type="group" id="9370"><!-- Addons Sub menu -->
				<visible>!Skin.HasSetting(home-programs)</visible>
				<width>210</width>
				<control type="image">
					<left>0</left>
					<top>0</top>
					<width>210</width>
					<height>66</height>
					<texture>menu-focus.png</texture>
					<animation condition="Control.HasFocus(9360)" effect="fade" start="100" end="65">Conditional</animation>
					<visible>Control.HasFocus(9350) | Control.HasFocus(9360) | !IsEmpty(Window.Property(ShowAddon))</visible>
				</control>
				<control type="label">
					<left>0</left>
					<top>17</top>
					<width>210</width>
					<height>32</height>
					<font>font18</font>
					<align>center</align>
					<label>$INFO[Container(9350).ListItem.Label2]</label>
					<animation condition="Control.HasFocus(9160) | Control.HasFocus(9210) | Control.HasFocus(9260)" effect="fade" start="100" end="65">Conditional</animation>
				</control>
				<control type="label">
					<left>0</left>
					<top>72</top>
					<width>210</width>
					<height>22</height>
					<font>font11</font>
					<align>center</align>
					<label>$VAR[AddonList0]</label>
					<textcolor>disabled-text</textcolor>
					<camera x="105" y="72" />
					<animation effect="rotatex" center="72" end="65" time="0" condition="Control.HasFocus(9350)">Conditional</animation>
					<include condition="Skin.HasSetting(text-autoscroll)">scrolltext</include>
					<visible>Control.HasFocus(9350)</visible>
				</control>
				<control type="label">
					<left>0</left>
					<top>292</top>
					<width>210</width>
					<height>22</height>
					<font>font11</font>
					<align>center</align>
					<label>$VAR[AddonList6]</label>
					<textcolor>disabled-text</textcolor>
					<camera x="105" y="292" />
					<animation effect="rotatex" center="292" end="-65" time="0" condition="Control.HasFocus(9350)">Conditional</animation>
					<include condition="Skin.HasSetting(text-autoscroll)">scrolltext</include>
					<visible>Control.HasFocus(9350)</visible>
				</control>
				<control type="list" id="9350">
					<animation condition="!Control.HasFocus(9350)" effect="fade" start="100" end="0" reversible="false">Conditional</animation>
					<animation condition="Control.HasFocus(9350)" effect="fade" start="0" end="100" reversible="false">Conditional</animation>
					<left>0</left>
					<top>82</top>
					<width>210</width>
					<height>210</height>
					<scrolltime>200</scrolltime>
					<onup>9355</onup>
					<ondown>9005</ondown>
					<onleft>9320</onleft>
					<onright>9420</onright>
					<itemgap>0</itemgap>
					<viewtype label="List">List</viewtype>
					<itemlayout height="42" width="210">
						<control type="label">
							<left>8</left>
							<top>8</top>
							<width>194</width>
							<height>22</height>
							<font>font11</font>
							<align>center</align>
							<label>$INFO[ListItem.Label]</label>
							<include condition="Skin.HasSetting(text-autoscroll)">scrolltext</include>
						</control>
					</itemlayout>
					<focusedlayout height="42" width="210">
						<control type="image">
							<left>0</left>
							<top>0</top>
							<width>210</width>
							<height>42</height>
							<texture border="8">button-default-focus.png</texture>
						</control>
						<control type="label">
							<left>8</left>
							<top>8</top>
							<width>194</width>
							<height>22</height>
							<font>font11</font>
							<align>center</align>
							<label>$INFO[ListItem.Label]</label>
							<include condition="Skin.HasSetting(text-autoscroll)">scrolltext</include>
						</control>
					</focusedlayout>
					<content>
						<item><!-- Custom addons 1 -->
							<visible>!IsEmpty(Skin.String(CustomAddon.1.Path))</visible>
							<label>$INFO[Skin.String(CustomAddon.1.Label)]</label>
							<label2>$LOCALIZE[24001]</label2>
							<onclick>$INFO[Skin.String(CustomAddon.1.Path)]</onclick>
						</item>
						<item><!-- Custom addons 2 -->
							<visible>!IsEmpty(Skin.String(CustomAddon.2.Path))</visible>
							<label>$INFO[Skin.String(CustomAddon.2.Label)]</label>
							<label2>$LOCALIZE[24001]</label2>
							<onclick>$INFO[Skin.String(CustomAddon.2.Path)]</onclick>
						</item>
						<item><!-- Custom addons 3 -->
							<visible>!IsEmpty(Skin.String(CustomAddon.3.Path))</visible>
							<label>$INFO[Skin.String(CustomAddon.3.Label)]</label>
							<label2>$LOCALIZE[24001]</label2>
							<onclick>$INFO[Skin.String(CustomAddon.3.Path)]</onclick>
						</item>
						<item><!-- Custom addons 4 -->
							<visible>!IsEmpty(Skin.String(CustomAddon.4.Path))</visible>
							<label>$INFO[Skin.String(CustomAddon.4.Label)]</label>
							<label2>$LOCALIZE[24001]</label2>
							<onclick>$INFO[Skin.String(CustomAddon.4.Path)]</onclick>
						</item>
						<item><!-- Custom addons 5 -->
							<visible>!IsEmpty(Skin.String(CustomAddon.5.Path))</visible>
							<label>$INFO[Skin.String(CustomAddon.5.Label)]</label>
							<label2>$LOCALIZE[24001]</label2>
							<onclick>$INFO[Skin.String(CustomAddon.5.Path)]</onclick>
						</item>
						<item><!-- Video addons -->
							<label>$LOCALIZE[157]</label>
							<label2>$LOCALIZE[24001]</label2>
							<onclick>ActivateWindow(Videos,Addons,return)</onclick>
						</item>
						<item><!-- Music addons -->
							<label>$LOCALIZE[2]</label>
							<label2>$LOCALIZE[24001]</label2>
							<onclick>$VAR[MusicAddonEntry]</onclick>
						</item>
						<item><!-- Picture addons -->
							<label>$LOCALIZE[1]</label>
							<label2>$LOCALIZE[24001]</label2>
							<onclick>ActivateWindow(Pictures,Addons,return)</onclick>
						</item>
						<item><!-- Program addons -->
							<label>$LOCALIZE[0]</label>
							<label2>$LOCALIZE[24001]</label2>
							<onclick>ActivateWindow(Programs,Addons,return)</onclick>
						</item>
						<item><!-- Addon browser -->
							<label>$LOCALIZE[21452]</label>
							<label2>$LOCALIZE[24001]</label2>
							<onclick>ActivateWindow(AddonBrowser,,return)</onclick>
						</item>
					</content>
				</control>
				<control type="button">
					<!-- Hidden button to show menu heading when over addon menu area -->
					<left>0</left>
					<top>0</top>
					<width>210</width>
					<height>94</height>
					<texturenofocus>-</texturenofocus>
					<texturefocus>-</texturefocus>
					<onclick>SetFocus(9350)</onclick>
					<onfocus>SetProperty(ShowAddon,True)</onfocus>
					<onunfocus>ClearProperty(ShowAddon)</onunfocus>
				</control>
			</control>
			<control type="group" id="9420"><!-- Weather Sub menu -->
				<visible>!IsEmpty(Weather.plugin) + [Skin.HasSetting(home-weather) | Skin.HasSetting(home-currentweather)]</visible>
				<width>210</width>
				<control type="image">
					<left>0</left>
					<top>0</top>
					<width>210</width>
					<height>66</height>
					<texture>menu-focus.png</texture>
					<visible>Control.HasFocus(9400) | !IsEmpty(Window.Property(ShowWeather))</visible>
				</control>
				<control type="label">
					<left>0</left>
					<top>17</top>
					<width>210</width>
					<height>32</height>
					<font>font18</font>
					<align>center</align>
					<label>$INFO[Container(9400).ListItem.Label2]</label>
					<animation condition="Control.HasFocus(9160) | Control.HasFocus(9210) | Control.HasFocus(9260) | Control.HasFocus(9360)" effect="fade" start="100" end="65">Conditional</animation>
				</control>
				<control type="list" id="9400">
					<animation condition="!Control.HasFocus(9400)" effect="fade" start="100" end="0" reversible="false">Conditional</animation>
					<animation condition="Control.HasFocus(9400)" effect="fade" start="0" end="100" reversible="false">Conditional</animation>
					<left>0</left>
					<top>82</top>
					<width>210</width>
					<height>210</height>
					<scrolltime>200</scrolltime>
					<onup>9005</onup>
					<ondown>9005</ondown>
					<onleft>9370</onleft>
					<onright>9470</onright>
					<itemgap>0</itemgap>
					<viewtype label="List">List</viewtype>
					<itemlayout height="42" width="210">
						<control type="label">
							<left>8</left>
							<top>8</top>
							<width>194</width>
							<height>22</height>
							<font>font11</font>
							<align>center</align>
							<label>$INFO[ListItem.Label]</label>
							<include condition="Skin.HasSetting(text-autoscroll)">scrolltext</include>
						</control>
					</itemlayout>
					<focusedlayout height="42" width="210">
						<control type="image">
							<left>0</left>
							<top>0</top>
							<width>210</width>
							<height>42</height>
							<texture border="8">button-default-focus.png</texture>
						</control>
						<control type="label">
							<left>8</left>
							<top>8</top>
							<width>194</width>
							<height>22</height>
							<font>font11</font>
							<align>center</align>
							<label>$INFO[ListItem.Label]</label>
							<include condition="Skin.HasSetting(text-autoscroll)">scrolltext</include>
						</control>
					</focusedlayout>
					<content>
						<item><!-- Weather -->
							<label>$LOCALIZE[8]</label>
							<label2>$LOCALIZE[8]</label2>
							<onclick>ActivateWindow(Weather,,return)</onclick>
						</item>
					</content>
				</control>
				<control type="button">
					<!-- Hidden button to show menu heading when over weather menu area -->
					<left>0</left>
					<top>0</top>
					<width>210</width>
					<height>94</height>
					<texturenofocus>-</texturenofocus>
					<texturefocus>-</texturefocus>
					<onclick>SetFocus(9400)</onclick>
					<onfocus>SetProperty(ShowWeather,True)</onfocus>
					<onunfocus>ClearProperty(ShowWeather)</onunfocus>
				</control>
			</control>
			<control type="group" id="9470"><!-- Settings Sub menu -->
				<width>210</width>
				<control type="image">
					<left>0</left>
					<top>0</top>
					<width>210</width>
					<height>66</height>
					<texture>menu-focus.png</texture>
					<visible>Control.HasFocus(9450) | !IsEmpty(Window.Property(ShowSetting))</visible>
				</control>
				<control type="label">
					<left>0</left>
					<top>17</top>
					<width>210</width>
					<height>32</height>
					<font>font18</font>
					<align>center</align>
					<label>$INFO[Container(9450).ListItem.Label2]</label>
					<animation condition="Control.HasFocus(9160) | Control.HasFocus(9210) | Control.HasFocus(9260) | Control.HasFocus(9360)" effect="fade" start="100" end="65">Conditional</animation>
				</control>
				<control type="label">
					<left>0</left>
					<top>72</top>
					<width>210</width>
					<height>22</height>
					<font>font11</font>
					<align>center</align>
					<label>$VAR[SystemList0]</label>
					<textcolor>disabled-text</textcolor>
					<camera x="105" y="72" />
					<animation effect="rotatex" center="72" end="65" time="0" condition="Control.HasFocus(9450)">Conditional</animation>
					<include condition="Skin.HasSetting(text-autoscroll)">scrolltext</include>
					<visible>Control.HasFocus(9450)</visible>
				</control>
				<control type="label">
					<left>0</left>
					<top>292</top>
					<width>210</width>
					<height>22</height>
					<font>font11</font>
					<align>center</align>
					<label>$VAR[SystemList6]</label>
					<textcolor>disabled-text</textcolor>
					<camera x="105" y="292" />
					<animation effect="rotatex" center="292" end="-65" time="0" condition="Control.HasFocus(9450)">Conditional</animation>
					<include condition="Skin.HasSetting(text-autoscroll)">scrolltext</include>
					<visible>Control.HasFocus(9450)</visible>
				</control>
				<control type="list" id="9450">
					<animation condition="!Control.HasFocus(9450)" effect="fade" start="100" end="0" reversible="false">Conditional</animation>
					<animation condition="Control.HasFocus(9450)" effect="fade" start="0" end="100" reversible="false">Conditional</animation>
					<left>0</left>
					<top>82</top>
					<width>210</width>
					<height>210</height>
					<scrolltime>200</scrolltime>
					<onup>9005</onup>
					<ondown>9005</ondown>
					<onleft>9420</onleft>
					<onright>9005</onright><!-- change to button to make bump noise -->
					<itemgap>0</itemgap>
					<viewtype label="List">List</viewtype>
					<itemlayout height="42" width="210">
						<control type="label">
							<left>8</left>
							<top>8</top>
							<width>194</width>
							<height>22</height>
							<font>font11</font>
							<align>center</align>
							<label>$INFO[ListItem.Label]</label>
							<include condition="Skin.HasSetting(text-autoscroll)">scrolltext</include>
						</control>
					</itemlayout>
					<focusedlayout height="42" width="210">
						<control type="image">
							<left>0</left>
							<top>0</top>
							<width>210</width>
							<height>42</height>
							<texture border="8">button-default-focus.png</texture>
						</control>
						<control type="label">
							<left>8</left>
							<top>8</top>
							<width>194</width>
							<height>22</height>
							<font>font11</font>
							<align>center</align>
							<label>$INFO[ListItem.Label]</label>
							<include condition="Skin.HasSetting(text-autoscroll)">scrolltext</include>
						</control>
					</focusedlayout>
					<content>
						<item><!-- Settings -->
							<label>$LOCALIZE[5]</label>
							<label2>$LOCALIZE[13000]</label2>
							<onclick>ActivateWindow(settings,,return)</onclick>
						</item>
						<item><!-- System info -->
							<label>$LOCALIZE[130]</label>
							<label2>$LOCALIZE[13000]</label2>
							<onclick>ActivateWindow(systeminfo,,return)</onclick>
						</item>
						<item><!-- Favourites -->
							<visible>Skin.HasSetting(home-favorites)</visible>
							<label>$LOCALIZE[1036]</label>
							<label2>$LOCALIZE[13000]</label2>
							<onclick>ActivateWindow(favourites,,return)</onclick>
						</item>
						<item><!-- Profiles -->
							<visible>Skin.HasSetting(home-profile)</visible>
							<label>$LOCALIZE[20092]</label>
							<label2>$LOCALIZE[13000]</label2>
							<onclick>System.LogOff</onclick>
						</item>
						<item><!-- Search -->
							<visible>Skin.HasSetting(home-search)</visible>
							<label>$LOCALIZE[137]</label>
							<label2>$LOCALIZE[13000]</label2>
							<onclick>RunScript(script.globalsearch)</onclick>
						</item>
						<item><!-- Play DVD -->
							<visible>System.HasMediadvd + Skin.HasSetting(home-playdisc)</visible>
							<label>$LOCALIZE[31036]</label>
							<label2>$LOCALIZE[13000]</label2>
							<onclick>PlayDVD</onclick>
						</item>
						<item><!-- Media OSD -->
							<visible>[Player.HasAudio | Player.HasVideo]</visible>
							<label>$LOCALIZE[16003] $LOCALIZE[478]</label>
							<label2>$LOCALIZE[13000]</label2>
							<onclick>ActivateWindow(PlayerControls)</onclick>
							<onclick>SetFocus(9450)</onclick>
						</item>
						<item><!-- Quit -->
							<visible>!Skin.HasSetting(home-shutdown)</visible>
							<label>$LOCALIZE[13009]</label>
							<label2>$LOCALIZE[13000]</label2>
							<onclick>$VAR[QuitAction]</onclick>
						</item>
					</content>
				</control>
				<control type="button">
					<!-- Hidden button to show menu heading when over settings menu area -->
					<left>0</left>
					<top>0</top>
					<width>210</width>
					<height>94</height>
					<texturenofocus>-</texturenofocus>
					<texturefocus>-</texturefocus>
					<onclick>SetFocus(9450)</onclick>
					<onfocus>SetProperty(ShowSetting,True)</onfocus>
					<onunfocus>ClearProperty(ShowSetting)</onunfocus>
				</control>
			</control>
		</control>
		<control type="image"><!-- Home menu watermark -->
			<left>1100</left>
			<top>592</top>
			<width>128</width>
			<height>128</height>
			<aspectratio aligny="top">keep</aspectratio>
			<texture background="true">$INFO[Skin.String(custom-watermark)]</texture>
			<colordiffuse>UnFocusedPosters</colordiffuse>
			<visible>!IsEmpty(Skin.String(custom-watermark))</visible>
		</control>

		<control type="group" id="9940"><!-- RSS info -->
			<visible>![Skin.HasSetting(media-overlay) + [Player.HasAudio | Player.HasVideo]]</visible><!-- Don't show RSS if Video or Music overlay showing -->
			<include condition="system.getbool(lookandfeel.enablerssfeeds)">page-info</include>
		</control>

		<include>home-mediaoverlay</include><!-- Home media overlay -->
	</include>
</includes>