<?xml version="1.0" encoding="utf-8"?>
<includes>
	<include name="MovieRecent">
	<content target="video">plugin://service.library.data.provider?type=recentmovies&amp;reload=$INFO[Window.Property(recentmovies)]</content>
	</include>

	<include name="MovieRecommended">
	<content target="video">plugin://service.library.data.provider?type=recommendedmovies&amp;reload=$INFO[Window.Property(recommendedmovies)]</content>
	</include>

	<include name="EpisodeRecent">
	<content target="video">plugin://service.library.data.provider?type=recentepisodes&amp;reload=$INFO[Window.Property(recentepisodes)]</content>
	</include>

	<include name="EpisodeRecommended">
	<content target="video">plugin://service.library.data.provider?type=recommendedepispodes&amp;reload=$INFO[Window.Property(recommendedepisodes)]</content>
	</include>

	<include name="AlbumRecent">
	<content target="video">plugin://service.library.data.provider?type=recentalbums&amp;reload=$INFO[Window.Property(recentalbums)]</content>
	</include>

	<include name="AlbumRecommended">
	<content target="video">plugin://service.library.data.provider?type=recommendedalbums&amp;reload=$INFO[Window.Property(recommendedalbums)]</content>
	</include>

	<include name="AddonFavourites">
		<item>
			<label>$INFO[Skin.String(CustomAddon.1.Label)]</label>
			<onclick>$INFO[Skin.String(CustomAddon.1.Path)]</onclick>
			<thumb>$INFO[Skin.String(CustomAddon.1.Icon)]</thumb>
			<property name="ItemType">$LOCALIZE[31652]</property>
			<visible>!IsEmpty(Skin.String(CustomAddon.1.Path))</visible>
		</item>
		<item>
			<label>$INFO[Skin.String(CustomAddon.2.Label)]</label>
			<onclick>$INFO[Skin.String(CustomAddon.2.Path)]</onclick>
			<thumb>$INFO[Skin.String(CustomAddon.2.Icon)]</thumb>
			<property name="ItemType">$LOCALIZE[31652]</property>
			<visible>!IsEmpty(Skin.String(CustomAddon.2.Path))</visible>
		</item>
		<item>
			<label>$INFO[Skin.String(CustomAddon.3.Label)]</label>
			<onclick>$INFO[Skin.String(CustomAddon.3.Path)]</onclick>
			<thumb>$INFO[Skin.String(CustomAddon.3.Icon)]</thumb>
			<property name="ItemType">$LOCALIZE[31652]</property>
			<visible>!IsEmpty(Skin.String(CustomAddon.3.Path))</visible>
		</item>
		<item>
			<label>$INFO[Skin.String(CustomAddon.4.Label)]</label>
			<onclick>$INFO[Skin.String(CustomAddon.4.Path)]</onclick>
			<thumb>$INFO[Skin.String(CustomAddon.4.Icon)]</thumb>
			<property name="ItemType">$LOCALIZE[31652]</property>
			<visible>!IsEmpty(Skin.String(CustomAddon.4.Path))</visible>
		</item>
		<item>
			<label>$INFO[Skin.String(CustomAddon.5.Label)]</label>
			<onclick>$INFO[Skin.String(CustomAddon.5.Path)]</onclick>
			<thumb>$INFO[Skin.String(CustomAddon.5.Icon)]</thumb>
			<property name="ItemType">$LOCALIZE[31652]</property>
			<visible>!IsEmpty(Skin.String(CustomAddon.5.Path))</visible>
		</item>
	</include>

	<include name="movie-shelficons">
		<control type="label"><!-- Movie shelf icons label -->
			<left>55</left>
			<top>16</top>
			<height>22</height>
			<width>400</width>
			<label>$INFO[Container(9160).ListItem.Property(Type)]</label>
			<font>font11</font>
		</control>
		<control type="image">
			<left>0</left>
			<top>58</top>
			<width>130</width>
			<height>178</height>
			<aspectratio scalediffuse="false">stretch</aspectratio>
			<texture diffuse="mask-rect.png" background="true">$VAR[MovieShelfIcon0]</texture>
			<colordiffuse>UnFocusedPosters</colordiffuse>
			<camera x="65" y="159" />
			<animation effect="rotatey" center="0" end="-60" time="600" condition="true">Conditional</animation>
		</control>
		<control type="image">
			<left>1190</left>
			<top>58</top>
			<width>130</width>
			<height>178</height>
			<aspectratio scalediffuse="false">stretch</aspectratio>
			<texture diffuse="mask-rect.png" background="true">$VAR[MovieShelfIcon7]</texture>
			<colordiffuse>UnFocusedPosters</colordiffuse>
			<camera x="1215" y="159" />
			<animation effect="rotatey" center="1280" end="60" time="600" condition="true">Conditional</animation>
		</control>
		<control type="list" id="9160">
			<left>10</left>
			<top>50</top>
			<width>1260</width>
			<height>245</height>
			<onleft>9050</onleft>
			<onright>9050</onright>
			<onup>9050</onup>
			<ondown>9000</ondown>
			<viewtype label="31028">list</viewtype>
			<scrolltime>200</scrolltime>
			<orientation>horizontal</orientation>
			<itemlayout height="245" width="210">
				<control type="image">
					<left>28</left>
					<top>0</top>
					<width>150</width>
					<height>194</height>
					<aspectratio scalediffuse="false">stretch</aspectratio>
					<texture diffuse="mask-rect.png" fallback="DefaultVideo.png" background="true">$INFO[ListItem.Thumb]</texture>
				</control>
				<control type="image">
					<left>28</left>
					<top>195</top>
					<width>150</width>
					<height>194</height>
					<aspectratio scalediffuse="false">stretch</aspectratio>
					<texture flipy="true" diffuse="mask-fade.png" fallback="DefaultVideo.png" background="true">$INFO[ListItem.Thumb]</texture>
				</control>
			</itemlayout>
			<focusedlayout height="245" width="210">
				<control type="image">
					<left>28</left>
					<top>0</top>
					<width>150</width>
					<height>194</height>
					<aspectratio scalediffuse="false">stretch</aspectratio>
					<texture fallback="DefaultVideo.png" diffuse="mask-rect.png" background="true">$INFO[ListItem.Thumb]</texture>
				</control>
				<control type="image">
					<left>28</left>
					<top>195</top>
					<width>150</width>
					<height>194</height>
					<aspectratio scalediffuse="false">stretch</aspectratio>
					<texture fallback="DefaultVideo.png" flipy="true" diffuse="mask-fade.png" background="true">$INFO[ListItem.Thumb]</texture>
				</control>
				<control type="label">
					<left>0</left>
					<top>194</top>
					<height>44</height>
					<width>210</width>
					<label>$INFO[ListItem.Label]</label>
					<font>font10</font>
					<align>center</align>
					<include condition="Skin.HasSetting(text-autoscroll)">scrolltext</include>
					<animation effect="fade" time="100" delay="100">Focus</animation>
					<visible>Control.HasFocus(9160)</visible>
				</control>
			</focusedlayout>
				<include condition="System.HasAddon(service.library.data.provider) + StringCompare(Skin.String(shelf-movieimages),$LOCALIZE[31954])">MovieRecent</include>
				<include condition="System.HasAddon(service.library.data.provider) + StringCompare(Skin.String(shelf-movieimages),$LOCALIZE[31955])">MovieRecommended</include>
		</control>
		<control type="group">
			<visible>Control.HasFocus(9160)</visible>
			<left>0</left>
			<top>40</top>
			<control type="image"><!-- Focus slider -->
				<left>28</left>
				<top>0</top>
				<width>169</width>
				<height>214</height>
				<texture border="8">mask-hilite2.png</texture>
				<aspectratio>stretch</aspectratio>
			</control>
			<animation condition="Container(9160).Position(0)" effect="slide" start="0,0" end="0,0" time="150" easing="inout" reversible="true">Conditional</animation>
			<animation condition="Container(9160).Position(1)" effect="slide" start="0,0" end="210,0" time="150" easing="inout" reversible="true">Conditional</animation>
			<animation condition="Container(9160).Position(2)" effect="slide" start="0,0" end="420,0" time="150" easing="inout" reversible="true">Conditional</animation>
			<animation condition="Container(9160).Position(3)" effect="slide" start="0,0" end="630,0" time="150" easing="inout" reversible="true">Conditional</animation>
			<animation condition="Container(9160).Position(4)" effect="slide" start="0,0" end="840,0" time="150" easing="inout" reversible="true">Conditional</animation>
			<animation condition="Container(9160).Position(5)" effect="slide" start="0,0" end="1050,0" time="150" easing="inout" reversible="true">Conditional</animation>
		</control>
	</include>
	<include name="tvshow-shelfbanner">
		<control type="image">
			<left>12</left>
			<top>24</top>
			<width>228</width>
			<height>130</height>
			<aligny>bottom</aligny>
			<aspectratio>stretch</aspectratio>
			<texture background="true">$INFO[ListItem.Thumb]</texture>
		</control>
		<control type="image">
			<left>10</left>
			<top>154</top>
			<width>232</width>
			<height>42</height>
			<aligny>bottom</aligny>
			<aspectratio scalediffuse="false">keep</aspectratio>
			<texture diffuse="mask-rect.png" background="true">$INFO[ListItem.Art(tvshow.banner)]</texture>
		</control>
		<control type="image">
			<left>10</left>
			<top>200</top>
			<width>232</width>
			<height>42</height>
			<aspectratio>keep</aspectratio>
			<texture flipy="true" diffuse="mask-fade.png" background="true">$INFO[ListItem.Art(tvshow.banner)]</texture>
		</control>
	</include>
	<include name="tvshow-shelfposter">
		<control type="image">
			<left>52</left>
			<top>2</top>
			<width>150</width>
			<height>194</height>
			<aspectratio scalediffuse="false">stretch</aspectratio>
			<texture diffuse="mask-rect.png" fallback="DefaultTvshows.png" background="true">$INFO[ListItem.Art(tvshow.poster)]</texture>
		</control>
		<control type="image">
			<left>52</left>
			<top>196</top>
			<width>150</width>
			<height>194</height>
			<aspectratio scalediffuse="false">stretch</aspectratio>
			<texture flipy="true" diffuse="mask-fade.png" fallback="DefaultTvshows.png" background="true">$INFO[ListItem.Art(tvshow.poster)]</texture>
		</control>
	</include>
	<include name="tvshow-shelfthumb">
		<control type="image"><!-- Background shadow to pad out thumb image -->
			<left>31</left>
			<top>8</top>
			<width>190</width>
			<height>190</height>
			<texture diffuse="mask-rect.png">colours/black.png</texture>
			<aspectratio>stretch</aspectratio>
		</control>
		<control type="image">
			<left>31</left>
			<top>8</top>
			<width>190</width>
			<height>190</height>
			<aligny>top</aligny>
			<aspectratio scalediffuse="false">keep</aspectratio>
			<texture diffuse="mask-rect.png" fallback="DefaultTvshows.png" background="true">$INFO[ListItem.Thumb]</texture>
		</control>
		<control type="image">
			<left>31</left>
			<top>198</top>
			<width>190</width>
			<height>190</height>
			<aligny>top</aligny>
			<aspectratio scalediffuse="false">keep</aspectratio>
			<texture diffuse="mask-fade.png" flipy="true" fallback="DefaultTvshows.png" background="true">$INFO[ListItem.Thumb]</texture>
		</control>
	</include>
	<include name="tvshow-shelficons">
		<control type="label"><!-- TV Episodes shelf icons label -->
			<left>55</left>
			<top>16</top>
			<height>22</height>
			<width>400</width>
			<label>$INFO[Container(9210).ListItem.Property(Type)]</label>
			<font>font11</font>
		</control>
		<control type="group">
			<visible>StringCompare(Skin.String(shelf-tvshowimgtyp),$LOCALIZE[31949])</visible><!-- Banners -->
			<camera x="640" y="180" />
			<control type="image">
				<left>0</left>
				<top>72</top>
				<width>232</width>
				<height>160</height>
				<aligny>bottom</aligny>
				<aspectratio scalediffuse="false">stretch</aspectratio>
				<texture diffuse="mask-rect.png" background="true">$VAR[TVShowShelfArt0]</texture>
				<colordiffuse>UnFocusedPosters</colordiffuse>
				<animation effect="rotatey" center="0" end="-60" time="300" condition="true">Conditional</animation>
			</control>
			<control type="image">
				<left>0</left>
				<top>190</top>
				<width>232</width>
				<height>42</height>
				<aligny>bottom</aligny>
				<aspectratio scalediffuse="false">stretch</aspectratio>
				<texture diffuse="mask-rect.png" background="true">$VAR[TVShowShelfIcon0]</texture>
				<colordiffuse>UnFocusedPosters</colordiffuse>
				<animation effect="rotatey" center="0" end="-60" time="300" condition="true">Conditional</animation>
			</control>
			<control type="image">
				<left>1048</left>
				<top>72</top>
				<width>232</width>
				<height>160</height>
				<aligny>bottom</aligny>
				<aspectratio scalediffuse="false">stretch</aspectratio>
				<texture diffuse="mask-rect.png" background="true">$VAR[TVShowShelfArt7]</texture>
				<colordiffuse>UnFocusedPosters</colordiffuse>
				<animation effect="rotatey" center="1280" end="60" time="300" condition="true">Conditional</animation>
			</control>
			<control type="image">
				<left>1048</left>
				<top>190</top>
				<width>232</width>
				<height>42</height>
				<aligny>bottom</aligny>
				<aspectratio scalediffuse="false">stretch</aspectratio>
				<texture diffuse="mask-rect.png" background="true">$VAR[TVShowShelfIcon7]</texture>
				<colordiffuse>UnFocusedPosters</colordiffuse>
				<animation effect="rotatey" center="1280" end="60" time="300" condition="true">Conditional</animation>
			</control>
		</control>
		<control type="group">
			<visible>[IsEmpty(Skin.String(shelf-tvshowimgtyp)) | StringCompare(Skin.String(shelf-tvshowimgtyp),$LOCALIZE[21371])]</visible><!-- Thumbs -->
			<camera x="640" y="159" />
			<control type="image"><!-- Background shadow to pad out thumb image -->
				<left>-6</left>
				<top>48</top>
				<width>190</width>
				<height>190</height>
				<texture diffuse="mask-rect.png">colours/black.png</texture>
				<colordiffuse>UnFocusedPosters</colordiffuse>
				<aspectratio>stretch</aspectratio>
				<animation effect="rotatey" center="0" end="-60" time="300" condition="true">Conditional</animation>
				<visible>!IsEmpty(Control.GetLabel(9230))</visible>
			</control>
			<control type="image" id="9230">
				<left>0</left>
				<top>54</top>
				<width>178</width>
				<height>178</height>
				<aspectratio scalediffuse="false">keep</aspectratio>
				<texture diffuse="mask-rect.png" background="true">$VAR[TVShowShelfIcon0]</texture>
				<colordiffuse>UnFocusedPosters</colordiffuse>
				<animation effect="rotatey" center="0" end="-60" time="300" condition="true">Conditional</animation>
			</control>
			<control type="image"><!-- Background shadow to pad out thumb image -->
				<left>1096</left>
				<top>48</top>
				<width>190</width>
				<height>190</height>
				<texture diffuse="mask-rect.png">colours/black.png</texture>
				<colordiffuse>UnFocusedPosters</colordiffuse>
				<aspectratio>stretch</aspectratio>
				<animation effect="rotatey" center="1280" end="60" time="300" condition="true">Conditional</animation>
				<visible>!IsEmpty(Control.GetLabel(9231))</visible>
			</control>
			<control type="image" id="9231">
				<left>1102</left>
				<top>54</top>
				<width>178</width>
				<height>178</height>
				<aspectratio scalediffuse="false">keep</aspectratio>
				<texture diffuse="mask-rect.png" background="true">$VAR[TVShowShelfIcon7]</texture>
				<colordiffuse>UnFocusedPosters</colordiffuse>
				<animation effect="rotatey" center="1280" end="60" time="300" condition="true">Conditional</animation>
			</control>
		</control>
		<control type="group">
			<visible>StringCompare(Skin.String(shelf-tvshowimgtyp),$LOCALIZE[31950])</visible><!-- Posters -->
			<camera x="640" y="159" />
			<control type="image">
				<left>-30</left>
				<top>54</top>
				<width>178</width>
				<height>178</height>
				<aspectratio scalediffuse="false">keep</aspectratio>
				<texture diffuse="mask-rect.png" background="true">$VAR[TVShowShelfIcon0]</texture>
				<colordiffuse>UnFocusedPosters</colordiffuse>
				<animation effect="rotatey" center="0" end="-60" time="300" condition="true">Conditional</animation>
			</control>
			<control type="image">
				<left>1134</left>
				<top>54</top>
				<width>178</width>
				<height>178</height>
				<aspectratio scalediffuse="false">keep</aspectratio>
				<texture diffuse="mask-rect.png" background="true">$VAR[TVShowShelfIcon7]</texture>
				<colordiffuse>UnFocusedPosters</colordiffuse>
				<animation effect="rotatey" center="1280" end="60" time="300" condition="true">Conditional</animation>
			</control>
		</control>
		<control type="list" id="9210">
			<left>10</left>
			<top>42</top>
			<width>1260</width>
			<height>252</height>
			<onleft>9052</onleft>
			<onright>9052</onright>
			<onup>9052</onup>
			<ondown>9000</ondown>
			<viewtype label="31028">list</viewtype>
			<scrolltime>200</scrolltime>
			<orientation>horizontal</orientation>
			<itemlayout height="252" width="252">
				<include condition="IsEmpty(Skin.String(shelf-tvshowimgtyp)) | StringCompare(Skin.String(shelf-tvshowimgtyp),$LOCALIZE[21371])">tvshow-shelfthumb</include>
				<include condition="StringCompare(Skin.String(shelf-tvshowimgtyp),$LOCALIZE[31950])">tvshow-shelfposter</include>
				<include condition="StringCompare(Skin.String(shelf-tvshowimgtyp),$LOCALIZE[31949])">tvshow-shelfbanner</include>
			</itemlayout>
			<focusedlayout height="252" width="252">
				<include condition="IsEmpty(Skin.String(shelf-tvshowimgtyp)) | StringCompare(Skin.String(shelf-tvshowimgtyp),$LOCALIZE[21371])">tvshow-shelfthumb</include>
				<include condition="StringCompare(Skin.String(shelf-tvshowimgtyp),$LOCALIZE[31950])">tvshow-shelfposter</include>
				<include condition="StringCompare(Skin.String(shelf-tvshowimgtyp),$LOCALIZE[31949])">tvshow-shelfbanner</include>
				<control type="group">
					<animation effect="fade" time="100" delay="100">Focus</animation>
					<visible>Control.HasFocus(9210)</visible>
					<control type="label">
						<left>0</left>
						<top>200</top>
						<height>22</height>
						<width>252</width>
						<label>$INFO[ListItem.TVshowTitle]</label>
						<align>center</align>
						<include condition="Skin.HasSetting(text-autoscroll)">scrolltext</include>
						<font>font10</font>
					</control>
					<control type="label">
						<left>0</left>
						<top>224</top>
						<height>22</height>
						<width>252</width>
						<label>$LOCALIZE[20373] $INFO[ListItem.Season] $LOCALIZE[20359] $INFO[ListItem.Episode]</label>
						<align>center</align>
						<include condition="Skin.HasSetting(text-autoscroll)">scrolltext</include>
						<font>font10</font>
						<visible>!IsEmpty(ListItem.Season)</visible>
					</control>
					<control type="label">
						<left>0</left>
						<top>224</top>
						<height>22</height>
						<width>252</width>
						<label>$LOCALIZE[20381] $INFO[ListItem.Episode]</label>
						<align>center</align>
						<include condition="Skin.HasSetting(text-autoscroll)">scrolltext</include>
						<font>font10</font>
						<visible>IsEmpty(ListItem.Season)</visible>
					</control>
				</control>
			</focusedlayout>
			<include condition="System.HasAddon(service.library.data.provider) + StringCompare(Skin.String(shelf-tvshowimages),$LOCALIZE[31954])">EpisodeRecent</include>
			<!--<include condition="System.HasAddon(script.tv.show.next.aired) + StringCompare(Skin.String(shelf-tvshowimages),$LOCALIZE[31956])">EpisodeNextAired</include>-->
			<include condition="System.HasAddon(service.library.data.provider) + StringCompare(Skin.String(shelf-tvshowimages),$LOCALIZE[31955])">EpisodeRecommended</include>
		</control>
		<control type="group">
			<visible>Control.HasFocus(9210) + StringCompare(Skin.String(shelf-tvshowimgtyp),$LOCALIZE[31949])</visible>
			<left>10</left>
			<top>40</top>
			<control type="image"><!-- Focus slider -->
				<left>2</left>
				<top>16</top>
				<width>248</width>
				<height>192</height>
				<texture border="9">mask-hilite2.png</texture>
				<aspectratio>stretch</aspectratio>
			</control>
			<animation condition="Container(9210).Position(0)" effect="slide" start="0,0" end="0,0" time="150" easing="inout" reversible="true">Conditional</animation>
			<animation condition="Container(9210).Position(1)" effect="slide" start="0,0" end="252,0" time="150" easing="inout" reversible="true">Conditional</animation>
			<animation condition="Container(9210).Position(2)" effect="slide" start="0,0" end="504,0" time="150" easing="inout" reversible="true">Conditional</animation>
			<animation condition="Container(9210).Position(3)" effect="slide" start="0,0" end="756,0" time="150" easing="inout" reversible="true">Conditional</animation>
			<animation condition="Container(9210).Position(4)" effect="slide" start="0,0" end="1008,0" time="150" easing="inout" reversible="true">Conditional</animation>
		</control>
		<control type="group">
			<visible>Control.HasFocus(9210) + !StringCompare(Skin.String(shelf-tvshowimgtyp),$LOCALIZE[31950]) + !StringCompare(Skin.String(shelf-tvshowimgtyp),$LOCALIZE[31949])</visible>
			<left>10</left>
			<top>40</top>
			<control type="image"><!-- Focus slider -->
				<left>22</left>
				<top>0</top>
				<width>206</width>
				<height>206</height>
				<texture border="9">mask-hilite2.png</texture>
				<aspectratio>stretch</aspectratio>
			</control>
			<animation condition="Container(9210).Position(0)" effect="slide" start="0,0" end="0,0" time="150" easing="inout" reversible="true">Conditional</animation>
			<animation condition="Container(9210).Position(1)" effect="slide" start="0,0" end="252,0" time="150" easing="inout" reversible="true">Conditional</animation>
			<animation condition="Container(9210).Position(2)" effect="slide" start="0,0" end="504,0" time="150" easing="inout" reversible="true">Conditional</animation>
			<animation condition="Container(9210).Position(3)" effect="slide" start="0,0" end="756,0" time="150" easing="inout" reversible="true">Conditional</animation>
			<animation condition="Container(9210).Position(4)" effect="slide" start="0,0" end="1008,0" time="150" easing="inout" reversible="true">Conditional</animation>
		</control>
		<control type="group">
			<visible>Control.HasFocus(9210) + StringCompare(Skin.String(shelf-tvshowimgtyp),$LOCALIZE[31950])</visible>
			<left>14</left>
			<top>35</top>
			<control type="image"><!-- Focus slider -->
				<left>40</left>
				<top>2</top>
				<width>166</width>
				<height>210</height>
				<texture border="9">mask-hilite2.png</texture>
				<aspectratio>stretch</aspectratio>
			</control>
			<animation condition="Container(9210).Position(0)" effect="slide" start="0,0" end="0,0" time="150" easing="inout" reversible="true">Conditional</animation>
			<animation condition="Container(9210).Position(1)" effect="slide" start="0,0" end="252,0" time="150" easing="inout" reversible="true">Conditional</animation>
			<animation condition="Container(9210).Position(2)" effect="slide" start="0,0" end="504,0" time="150" easing="inout" reversible="true">Conditional</animation>
			<animation condition="Container(9210).Position(3)" effect="slide" start="0,0" end="756,0" time="150" easing="inout" reversible="true">Conditional</animation>
			<animation condition="Container(9210).Position(4)" effect="slide" start="0,0" end="1008,0" time="150" easing="inout" reversible="true">Conditional</animation>
		</control>
	</include>

	<include name="music-shelficons">
		<control type="label"><!-- Album shelf icon label-->
			<left>55</left>
			<top>16</top>
			<height>22</height>
			<width>400</width>
			<label>$INFO[Container(9260).ListItem.Property(Type)]</label>
			<font>font11</font>
		</control>
		<control type="image">
			<left>0</left>
			<top>65</top>
			<width>164</width>
			<height>164</height>
			<aspectratio scalediffuse="false">stretch</aspectratio>
			<texture diffuse="mask-squ.png" background="true">$VAR[MusicShelfIcon0]</texture>
			<colordiffuse>UnFocusedPosters</colordiffuse>
			<camera x="65" y="159" />
			<animation effect="rotatey" center="0" end="-60" time="300" condition="true">Conditional</animation>
		</control>
		<control type="image">
			<left>1136</left>
			<top>65</top>
			<width>164</width>
			<height>164</height>
			<aspectratio scalediffuse="false">stretch</aspectratio>
			<texture diffuse="mask-squ.png" background="true">$VAR[MusicShelfIcon7]</texture>
			<colordiffuse>UnFocusedPosters</colordiffuse>
			<camera x="1212" y="159" />
			<animation effect="rotatey" center="1276" end="60" time="300" condition="true">Conditional</animation>
		</control>
		<control type="list" id="9260">
			<left>10</left>
			<top>50</top>
			<width>1260</width>
			<height>245</height>
			<onleft>9054</onleft>
			<onright>9054</onright>
			<onup>9054</onup>
			<ondown>9000</ondown>
			<viewtype label="31028">list</viewtype>
			<scrolltime>200</scrolltime>
			<orientation>horizontal</orientation>
			<itemlayout height="245" width="210">
				<control type="image">
					<left>17</left>
					<top>10</top>
					<width>176</width>
					<height>176</height>
					<aspectratio scalediffuse="false">stretch</aspectratio>
					<aligny>top</aligny>
					<texture diffuse="mask-squ.png" fallback="DefaultAudio.png" background="true">$INFO[ListItem.Thumb]</texture>
				</control>
				<control type="image">
					<left>17</left>
					<top>186</top>
					<width>176</width>
					<height>176</height>
					<aspectratio scalediffuse="false">stretch</aspectratio>
					<aligny>top</aligny>
					<texture fallback="DefaultAudio.png" flipy="true" diffuse="mask-fade.png" background="true">$INFO[ListItem.Thumb]</texture>
				</control>
			</itemlayout>
			<focusedlayout height="245" width="210">
				<control type="image">
					<left>17</left>
					<top>10</top>
					<width>176</width>
					<height>176</height>
					<aspectratio scalediffuse="false">stretch</aspectratio>
					<aligny>top</aligny>
					<texture diffuse="mask-squ.png" fallback="DefaultAudio.png" background="true">$INFO[ListItem.Thumb]</texture>
				</control>
				<control type="image">
					<left>17</left>
					<top>186</top>
					<width>176</width>
					<height>176</height>
					<aspectratio scalediffuse="false">stretch</aspectratio>
					<aligny>top</aligny>
					<texture fallback="DefaultAudio.png" flipy="true" diffuse="mask-fade.png" background="true">$INFO[ListItem.Thumb]</texture>
				</control>
				<control type="group">
					<animation effect="fade" time="100" delay="100">Focus</animation>
					<visible>Control.HasFocus(9260)</visible>
					<control type="label">
						<left>0</left>
						<top>188</top>
						<height>24</height>
						<width>210</width>
						<label>$INFO[ListItem.Label]</label>
						<font>font10</font>
						<align>center</align>
						<include condition="Skin.HasSetting(text-autoscroll)">scrolltext</include>
					</control>
					<control type="label">
						<left>0</left>
						<top>215</top>
						<height>24</height>
						<width>210</width>
						<label>$INFO[ListItem.Label2]</label>
						<font>font10</font>
						<align>center</align>
						<include condition="Skin.HasSetting(text-autoscroll)">scrolltext</include>
					</control>
				</control>
			</focusedlayout>
			<include condition="System.HasAddon(service.library.data.provider) + StringCompare(Skin.String(shelf-musicimages),$LOCALIZE[31954])">AlbumRecent</include>
			<include condition="System.HasAddon(service.library.data.provider) + StringCompare(Skin.String(shelf-musicimages),$LOCALIZE[31955])">AlbumRecommended</include>
		</control>
		<control type="group">
			<visible>Control.HasFocus(9260)</visible>
			<control type="image"><!-- Focus slider -->
				<left>17</left>
				<top>50</top>
				<width>196</width>
				<height>196</height>
				<texture border="9">mask-hilite2.png</texture>
				<aspectratio>stretch</aspectratio>
			</control>
			<animation condition="Container(9260).Position(0)" effect="slide" start="0,0" end="0,0" time="150" easing="inout" reversible="true">Conditional</animation>
			<animation condition="Container(9260).Position(1)" effect="slide" start="0,0" end="210,0" time="150" easing="inout" reversible="true">Conditional</animation>
			<animation condition="Container(9260).Position(2)" effect="slide" start="0,0" end="420,0" time="150" easing="inout" reversible="true">Conditional</animation>
			<animation condition="Container(9260).Position(3)" effect="slide" start="0,0" end="630,0" time="150" easing="inout" reversible="true">Conditional</animation>
			<animation condition="Container(9260).Position(4)" effect="slide" start="0,0" end="840,0" time="150" easing="inout" reversible="true">Conditional</animation>
			<animation condition="Container(9260).Position(5)" effect="slide" start="0,0" end="1050,0" time="150" easing="inout" reversible="true">Conditional</animation>
		</control>
	</include>

	<include name="addons-shelficons">
		<control type="label"><!-- Addon shelf icon label-->
			<left>55</left>
			<top>16</top>
			<height>22</height>
			<width>400</width>
			<label>$INFO[Container(9360).ListItem.Property(ItemType)]</label>
			<font>font11</font>
		</control>
		<control type="list" id="9360">
			<left>10</left>
			<top>50</top>
			<width>1260</width>
			<height>245</height>
			<onleft>9056</onleft>
			<onright>9056</onright>
			<onup>9056</onup>
			<ondown>9000</ondown>
			<viewtype label="31028">list</viewtype>
			<scrolltime>200</scrolltime>
			<orientation>horizontal</orientation>
			<itemlayout height="245" width="252">
				<control type="image">
					<left>38</left>
					<top>10</top>
					<width>176</width>
					<height>176</height>
					<aspectratio scalediffuse="false">stretch</aspectratio>
					<aligny>top</aligny>
					<texture diffuse="mask-squ.png" fallback="DefaultAddon.png" background="true">$INFO[ListItem.Thumb]</texture>
				</control>
				<control type="image">
					<left>38</left>
					<top>186</top>
					<width>176</width>
					<height>176</height>
					<aspectratio scalediffuse="false">stretch</aspectratio>
					<aligny>top</aligny>
					<texture fallback="DefaultAddon.png" flipy="true" diffuse="mask-fade.png" background="true">$INFO[ListItem.Thumb]</texture>
				</control>
			</itemlayout>
			<focusedlayout height="245" width="252">
				<control type="image">
					<left>38</left>
					<top>10</top>
					<width>176</width>
					<height>176</height>
					<aspectratio scalediffuse="false">stretch</aspectratio>
					<aligny>top</aligny>
					<texture diffuse="mask-squ.png" fallback="DefaultAddon.png" background="true">$INFO[ListItem.Thumb]</texture>
				</control>
				<control type="image">
					<left>38</left>
					<top>186</top>
					<width>176</width>
					<height>176</height>
					<aspectratio scalediffuse="false">stretch</aspectratio>
					<aligny>top</aligny>
					<texture fallback="DefaultAddon.png" flipy="true" diffuse="mask-fade.png" background="true">$INFO[ListItem.Thumb]</texture>
				</control>
				<control type="group">
					<animation effect="fade" time="100" delay="100">Focus</animation>
					<visible>Control.HasFocus(9360)</visible>
					<control type="label">
						<left>0</left>
						<top>194</top>
						<height>24</height>
						<width>252</width>
						<label>$INFO[ListItem.Label]</label>
						<font>font10</font>
						<align>center</align>
						<include condition="Skin.HasSetting(text-autoscroll)">scrolltext</include>
					</control>
				</control>
			</focusedlayout>
			<content>
				<include condition="StringCompare(Skin.String(shelf-addonimages),$LOCALIZE[31652])">AddonFavourites</include>
			</content>
		</control>
		<control type="group">
			<visible>Control.HasFocus(9360)</visible>
			<control type="image"><!-- Focus slider -->
				<left>38</left>
				<top>50</top>
				<width>196</width>
				<height>196</height>
				<texture border="9">mask-hilite2.png</texture>
				<aspectratio>stretch</aspectratio>
			</control>
			<animation condition="Container(9360).Position(0)" effect="slide" start="0,0" end="0,0" time="150" easing="inout" reversible="true">Conditional</animation>
			<animation condition="Container(9360).Position(1)" effect="slide" start="0,0" end="252,0" time="150" easing="inout" reversible="true">Conditional</animation>
			<animation condition="Container(9360).Position(2)" effect="slide" start="0,0" end="504,0" time="150" easing="inout" reversible="true">Conditional</animation>
			<animation condition="Container(9360).Position(3)" effect="slide" start="0,0" end="756,0" time="150" easing="inout" reversible="true">Conditional</animation>
			<animation condition="Container(9360).Position(4)" effect="slide" start="0,0" end="1008,0" time="150" easing="inout" reversible="true">Conditional</animation>
		</control>
	</include>

	<include name="ShelfWeather">
		<control type="group">
			<left>10</left>
			<top>0</top>
			<control type="label">
				<left>20</left>
				<top>0</top>
				<height>46</height>
				<width>500</width>
				<label>$INFO[Window(Weather).Property(Location)]</label>
				<include condition="Skin.HasSetting(text-autoscroll)">scrolltext</include>
				<font>font13</font>
			</control>
			<control type="label">
				<left>20</left>
				<top>50</top>
				<height>24</height>
				<width>500</width>
				<font>font11</font>
				<label>$INFO[Window(Weather).Property(WeatherProvider),$LOCALIZE[31536] - ]</label>
				<include condition="Skin.HasSetting(text-autoscroll)">scrolltext</include>
				<visible>IsEmpty(Window(Weather).Property(WeatherProviderLogo))</visible>
			</control>
			<control type="group">
				<control type="image"><!-- Weather provider logo shadow -->
					<left>21</left>
					<top>44</top>
					<width>180</width>
					<height>45</height>
					<colordiffuse>DropShadow</colordiffuse>
					<aspectratio>keep</aspectratio>
					<aligny>top</aligny>
					<texture>$INFO[Window(Weather).Property(WeatherProviderLogo)]</texture>
				</control>
				<control type="image"><!-- Weather provider logo -->
					<left>20</left>
					<top>43</top>
					<width>180</width>
					<height>45</height>
					<aspectratio>keep</aspectratio>
					<aligny>top</aligny>
					<texture>$INFO[Window(Weather).Property(WeatherProviderLogo)]</texture>
				</control>
			</control>
			<control type="label"><!-- Current label -->
				<left>0</left>
				<top>88</top>
				<height>32</height>
				<width>250</width>
				<label>$LOCALIZE[31528]</label>
				<align>center</align>
				<include condition="Skin.HasSetting(text-autoscroll)">scrolltext</include>
				<font>font18</font>
			</control>
			<control type="multiimage"><!-- Current weather condition icon -->
				<left>77</left>
				<top>120</top>
				<width>96</width>
				<height>96</height>
				<imagepath>$INFO[Skin.String(custom-weathericons)]$INFO[Window(Weather).Property(Current.FanartCode)]</imagepath>
				<aspectratio>keep</aspectratio>
				<timeperimage>200</timeperimage>
				<randomize>false</randomize>
				<fadetime>0</fadetime>
				<visible>Skin.String(custom-weathericons)</visible>
			</control>
			<control type="image"><!-- Current weather condition icon -->
				<left>77</left>
				<top>120</top>
				<width>96</width>
				<height>96</height>
				<texture>$INFO[Weather.Conditions]</texture>
				<aspectratio>keep</aspectratio>
				<visible>!Skin.String(custom-weathericons)</visible>
			</control>
			<control type="label">
				<left>0</left>
				<top>212</top>
				<height>38</height>
				<width>250</width>
				<label>$INFO[Window(Weather).Property(Current.Temperature)]$INFO[System.TemperatureUnits]</label>
				<align>center</align>
				<font>font22</font>
			</control>
			<control type="label">
				<left>0</left>
				<top>246</top>
				<height>42</height>
				<width>250</width>
				<label>$INFO[Weather.Conditions]</label>
				<align>center</align>
				<wrapmultiline>true</wrapmultiline>
				<include condition="Skin.HasSetting(text-autoscroll)">scrolltext</include>
				<font>font10</font>
			</control>
		</control>
		<control type="group">
			<left>270</left>
			<top>62</top>
			<control type="label">
				<left>0</left>
				<top>30</top>
				<height>26</height>
				<width>240</width>
				<label>$INFO[Window(Weather).Property(Day1.Title)]</label>
				<align>center</align>
				<include condition="Skin.HasSetting(text-autoscroll)">scrolltext</include>
			</control>
			<control type="multiimage"><!-- Day1 weather condition icon -->
				<left>80</left>
				<top>68</top>
				<width>80</width>
				<height>80</height>
				<imagepath>$INFO[Skin.String(custom-weathericons)]$INFO[Window(Weather).Property(Day1.FanartCode)]</imagepath>
				<aspectratio>keep</aspectratio>
				<timeperimage>200</timeperimage>
				<randomize>false</randomize>
				<fadetime>0</fadetime>
				<visible>Skin.String(custom-weathericons)</visible>
			</control>
			<control type="image"><!-- Day1 weather condition icon -->
				<left>80</left>
				<top>68</top>
				<width>80</width>
				<height>80</height>
				<texture>$INFO[Window(Weather).Property(Day1.OutlookIcon)]</texture>
				<aspectratio>keep</aspectratio>
				<visible>!Skin.String(custom-weathericons)</visible>
			</control>
			<control type="label"><!-- Day 1 temperature range -->
				<left>0</left>
				<top>150</top>
				<height>38</height>
				<width>240</width>
				<label>[COLOR red]$INFO[Window(Weather).Property(Day1.HighTemp)][/COLOR] - [COLOR lightblue]$INFO[Window(Weather).Property(Day1.LowTemp)][/COLOR]</label>
				<align>center</align>
				<font>font18</font>
			</control>
			<control type="label">
				<left>0</left>
				<top>184</top>
				<height>42</height>
				<width>240</width>
				<label>$INFO[Window(Weather).Property(Day1.Outlook)]</label>
				<align>center</align>
				<wrapmultiline>true</wrapmultiline>
				<include condition="Skin.HasSetting(text-autoscroll)">scrolltext</include>
				<font>font10</font>
			</control>
		</control>
		<control type="group">
			<left>520</left>
			<top>62</top>
			<control type="label">
				<left>0</left>
				<top>30</top>
				<height>26</height>
				<width>240</width>
				<label>$INFO[Window(Weather).Property(Day2.Title)]</label>
				<align>center</align>
				<include condition="Skin.HasSetting(text-autoscroll)">scrolltext</include>
			</control>
			<control type="multiimage"><!-- Day2 weather condition icon -->
				<left>80</left>
				<top>68</top>
				<width>80</width>
				<height>80</height>
				<imagepath>$INFO[Skin.String(custom-weathericons)]$INFO[Window(Weather).Property(Day2.FanartCode)]</imagepath>
				<aspectratio>keep</aspectratio>
				<timeperimage>200</timeperimage>
				<randomize>false</randomize>
				<fadetime>0</fadetime>
				<visible>Skin.String(custom-weathericons)</visible>
			</control>
			<control type="image"><!-- Day2 weather condition icon -->
				<left>80</left>
				<top>68</top>
				<width>80</width>
				<height>80</height>
				<texture>$INFO[Window(Weather).Property(Day2.OutlookIcon)]</texture>
				<aspectratio>keep</aspectratio>
				<visible>!Skin.String(custom-weathericons)</visible>
			</control>
			<control type="label"><!-- Day2 temperature range -->
				<left>0</left>
				<top>150</top>
				<height>38</height>
				<width>240</width>
				<label>[COLOR red]$INFO[Window(Weather).Property(Day2.HighTemp)][/COLOR] - [COLOR lightblue]$INFO[Window(Weather).Property(Day2.LowTemp)][/COLOR]</label>
				<align>center</align>
				<font>font18</font>
			</control>
			<control type="label">
				<left>0</left>
				<top>184</top>
				<height>42</height>
				<width>240</width>
				<label>$INFO[Window(Weather).Property(Day2.Outlook)]</label>
				<align>center</align>
				<wrapmultiline>true</wrapmultiline>
				<include condition="Skin.HasSetting(text-autoscroll)">scrolltext</include>
				<font>font10</font>
			</control>
		</control>
		<control type="group">
			<left>770</left>
			<top>62</top>
			<control type="label">
				<left>0</left>
				<top>30</top>
				<height>26</height>
				<width>240</width>
				<label>$INFO[Window(Weather).Property(Day3.Title)]</label>
				<align>center</align>
				<include condition="Skin.HasSetting(text-autoscroll)">scrolltext</include>
			</control>
			<control type="multiimage"><!-- Day3 weather condition icon -->
				<left>80</left>
				<top>68</top>
				<width>80</width>
				<height>80</height>
				<imagepath>$INFO[Skin.String(custom-weathericons)]$INFO[Window(Weather).Property(Day3.FanartCode)]</imagepath>
				<aspectratio>keep</aspectratio>
				<timeperimage>200</timeperimage>
				<randomize>false</randomize>
				<fadetime>0</fadetime>
				<visible>Skin.String(custom-weathericons)</visible>
			</control>
			<control type="image"><!-- Day3 weather condition icon -->
				<left>80</left>
				<top>68</top>
				<width>80</width>
				<height>80</height>
				<texture>$INFO[Window(Weather).Property(Day3.OutlookIcon)]</texture>
				<aspectratio>keep</aspectratio>
				<visible>!Skin.String(custom-weathericons)</visible>
			</control>
			<control type="label"><!-- Day3 temperature range -->
				<left>0</left>
				<top>150</top>
				<height>38</height>
				<width>240</width>
				<label>[COLOR red]$INFO[Window(Weather).Property(Day3.HighTemp)][/COLOR] - [COLOR lightblue]$INFO[Window(Weather).Property(Day3.LowTemp)][/COLOR]</label>
				<align>center</align>
				<font>font18</font>
			</control>
			<control type="label">
				<left>0</left>
				<top>184</top>
				<height>42</height>
				<width>240</width>
				<label>$INFO[Window(Weather).Property(Day3.Outlook)]</label>
				<align>center</align>
				<wrapmultiline>true</wrapmultiline>
				<include condition="Skin.HasSetting(text-autoscroll)">scrolltext</include>
				<font>font10</font>
			</control>
		</control>
		<control type="group">
			<left>1020</left>
			<top>62</top>
			<control type="label">
				<left>0</left>
				<top>30</top>
				<height>26</height>
				<width>240</width>
				<label>$INFO[Window(Weather).Property(Day4.Title)]</label>
				<align>center</align>
				<include condition="Skin.HasSetting(text-autoscroll)">scrolltext</include>
			</control>
			<control type="multiimage"><!-- Day4 weather condition icon -->
				<left>80</left>
				<top>68</top>
				<width>80</width>
				<height>80</height>
				<imagepath>$INFO[Skin.String(custom-weathericons)]$INFO[Window(Weather).Property(Day4.FanartCode)]</imagepath>
				<aspectratio>keep</aspectratio>
				<timeperimage>200</timeperimage>
				<randomize>false</randomize>
				<fadetime>0</fadetime>
				<visible>Skin.String(custom-weathericons)</visible>
			</control>
			<control type="image"><!-- Day4 weather condition icon -->
				<left>80</left>
				<top>68</top>
				<width>80</width>
				<height>80</height>
				<texture>$INFO[Window(Weather).Property(Day4.OutlookIcon)]</texture>
				<aspectratio>keep</aspectratio>
				<visible>!Skin.String(custom-weathericons)</visible>
			</control>
			<control type="label"><!-- Day 4 temp range -->
				<left>0</left>
				<top>150</top>
				<height>38</height>
				<width>240</width>
				<label>[COLOR red]$INFO[Window(Weather).Property(Day4.HighTemp)][/COLOR] - [COLOR lightblue]$INFO[Window(Weather).Property(Day4.LowTemp)][/COLOR]</label>
				<align>center</align>
				<font>font18</font>
			</control>
			<control type="label">
				<left>0</left>
				<top>184</top>
				<height>42</height>
				<width>240</width>
				<label>$INFO[Window(Weather).Property(Day4.Outlook)]</label>
				<align>center</align>
				<wrapmultiline>true</wrapmultiline>
				<include condition="Skin.HasSetting(text-autoscroll)">scrolltext</include>
				<font>font10</font>
			</control>
		</control>
	</include>
</includes>