<?xml version="1.0" encoding="UTF-8"?>
<window>
	<onload condition="Skin.HasSetting(background-slideshow)">RunScript(script.artistslideshow)</onload>
	<allowoverlay>no</allowoverlay>
	<visible>!Window.IsVisible(videooverlay) + !Window.IsVisible(fullscreenvideo)</visible>
	<include>screen-fade</include>
	<controls>
		<control type="image"><!-- Solid background -->
			<include>fullscreenimage</include>
			<texture>background.png</texture>
			<visible>!Skin.String(background-custom)</visible>
		</control>
		<control type="image"><!-- Custom background -->
			<include>fullscreenimage</include>
			<texture>$INFO[Skin.String(background-custom)]</texture>
			<colordiffuse>osd-background</colordiffuse>
			<visible>Skin.String(background-custom)</visible>
		</control>
		<control type="group">
			<control type="image"><!-- Backgroung fanart image -->
				<include>fullscreenimage</include>
				<texture background="true">$INFO[MusicPlayer.Property(Fanart_Image)]</texture>
				<aspectratio>scale</aspectratio>
				<fadetime>1000</fadetime>
				<visible>!Skin.HasSetting(background-slideshow)</visible>
			</control>
		</control>
		<control type="group">
			<visible>Skin.HasSetting(background-playingmedia)</visible>
			<control type="visualisation" id="2"><!-- Background visualisation image -->
				<include>fullscreenimage</include>
				<visible>Player.HasAudio + !SubString(Window(VideoLibrary).Property(TvTunesIsAlive),True)</visible>
			</control>
		</control>
		<control type="group">
			<visible>Skin.HasSetting(background-slideshow)</visible>
			<control type="image"><!-- Mask out any backgrounds showing around ArtistSlideshow Fanart -->
				<include>fullscreenimage</include>
				<texture>colours/black.png</texture>
				<aspectratio>stretch</aspectratio>
				<visible>SubString(Control.GetLabel(991),blank.png)</visible>
			</control>
			<control type="multiimage" id="991"><!-- ArtistSlideshow Fanart -->
				<include>fullscreenimage</include>
				<imagepath fallback="blank.png" background="true">$INFO[Window.Property(ArtistSlideshow)]</imagepath>
				<aspectratio>keep</aspectratio>
				<timeperimage>5000</timeperimage>
				<fadetime>1000</fadetime>
				<randomize>true</randomize>
			</control>
		</control>
		<control type="group"><!-- infos -->
			<visible>Player.ShowInfo</visible>
			<control type="image" id="992"><!-- Music logo if available -->
				<left>8</left>
				<top>20</top>
				<width>400</width>
				<height>155</height>
				<texture fallback="blank.png">$INFO[Player.FolderPath,,logo.png]</texture>
				<aspectratio align="left" aligny="bottom">keep</aspectratio>
			</control>
			<control type="image" id="993"><!-- Otherwise try parent directory of above -->
				<left>8</left>
				<top>20</top>
				<width>400</width>
				<height>155</height>
				<texture fallback="blank.png">$INFO[Player.FolderPath,,../logo.png]</texture>
				<aspectratio align="left" aligny="bottom">keep</aspectratio>
				<visible>SubString(Control.GetLabel(992),blank.png)</visible>
			</control>
			<control type="image"><!-- media info background image -->
				<left>0</left>
				<top>570</top>
				<width>1280</width>
				<height>155</height>
				<texture>background.png</texture>
				<colordiffuse>osd-background</colordiffuse>
			</control>
			<control type="image"><!-- Cd overlay -->
				<animation effect="slide" start="-118" end="0" time="900" tween="cubic" easing="out" delay="1000">WindowOpen</animation>
				<animation type="WindowClose">
					<effect type="slide" start="0" end="-114" time="100" tween="cubic" easing="in" delay="0"/>
					<effect type="fade" start="100" end="0" time="200"/>
					<condition type="!Player.Playing"/>
				</animation>
				<animation effect="rotate" end="-360" center="auto" time="3000" loop="true" reversible="false" condition="!Player.Paused">Conditional</animation>
				<width>215</width>
				<height>215</height>
				<left>132</left>
				<top>480</top>
				<texture fallback="DefaultDVDRom.png">$INFO[Player.FolderPath]/cdart.png</texture>
				<aspectratio aligny="bottom">keep</aspectratio>
				<visible>!SubString(Player.Art(thumb),Default,Left)</visible>
			</control>
			<control type="image">
				<left>-5</left>
				<top>455</top>
				<height>265</height>
				<width>265</width>
				<texture>case-cd.png</texture>
				<aspectratio>stretch</aspectratio>
				<visible>Skin.HasSetting(media-case) + !SubString(Player.Art(thumb),Default,Left)</visible>
			</control>
			<control type="image"><!-- Cover image -->
				<left>20</left>
				<top>475</top>
				<width>225</width>
				<height>225</height>
				<texture fallback="DefaultAudio.png">$INFO[Player.Art(thumb)]</texture>
				<aspectratio aligny="bottom">stretch</aspectratio>
			</control>
			<control type="label"><!-- Title label -->
				<left>370</left>
				<top>572</top>
				<width>656</width>
				<height>45</height>
				<font>font18</font>
				<label>$INFO[MusicPlayer.Title]</label>
				<include condition="Skin.HasSetting(text-autoscroll)">scrolltext</include>
			</control>
			<control type="label"><!-- Artist label -->
				<left>370</left>
				<top>608</top>
				<width>682</width>
				<height>37</height>
				<font>font12</font>
				<label>$INFO[MusicPlayer.Artist]</label>
				<include condition="Skin.HasSetting(text-autoscroll)">scrolltext</include>
			</control>
			<control type="label"><!-- Album label -->
				<left>370</left>
				<top>638</top>
				<width>656</width>
				<height>37</height>
				<font>font12</font>
				<label>$INFO[MusicPlayer.Album]</label>
				<include condition="Skin.HasSetting(text-autoscroll)">scrolltext</include>
			</control>
			<control type="label"><!-- Time label -->
				<left>370</left>
				<top>668</top>
				<width>656</width>
				<height>37</height>
				<label>$INFO[musicplayer.Time]$INFO[musicplayer.Duration, / ]</label>
				<font>font12</font>
			</control>
			<control type="label"><!-- Playlist label -->
				<left>974</left>
				<top>580</top>
				<width>265</width>
				<height>37</height>
				<align>right</align>
				<label>$INFO[musicplayer.Playlistposition,Track ]$INFO[musicplayer.Playlistlength, / ]</label>
				<font>font12</font>
			</control>
			<control type="label"><!-- Partymode enabled -->
				<left>990</left>
				<top>700</top>
				<width>250</width>
				<height>30</height>
				<label>$LOCALIZE[589]</label>
				<visible>MusicPartyMode.Enabled</visible>
				<align>right</align>
				<font>font12</font>
			</control>
			<control type="progress" id="1">
				<left>558</left>
				<top>680</top>
				<width>685</width>
				<height>16</height>
				<info>Player.Progress</info>
				<colordiffuse>ProgressBarColor</colordiffuse>
				<visible>true</visible>
			</control>
			<control type="slider" id="402"><!-- Seek slider -->
				<left>558</left>
				<top>678</top>
				<width>685</width>
				<height>20</height>
				<action>seek</action>
			</control>
		</control>
		<control type="group"><!-- Codec -->
			<visible>Player.ShowCodec</visible>
			<control type="image"><!-- Preset background image -->
				<left>0</left>
				<top>0</top>
				<width>1280</width>
				<height>90</height>
				<texture>background.png</texture>
				<colordiffuse>osd-background</colordiffuse>
			</control>
			<control type="label"><!-- Codec info -->
				<left>132</left>
				<top>12</top>
				<width>1062</width>
				<height>37</height>
				<label>$LOCALIZE[292] | $INFO[musicplayer.Codec,Codec:,]$INFO[musicplayer.Bitrate, - Bitrate:,kbps]$INFO[musicplayer.bitspersample, - Bits:,bit]$INFO[musicplayer.Samplerate, - Freq.: ,kHz]$INFO[musicplayer.Channels, - Channels: ]</label>
				<font>font11</font>
			</control>
			<control type="label"><!-- Presets labels -->
				<left>132</left>
				<top>43</top>
				<width>220</width>
				<height>37</height>
				<label>Visual | fps: $INFO[System.FPS]</label>
				<font>font11</font>
			</control>
			<control type="label">
				<left>398</left>
				<top>43</top>
				<width>743</width>
				<height>37</height>
				<label>$INFO[Visualisation.Name]$INFO[Visualisation.Preset, - ]</label>
				<font>font11</font>
			</control>
			<control type="image"><!-- Preset locked image -->
				<left>364</left>
				<top>42</top>
				<width>32</width>
				<height>32</height>
				<texture>overlaylocked.png</texture>
				<visible>Visualisation.Locked</visible>
			</control>
		</control>
	</controls>
</window>