<?xml version="1.0" encoding="UTF-8"?>
<window>
	<defaultcontrol always="true">50</defaultcontrol>
	<allowoverlay>yes</allowoverlay>
	<include>screen-fade</include>
	<previouswindow>Home</previouswindow>
	<views>50,52,54,58</views>
	<visible>!Window.IsActive(139)</visible>
	<controls>
		<include>background</include>
		<include>Fake-Overlay</include>
		<control type="grouplist">
			<left>946</left>
			<top>50</top>
			<width>auto</width>
			<height>32</height>
			<align>left</align>
			<aligny>center</aligny>
			<orientation>horizontal</orientation>
			<control type="label"><!-- Heading label -->
				<width max="256">auto</width>
				<height>32</height>
				<label>$LOCALIZE[1]</label>
				<font>font18</font>
			</control>
			<control type="label"><!-- Number of files -->
				<top>14</top>
				<width max="80">auto</width>
				<height>32</height>
				<label>$INFO[Container.NumItems,(,)]</label>
			</control>
		</control>

		<control type="group"><!-- Various Views of Pictures library -->
			<include file="View-General.xml">ListView</include>
			<include file="View-General.xml">IconView</include>
			<include file="View-Photo.xml">PhotoWrap</include>
			<include file="View-Photo.xml">PhotoWall</include>
		</control>

		<control type="group">
			<top>720</top>
			<include>Screen-settings</include>
			<include>fadebackground</include>
			<control type="image"><!-- Button background -->
				<left>440</left>
				<top>142</top>
				<width>396</width>
				<height>466</height>
				<texture border="8">button-menu-background.png</texture>
			</control>
			<control type="grouplist" id="9000">
				<left>450</left>
				<top>154</top>
				<width>376</width>
				<height>432</height>
				<onright condition="Control.IsVisible(50)">50</onright>
				<onright condition="Control.IsVisible(52)">52</onright>
				<onright condition="Control.IsVisible(54)">54</onright>
				<onright condition="Control.IsVisible(58)">58</onright>
				<onleft condition="Control.IsVisible(50)">50</onleft>
				<onleft condition="Control.IsVisible(52)">52</onleft>
				<onleft condition="Control.IsVisible(54)">54</onleft>
				<onleft condition="Control.IsVisible(58)">58</onleft>
				<itemgap>0</itemgap>
				<control type="button" id="2"><!-- View type -->
					<width>376</width>
					<height>48</height>
					<font>font11</font>
					<label>$LOCALIZE[100]</label>
					<textoffsetx>10</textoffsetx>
				</control>
				<control type="radiobutton" id="1198"><!-- Tilt icon list view -->
					<width>376</width>
					<height>48</height>
					<label>$LOCALIZE[31886]</label>
					<font>font11</font>
					<onclick>Skin.ToggleSetting(tiltmisclisticon)</onclick>
					<selected>Skin.HasSetting(tiltmisclisticon)</selected>
					<textoffsetx>10</textoffsetx>
					<radioposx>330</radioposx>
					<visible>SubString(Control.GetLabel(2),$LOCALIZE[31941],Right)</visible>
				</control>
				<control type="radiobutton" id="1197"><!-- Tilt icon wall view -->
					<width>376</width>
					<height>48</height>
					<label>$LOCALIZE[31886]</label>
					<font>font11</font>
					<onclick>Skin.ToggleSetting(tiltmiscwallicon)</onclick>
					<selected>Skin.HasSetting(tiltmiscwallicon)</selected>
					<textoffsetx>10</textoffsetx>
					<radioposx>330</radioposx>
					<visible>SubString(Control.GetLabel(2),$LOCALIZE[31944],Right)</visible>
				</control>
				<control type="button" id="3"><!-- Sort by -->
					<width>376</width>
					<height>48</height>
					<font>font11</font>
					<label>$LOCALIZE[103]</label>
					<textoffsetx>10</textoffsetx>
				</control>
				<control type="togglebutton" id="4"><!-- Sort direction -->
					<width>376</width>
					<height>48</height>
					<label>$LOCALIZE[21429]: $LOCALIZE[21430]</label>
					<altlabel>$LOCALIZE[21429]: $LOCALIZE[21431]</altlabel>
					<font>font11</font>
					<textoffsetx>10</textoffsetx>
				</control>
				<control type="edit" id="19"><!-- Filter -->
					<width>376</width>
					<height>48</height>
					<font>font11</font>
					<label>$LOCALIZE[587]</label>
					<disabledcolor>disabled-text</disabledcolor>
					<textwidth>340</textwidth>
					<textoffsetx>10</textoffsetx>
				</control>
				<control type="button" id="6"><!-- Slideshow -->
					<width>376</width>
					<height>48</height>
					<textoffsetx>10</textoffsetx>
					<label>$LOCALIZE[108]</label>
					<font>font11</font>
				</control>
				<control type="button" id="7"><!-- Recursive slideshow -->
					<width>376</width>
					<height>48</height>
					<font>font11</font>
					<textoffsetx>10</textoffsetx>
					<label>$LOCALIZE[361]</label>
				</control>
				<control type="radiobutton" id="9"><!-- Randomize -->
					<width>376</width>
					<height>48</height>
					<font>font11</font>
					<textoffsetx>10</textoffsetx>
					<label>$LOCALIZE[13319]</label>
					<radioposx>330</radioposx>
				</control>
				<control type="button" id="1200"><!-- Player controls -->
					<width>376</width>
					<height>48</height>
					<font>font11</font>
					<textoffsetx>10</textoffsetx>
					<label>$LOCALIZE[16003] $LOCALIZE[478]</label>
					<onclick>ActivateWindow(playercontrols)</onclick>
					<onclick>SetFocus(50)</onclick>
					<enable>Player.HasAudio | Player.HasVideo</enable>
				</control>
			</control>
		</control>
	</controls>
</window>