<?xml version="1.0" encoding="UTF-8"?>
<window>
	<defaultcontrol always="true">3002</defaultcontrol>
	<zorder>2</zorder>
	<include>screen-fade</include>
	<coordinates>
		<system>1</system>
		<left>0</left>
		<top>0</top>
	</coordinates>
	<controls>
		<include>fadebackground</include>
		<control type="image">
			<left>290</left>
			<top>120</top>
			<width>700</width>
			<height>465</height>
			<texture border="8">button-menu-background.png</texture>
		</control>

		<control type="label" id="3000"><!-- Persons name -->
			<left>318</left>
			<top>136</top>
			<width>644</width>
			<height>30</height>
			<align>center</align>
			<aligny>center</aligny>
			<label>-</label>
			<font>font13</font>
		</control>
		<control type="image">
			<left>318</left>
			<top>175</top>
			<width>644</width>
			<height>4</height>
			<texture>separator.png</texture>
		</control>

		<control type="textbox" id="3001">
			<left>318</left>
			<top>190</top>
			<width>620</width>
			<height>280</height>
			<align>left</align>
			<label>-</label>
			<font>font11</font>
			<pagecontrol>3010</pagecontrol>
		</control>

		<control type="scrollbar" id="3010">
			<left>944</left>
			<top>190</top>
			<width>18</width>
			<height>280</height>
			<ondown>3002</ondown>
			<animation condition="!Control.HasFocus(3010) + !Container.Scrolling + !StringCompare(Skin.String(show-scrollbar),$LOCALIZE[31875])" effect="fade" start="100" end="0" time="200" reversible="true">Conditional</animation>
			<visible>!StringCompare(Skin.String(show-scrollbar),$LOCALIZE[31877])</visible>
		</control>

		<control type="button" id="3002"><!-- Movies buttom -->
			<left>515</left>
			<top>515</top>
			<width>250</width>
			<height>50</height>
			<align>center</align>
			<label>$LOCALIZE[342]</label>
			<font>font12</font>
			<onup>3010</onup>
		</control>
	</controls>
</window>
