<?xml version="1.0" encoding="UTF-8"?>
<window type="dialog" id="114">
	<defaultcontrol>214</defaultcontrol>
	<include>screen-fade</include>
	<animation effect="fade" end="0" time="200" condition="[Window.IsVisible(sliderdialog) | Window.IsVisible(osdvideosettings) | Window.IsVisible(osdaudiosettings) | Window.IsVisible(subtitlesearch) | Window.IsVisible(videobookmarks)]">Conditional</animation>
	<visible>Player.HasMedia + Window.IsActive(playercontrols) + !Window.IsActive(fullscreenvideo) + !Window.IsActive(visualisation) + !Window.IsActive(karaoke) + !Window.IsActive(visualisationpresetlist)</visible>
	<coordinates>
		<system>1</system>
		<left>0</left>
		<top>0</top>
	</coordinates>
	<controls>
		<include>fadebackground</include>
		<control type="image"><!-- Dialog background image -->
			<left>123</left>
			<top>125</top>
			<height>175</height>
			<width>1026</width>
			<texture border="8">button-menu-background.png</texture>
		</control>

		<!-- Media Info -->
		<!-- Video -->
 		<control type="group">
			<visible>Player.HasVideo</visible>
			<control type="videowindow">
				<left>150</left>
				<top>137</top>
				<width>212</width>
				<height>150</height>
			</control>
			<control type="label"><!-- Now playing -->
				<left>354</left>
				<top>137</top>
				<width>778</width>
				<height>31</height>
				<label>$LOCALIZE[13350]</label>
				<align>center</align>
				<font>font12</font>
				<textcolor>listselected-text</textcolor>
			</control>
			<control type="label">
				<left>354</left>
				<top>168</top>
				<width>778</width>
				<height>31</height>
				<label>$INFO[VideoPlayer.Title]</label>
				<font>font12</font>
				<align>center</align>
			</control>
			<control type="label">
				<left>370</left>
				<top>210</top>
				<width>170</width>
				<height>20</height>
				<font>font11</font>
				<label>$INFO[VideoPlayer.Time]</label>
				<align>right</align>
			</control>
			<control type="progress">
				<left>550</left>
				<top>213</top>
				<width>380</width>
				<height>16</height>
				<info>Player.Progress</info>
				<colordiffuse>ProgressBarColor</colordiffuse>
			</control>
			<control type="slider">
				<left>550</left>
				<top>211</top>
				<width>380</width>
				<height>20</height>
				<action>seek</action>
			</control>
			<control type="label">
				<left>940</left>
				<top>210</top>
				<width>170</width>
				<height>20</height>
				<font>font11</font>
				<label>- $INFO[VideoPlayer.TimeRemaining]</label>
			</control>
		</control>
		<!-- Music -->
 		<control type="group">
			<visible>Player.HasAudio</visible>
			<control type="image">
				<left>132</left>
				<top>137</top>
				<width>212</width>
				<height>150</height>
				<align>left</align>
				<aligny>bottom</aligny>
				<fadetime>300</fadetime>
				<texture fallback="DefaultAudio.png">$INFO[MusicPlayer.Cover]</texture>
				<aspectratio>keep</aspectratio>
				<visible>!Window.IsActive(visualisation)</visible>
			</control>
			<control type="label">
				<left>354</left>
				<top>132</top>
				<width>778</width>
				<height>20</height>
				<label>$INFO[MusicPlayer.Artist]</label>
				<font>font12</font>
				<align>center</align>
			</control>
			<control type="label">
				<left>354</left>
				<top>160</top>
				<width>778</width>
				<height>20</height>
				<label>$INFO[MusicPlayer.Album]</label>
				<font>font12</font>
				<align>center</align>
			</control>
			<control type="label">
				<left>354</left>
				<top>188</top>
				<width>778</width>
				<height>20</height>
				<label>$INFO[MusicPlayer.Title]</label>
				<font>font12</font>
				<align>center</align>
			</control>
			<control type="label">
				<left>310</left>
				<top>220</top>
				<width>200</width>
				<height>20</height>
				<label>$INFO[MusicPlayer.Time]</label>
				<font>font12</font>
				<align>right</align>
			</control>
			<control type="progress">
				<left>520</left>
				<top>223</top>
				<width>440</width>
				<height>16</height>
				<info>Player.Progress</info>
				<colordiffuse>ProgressBarColor</colordiffuse>
			</control>
			<control type="slider">
				<left>520</left>
				<top>221</top>
				<width>440</width>
				<height>20</height>
				<action>seek</action>
			</control>
			<control type="label">
				<left>970</left>
				<top>220</top>
				<width>220</width>
				<height>20</height>
				<label>- $INFO[MusicPlayer.TimeRemaining]</label>
				<font>font12</font>
			</control>
		</control>
		<!-- End of Media Info-->
		<!-- Player buttons -->
		<control type="grouplist" id="999"><!-- Group OSD Button -->
			<left>354</left>
			<top>245</top>
			<width>778</width>
			<height>40</height>
			<itemgap>3</itemgap>
			<scrolltime>200</scrolltime>
			<orientation>horizontal</orientation>
			<align>center</align>
			<onleft>999</onleft>
			<onright>999</onright>
			<onup>999</onup>
			<ondown>999</ondown>
			<visible>true</visible>
			<control type="button" id="208"><!-- DVD Menu</description -->
				<width>40</width>
				<height>40</height>
				<texturefocus>osd-btn-dvdmenu-focus.png</texturefocus>
				<texturenofocus>osd-btn-dvdmenu.png</texturenofocus>
				<onclick>PlayerControl(ShowVideoMenu)</onclick>
				<visible>VideoPlayer.HasMenu</visible>
			</control>
			<control type="button" id="950"><!-- Subtitles Menu -->
				<width>40</width>
				<height>40</height>
				<texturenofocus>osd-btn-subtitle.png</texturenofocus>
				<texturefocus>osd-btn-subtitle-focus.png</texturefocus>
				<onclick>Dialog.Close(VideoOSD)</onclick>
				<onclick>ActivateWindow(subtitlesearch)</onclick>
				<visible>Player.HasVideo</visible>
			</control>
			<control type="togglebutton" id="908">
				<width>40</width>
				<height>40</height>
				<texturefocus>osd-btn-playthru-focus.png</texturefocus>
				<texturenofocus>osd-btn-playthru.png</texturenofocus>
				<usealttexture>Playlist.IsRandom</usealttexture>
				<alttexturefocus>osd-btn-random-focus.png</alttexturefocus>
				<alttexturenofocus>osd-btn-random.png</alttexturenofocus>
				<onclick>PlayerControl(Random)</onclick>
				<visible>Player.HasAudio</visible>
			</control>
			<control type="group" id="925">
				<width>40</width>
				<height>40</height>
				<visible>Player.HasAudio</visible>
				<control type="button" id="912">
					<width>40</width>
					<height>40</height>
					<onleft>908</onleft>
					<onright>217</onright>
					<onclick>PlayerControl(Repeat)</onclick>
				</control>
				<control type="image">
					<width>40</width>
					<height>40</height>
					<texture>osd-btn-repeat.png</texture>
					<visible>!Playlist.IsRepeat + !Playlist.IsRepeatOne</visible>
					<visible>!Control.HasFocus(912)</visible>
				</control>
				<control type="image">
					<width>40</width>
					<height>40</height>
					<texture>osd-btn-repeat-focus.png</texture>
					<visible>!Playlist.IsRepeat + !Playlist.IsRepeatOne</visible>
					<visible>Control.HasFocus(912)</visible>
				</control>
				<control type="image">
					<width>40</width>
					<height>40</height>
					<texture>osd-btn-repeatone.png</texture>
					<visible>Playlist.IsRepeatOne</visible>
					<visible>!Control.HasFocus(912)</visible>
				</control>
				<control type="image">
					<width>40</width>
					<height>40</height>
					<texture>osd-btn-repeatone-focus.png</texture>
					<visible>Playlist.IsRepeatOne</visible>
					<visible>Control.HasFocus(912)</visible>
				</control>
				<control type="image">
					<width>40</width>
					<height>40</height>
					<texture>osd-btn-repeatall.png</texture>
					<visible>Playlist.IsRepeat</visible>
					<visible>!Control.HasFocus(912)</visible>
				</control>
				<control type="image">
					<width>40</width>
					<height>40</height>
					<texture>osd-btn-repeatall-focus.png</texture>
					<visible>Playlist.IsRepeat</visible>
					<visible>Control.HasFocus(912)</visible>
				</control>
			</control>
			<control type="image" id="930"><!-- Dummy -->
				<width>40</width>
				<height>40</height>
				<texture>-</texture>
				<visible>Player.HasAudio | VideoPlayer.HasMenu | Skin.HasSetting(osd-subtitles)</visible>
			</control>
			<control type="button" id="217"><!-- Eject Disk -->
				<width>40</width>
				<height>40</height>
				<texturefocus>osd-btn-eject-focus.png</texturefocus>
				<texturenofocus>osd-btn-eject.png</texturenofocus>
				<onclick>EjectTray()</onclick>
				<onclick>SetFocus(214)</onclick>
				<visible>System.HasMediadvd</visible>
			</control>
			<control type="button" id="210"><!-- Skip Bwd -->
				<width>40</width>
				<height>40</height>
				<texturefocus>osd-btn-skipback-focus.png</texturefocus>
				<texturenofocus>osd-btn-skipback.png</texturenofocus>
				<onclick>PlayerControl(Previous)</onclick>
			</control>
			<control type="button" id="211"><!-- Rewind -->
				<width>40</width>
				<height>40</height>
				<texturefocus>osd-btn-rewind-focus.png</texturefocus>
				<texturenofocus>osd-btn-rewind.png</texturenofocus>
				<onclick>PlayerControl(Rewind)</onclick>
			</control>
			<control type="togglebutton" id="213"><!-- Play -->
				<width>40</width>
				<height>40</height>
				<texturefocus>osd-btn-pause-focus.png</texturefocus>
				<texturenofocus>osd-btn-pause.png</texturenofocus>
				<usealttexture>Player.Paused | Player.Forwarding | Player.Rewinding</usealttexture>
				<alttexturefocus>osd-btn-play-focus.png</alttexturefocus>
				<alttexturenofocus>osd-btn-play.png</alttexturenofocus>
				<onclick>PlayerControl(Play)</onclick>
			</control>
			<control type="button" id="214"><!-- Stop -->
				<width>40</width>
				<height>40</height>
				<texturefocus>osd-btn-stop-focus.png</texturefocus>
				<texturenofocus>osd-btn-stop.png</texturenofocus>
				<onclick>PlayerControl(Stop)</onclick>
			</control>
			<control type="button" id="215"><!-- Fast Forward -->
				<width>40</width>
				<height>40</height>
				<texturefocus>osd-btn-fastfwd-focus.png</texturefocus>
				<texturenofocus>osd-btn-fastfwd.png</texturenofocus>
				<onclick>PlayerControl(Forward)</onclick>
			</control>
			<control type="button" id="216"><!-- Skip Fwd -->
				<width>40</width>
				<height>40</height>
				<texturefocus>osd-btn-skipfwd-focus.png</texturefocus>
				<texturenofocus>osd-btn-skipfwd.png</texturenofocus>
				<onclick>PlayerControl(Next)</onclick>
			</control>
			<control type="button" id="3"><!-- Record Button -->
				<width>40</width>
				<height>40</height>
				<texturefocus>osd-btn-rec-focus.png</texturefocus>
				<texturenofocus>osd-btn-rec.png</texturenofocus>
				<onclick>PlayerControl(Record)</onclick>
				<visible>Player.CanRecord</visible>
			</control>
			<control type="image" id="940"><!-- Dummy -->
				<width>40</width>
				<height>40</height>
				<texture>-</texture>
				<visible>Player.HasAudio | Player.HasVideo</visible>
			</control>
			<control type="button" id="220"><!-- Popup Vis Preset List -->
				<width>40</width>
				<height>40</height>
				<texturefocus>osd-btn-vis-focus.png</texturefocus>
				<texturenofocus>osd-btn-vis.png</texturenofocus>
				<onclick>ActivateWindow(visualisationpresetlist)</onclick>
				<visible>Player.HasAudio</visible>
			</control>
			<control type="button" id="219"><!-- Popup Vis Settings -->
				<width>40</width>
				<height>40</height>
				<texturefocus>osd-btn-setting-focus.png</texturefocus>
				<texturenofocus>osd-btn-setting.png</texturenofocus>
				<onclick>Addon.Default.OpenSettings(xbmc.player.musicviz)</onclick>
				<visible>Player.HasAudio</visible>
			</control>
			<control type="button" id="921"><!-- Audio Menu -->
				<width>40</width>
				<height>40</height>
				<texturefocus>osd-btn-audio-focus.png</texturefocus>
				<texturenofocus>osd-btn-audio.png</texturenofocus>
				<onclick>ActivateWindow(osdaudiosettings)</onclick>
				<visible>Player.HasVideo</visible>
			</control>
			<control type="button" id="920"><!-- Video Menu -->
				<width>40</width>
				<height>40</height>
				<texturefocus>osd-btn-video-focus.png</texturefocus>
				<texturenofocus>osd-btn-video.png</texturenofocus>
				<onclick>ActivateWindow(osdvideosettings)</onclick>
				<visible>Player.HasVideo</visible>
			</control>
		</control>
	</controls>
</window>