<?xml version="1.0" encoding="utf-8"?>
<window id="3001">
	<!-- The following property allows TvTunes to keep playing when this window is displayed -->
	<onload condition="!IsEmpty(ListItem.TvShowTitle)">SetProperty("TvTunesSupported", "TvShows")</onload>
	<onload condition="IsEmpty(ListItem.TvShowTitle)">SetProperty("TvTunesSupported", "Movies")</onload>
	<onload condition="Skin.HasSetting(media-themetune) + System.HasAddon(script.tvtunes)">RunScript(script.tvtunes,backend=True)</onload>
	<defaultcontrol always="true">51</defaultcontrol>
	<allowoverlay>yes</allowoverlay>
	<include>screen-fade</include>
	<controls>
		<include>backgroundvideo</include>
		<include>Fake-Overlay</include>
		<control type="grouplist">
			<left>946</left>
			<top>35</top>
			<width>auto</width>
			<height>72</height>
			<align>left</align>
			<aligny>center</aligny>
			<orientation>horizontal</orientation>
			<control type="label"><!-- Video screen heading -->
				<width max="256">auto</width>
				<height>72</height>
				<label>$ADDON[script.videoextras 32001]</label>
				<font>font18</font>
				<wrapmultiline>true</wrapmultiline>
				<aligny>top</aligny>
			</control>
			<control type="label"><!-- Number of files -->
				<width max="80">auto</width>
				<height>72</height>
				<label>$INFO[Container.NumItems,(,)]</label>
				<aligny>top</aligny>
			</control>
		</control>

		<control type="group">
			<control type="fixedlist" id="51">
				<viewtype label="31941">List</viewtype>
				<left>668</left>
				<top>116</top>
				<width>555</width>
				<height>532</height>
				<focusposition>2</focusposition>
				<movement>4</movement>
				<onright>60</onright>
				<onup>51</onup>
				<ondown>51</ondown>
				<scrolltime>200</scrolltime>
				<preloaditems>2</preloaditems>
				<pagecontrol>60</pagecontrol>
				<itemlayout width="575" height="66">
					<control type="group">
						<visible>Skin.HasSetting(watched-overlay)</visible>
						<control type="image">
							<left>10</left>
							<top>20</top>
							<width>32</width>
							<height>32</height>
							<texture>overlaypartialywatched.png</texture>
							<visible>ListItem.IsResumable</visible>
						</control>
						<control type="image">
							<left>10</left>
							<top>20</top>
							<width>32</width>
							<height>32</height>
							<texture>overlayunwatched.png</texture>
							<visible>IsEmpty(ListItem.PlayCount) | !IntegerGreaterThan(ListItem.PercentPlayed,0)</visible>
						</control>
					</control>
					<control type="group">
						<control type="label">
							<left>46</left>
							<top>22</top>
							<width>506</width>
							<height>23</height>
							<font>font12</font>
							<label>$INFO[ListItem.Label]</label>
							<include condition="Skin.HasSetting(text-autoscroll)">scrolltext</include>
							<visible>IsEmpty(ListItem.Label2)</visible>
						</control>
						<control type="group">
							<visible>!IsEmpty(ListItem.Label2)</visible>
							<control type="label">
								<left>46</left>
								<top>14</top>
								<width>506</width>
								<height>23</height>
								<font>font11</font>
								<label>$INFO[ListItem.Label]</label>
								<include condition="Skin.HasSetting(text-autoscroll)">scrolltext</include>
							</control>
							<control type="label">
								<left>46</left>
								<top>38</top>
								<width>506</width>
								<height>23</height>
								<font>font11</font>
								<textcolor>disabled-text</textcolor>
								<label>$INFO[ListItem.Label2]</label>
								<include condition="Skin.HasSetting(text-autoscroll)">scrolltext</include>
							</control>
						</control>
					</control>
				</itemlayout>
				<focusedlayout width="575" height="66">
					<control type="group">
						<visible>Skin.HasSetting(watched-overlay)</visible>
						<control type="image">
							<left>10</left>
							<top>20</top>
							<width>32</width>
							<height>32</height>
							<texture>overlaypartialywatched.png</texture>
							<visible>ListItem.IsResumable</visible>
						</control>
						<control type="image">
							<left>10</left>
							<top>20</top>
							<width>32</width>
							<height>32</height>
							<texture>overlayunwatched.png</texture>
							<visible>IsEmpty(ListItem.PlayCount) | !IntegerGreaterThan(ListItem.PercentPlayed,0)</visible>
						</control>
					</control>
					<control type="group">
						<control type="label">
							<left>46</left>
							<top>22</top>
							<width>506</width>
							<height>23</height>
							<font>font12</font>
							<label>$INFO[ListItem.Label]</label>
							<include condition="Skin.HasSetting(text-autoscroll)">scrolltext</include>
							<visible>IsEmpty(ListItem.Label2)</visible>
						</control>
						<control type="group">
							<visible>!IsEmpty(ListItem.Label2)</visible>
							<control type="label">
								<left>46</left>
								<top>14</top>
								<width>506</width>
								<height>23</height>
								<font>font11</font>
								<label>$INFO[ListItem.Label]</label>
								<include condition="Skin.HasSetting(text-autoscroll)">scrolltext</include>
							</control>
							<control type="label">
								<left>46</left>
								<top>38</top>
								<width>506</width>
								<height>23</height>
								<font>font11</font>
								<textcolor>disabled-text</textcolor>
								<label>$INFO[ListItem.Label2]</label>
								<include condition="Skin.HasSetting(text-autoscroll)">scrolltext</include>
							</control>
						</control>
					</control>
				</focusedlayout>
			</control>
			<control type="group">
				<visible>Control.IsVisible(51)</visible>
				<control type="group">
					<control type="image"><!-- Button focus slider -->
						<left>674</left>
						<top>386</top>
						<width>560</width>
						<height>66</height>
						<texture border="8">button-default-focus.png</texture>
						<aspectratio>stretch</aspectratio>
					</control>
					<animation condition="Container(51).Position(0)" effect="slide" start="0,0" end="0,-264"
						time="0" easing="inout" reversible="true">Conditional</animation>
					<animation condition="Container(51).Position(1)" effect="slide" start="0,0" end="0,-198"
						time="0" easing="inout" reversible="true">Conditional</animation>
					<animation condition="Container(51).Position(2)" effect="slide" start="0,0" end="0,-132"
						time="0" easing="inout" reversible="true">Conditional</animation>
					<animation condition="Container(51).Position(3)" effect="slide" start="0,0" end="0,-66"
						time="0" easing="inout" reversible="true">Conditional</animation>
					<!-- Animation for postion 4 does nothing, so removed-->
					<animation condition="Container(51).Position(5)" effect="slide" start="0,0" end="0,66"
						time="0" easing="inout" reversible="true">Conditional</animation>
					<animation condition="Container(51).Position(6)" effect="slide" start="0,0" end="0,132"
						time="0" easing="inout" reversible="true">Conditional</animation>
					<animation condition="Container(51).Position(7)" effect="slide" start="0,0" end="0,198"
						time="0" easing="inout" reversible="true">Conditional</animation>
				</control>
				<control type="image">
					<left>320</left>
					<top>120</top>
					<width>318</width>
					<height>318</height>
					<texture fallback="DefaultVideo.png" background="true" diffuse="mask-rect.png">$INFO[ListItem.Icon]</texture>
					<aspectratio scalediffuse="false">keep</aspectratio>
				</control>
				<control type="scrollbar" id="60">
					<left>1246</left>
					<top>108</top>
					<width>18</width>
					<height>546</height>
					<onleft>51</onleft>
					<animation condition="!Control.HasFocus(60) + !Container.Scrolling + !StringCompare(Skin.String(show-scrollbar),$LOCALIZE[31875])" effect="fade" start="100" end="0" time="200" reversible="true">Conditional</animation>
					<visible>!StringCompare(Skin.String(show-scrollbar),$LOCALIZE[31877])</visible>
				</control>
			</control>
		</control>
	</controls>
</window>
