<?xml version="1.0" encoding="UTF-8"?>
<window>
	<defaultcontrol always="true">9000</defaultcontrol>
	<allowoverlay>yes</allowoverlay>
	<include>screen-fade</include>
	<controls>
		<include>background</include>
		<include>Fake-Overlay</include>
		<control type="label"><!-- Screen heading -->
			<left>946</left>
			<top>50</top>
			<width>310</width>
			<height>32</height>
			<label>$LOCALIZE[31559]</label>
			<font>font18</font>
		</control>
		<control type="grouplist" id="9000"><!-- Main menu -->
			<left>940</left>
			<top>112</top>
			<width>305</width>
			<height>350</height>
			<itemgap>0</itemgap>
			<control type="button" id="95"><!-- Summary -->
				<width>305</width>
				<height>50</height>
				<label>$LOCALIZE[128]</label>
			</control>
			<control type="button" id="94"><!-- Storage info -->
				<width>305</width>
				<height>50</height>
				<label>$LOCALIZE[13277]</label>
			</control>
			<control type="button" id="96"><!-- Network info -->
				<width>305</width>
				<height>50</height>
				<label>$LOCALIZE[13279]</label>
			</control>
			<control type="button" id="97"><!-- Video info -->
				<width>305</width>
				<height>50</height>
				<label>$LOCALIZE[13280]</label>
			</control>
			<control type="button" id="98"><!-- Hardware info -->
				<width>305</width>
				<height>50</height>
				<label>$LOCALIZE[13281]</label>
			</control>
			<control type="button" id="99"><!-- PVR info -->
				<width>305</width>
				<height>50</height>
				<label>$LOCALIZE[19191]</label>
				<visible>System.HasPVR</visible>
			</control>
			<control type="button" id="100"><!-- Skin info -->
				<width>305</width>
				<height>50</height>
				<label>$LOCALIZE[166]</label>
			</control>
		</control>
		<control type="grouplist">
			<left>34</left>
			<top>112</top>
			<width>890</width>
			<height>550</height>
			<visible>!Control.HasFocus(100)</visible>
			<control type="label" id="2">
				<width>890</width>
				<height>50</height>
				<font>font11</font>
				<wrapmultiline>true</wrapmultiline>
			</control>
			<control type="label" id="3">
				<width>890</width>
				<height>50</height>
				<font>font11</font>
				<wrapmultiline>true</wrapmultiline>
			</control>
			<control type="label" id="4">
				<width>890</width>
				<height>50</height>
				<font>font11</font>
				<wrapmultiline>true</wrapmultiline>
			</control>
			<control type="label" id="5">
				<width>890</width>
				<height>50</height>
				<font>font11</font>
				<wrapmultiline>true</wrapmultiline>
			</control>
			<control type="label" id="6">
				<width>890</width>
				<height>50</height>
				<font>font11</font>
				<wrapmultiline>true</wrapmultiline>
			</control>
			<control type="label" id="7">
				<width>890</width>
				<height>50</height>
				<font>font11</font>
				<wrapmultiline>true</wrapmultiline>
			</control>
			<control type="label" id="8">
				<width>890</width>
				<height>50</height>
				<font>font11</font>
				<wrapmultiline>true</wrapmultiline>
			</control>
			<control type="label" id="9">
				<width>890</width>
				<height>50</height>
				<font>font11</font>
				<wrapmultiline>true</wrapmultiline>
			</control>
			<control type="label" id="10">
				<width>890</width>
				<height>50</height>
				<font>font11</font>
				<wrapmultiline>true</wrapmultiline>
			</control>
			<control type="label" id="11">
				<width>890</width>
				<height>50</height>
				<font>font11</font>
				<wrapmultiline>true</wrapmultiline>
			</control>
		</control>
		<control type="grouplist">
			<left>34</left>
			<top>112</top>
			<width>890</width>
			<height>225</height>
			<itemgap>5</itemgap>
			<visible>Control.HasFocus(100)</visible>
			<control type="label"><!-- Skin version -->
				<width>890</width>
				<height>45</height>
				<label>$LOCALIZE[31563] $INFO[System.AddonTitle(skin.apptv)] $INFO[System.AddonVersion(skin.apptv)]</label>
				<font>font11</font>
			</control>
			<control type="label"><!-- Current theme -->
				<width>890</width>
				<height>45</height>
				<label>$LOCALIZE[31564] $INFO[Skin.CurrentTheme]</label>
				<font>font11</font>
			</control>
			<control type="label"><!-- Screen mode -->
				<width>890</width>
				<height>45</height>
				<label>$LOCALIZE[31565] $INFO[System.ScreenMode]</label>
				<font>font11</font>
			</control>
			<control type="label"><!-- Platform system is running on -->
				<width>890</width>
				<height>45</height>
				<label>$VAR[SystemPlatform]</label>
				<font>font11</font>
			</control>
		</control>
		<control type="label"><!-- Kodi build version and date -->
			<left>34</left>
			<top>680</top>
			<width>1212</width>
			<label>$INFO[System.BuildVersion,$LOCALIZE[144] ,] $INFO[System.BuildDate,(,)]</label>
			<font>font11</font>
		</control>
	</controls>
</window>
