<?xml version="1.0" encoding="utf-8"?>
<window>
	<defaultcontrol>8</defaultcontrol>
	<controls>
		<control type="videowindow" id="20">
			<include>fullscreenimage</include>
		</control>
		<control type="mover" id="8"><!-- top left mover -->
			<left>0</left>
			<top>0</top>
			<width>128</width>
			<height>128</height>
			<texturefocus>calibrate-topleft-focus.png</texturefocus>
			<texturenofocus>calibrate-topleft.png</texturenofocus>
		</control>
		<control type="label" id="2"><!-- coordinates label -->
			<left>40</left>
			<top>75</top>
			<width>1200</width>
			<height>25</height>
			<align>center</align>
		</control>
		<control type="label" id="3"><!-- help information -->
			<left>40</left>
			<top>105</top>
			<width>1200</width>
			<height>25</height>
			<align>center</align>
		</control>
		<control type="mover" id="9"><!-- right bottom mover -->
			<left>1239</left>
			<top>625</top>
			<width>128</width>
			<height>128</height>
			<texturefocus>calibrate-bottomright-focus.png</texturefocus>
			<texturenofocus>calibrate-bottomright.png</texturenofocus>
		</control>
		<control type="mover" id="10"><!-- subtitle position mover -->
			<left>354</left>
			<top>625</top>
			<width>384</width>
			<height>128</height>
			<texturefocus>calibrate-subtitles-focus.png</texturefocus>
			<texturenofocus>calibrate-subtitles.png</texturenofocus>
		</control>
		<control type="resize" id="11"><!-- pixel aspect ratio box -->
			<left>0</left>
			<top>334</top>
			<width>500</width>
			<height>500</height>
			<texturefocus>calibrate-pixelratio-focus.png</texturefocus>
			<texturenofocus>calibrate-pixelratio.png</texturenofocus>
		</control>
	</controls>
</window>