<?xml version="1.0" encoding="UTF-8"?>
<window>
	<include>screen-fade</include>
	<controls>
		<control type="image"><!-- Background shadow -->
			<left>0</left>
			<top>0</top>
			<width>1280</width>
			<height>176</height>
			<texture>colours/black.png</texture>
			<colordiffuse>osd-background</colordiffuse>
			<visible>Player.ShowCodec + !VideoPlayer.Content(LiveTV)</visible>
		</control>
		<control type="image"><!-- Background shadow for LiveTV -->
			<left>0</left>
			<top>0</top>
			<width>1280</width>
			<height>396</height>
			<texture>colours/black.png</texture>
			<colordiffuse>osd-background</colordiffuse>
			<visible>Player.ShowCodec + VideoPlayer.Content(LiveTV)</visible>
		</control>
		<!-- codec infos -->
		<control type="label" id="10"><!-- Row 1 label -->
			<left>15</left>
			<top>8</top>
			<width>1250</width>
			<height>52</height>
			<font>font12</font>
			<wrapmultiline>true</wrapmultiline>
		</control>
		<control type="label" id="11"><!-- Row 2 label -->
			<left>15</left>
			<top>60</top>
			<width>1250</width>
			<height>52</height>
			<font>font12</font>
			<wrapmultiline>true</wrapmultiline>
		</control>
		<control type="label" id="12"><!-- Row 3 label -->
			<left>15</left>
			<top>112</top>
			<width>1250</width>
			<height>78</height>
			<font>font12</font>
			<wrapmultiline>true</wrapmultiline>
		</control>
		<control type="group">
			<visible>Player.ShowCodec + VideoPlayer.Content(LiveTV) + system.getbool(pvrplayback.signalquality)</visible>
			<top>164</top>
			<control type="label"><!-- PVR Codec header -->
				<left>15</left>
				<top>0</top>
				<width>1250</width>
				<height>25</height>
				<label>$LOCALIZE[19005]</label>
			</control>
			<control type="label"><!-- Backend title -->
				<left>50</left>
				<top>40</top>
				<width>165</width>
				<height>25</height>
				<label>$LOCALIZE[19012]:</label>
				<font>font12</font>
			</control>
			<control type="label"><!-- Backend value -->
				<left>220</left>
				<top>40</top>
				<width>1000</width>
				<height>25</height>
				<label>$INFO[PVR.ActStreamClient]</label>
				<font>font12</font>
			</control>
			<control type="label"><!-- Device title -->
				<left>50</left>
				<top>65</top>
				<width>165</width>
				<height>25</height>
				<label>$LOCALIZE[19006]:</label>
				<font>font12</font>
			</control>
			<control type="label"><!-- Device value -->
				<left>220</left>
				<top>65</top>
				<width>1000</width>
				<height>25</height>
				<label>$INFO[PVR.ActStreamDevice]</label>
				<font>font12</font>
			</control>
			<control type="label"><!-- Status title -->
				<left>50</left>
				<top>90</top>
				<width>165</width>
				<height>25</height>
				<label>$LOCALIZE[19007]:</label>
				<font>font12</font>
			</control>
			<control type="label"><!-- Status value -->
				<left>220</left>
				<top>90</top>
				<width>1000</width>
				<height>25</height>
				<label>$INFO[PVR.ActStreamStatus]</label>
				<font>font12</font>
			</control>
			<control type="label"><!-- Signal title -->
				<left>50</left>
				<top>115</top>
				<width>165</width>
				<height>25</height>
				<label>$LOCALIZE[19008]:</label>
				<font>font12</font>
			</control>
			<control type="progress"><!-- Signal progressbar -->
				<left>220</left>
				<top>122</top>
				<width>910</width>
				<height>14</height>
				<info>PVR.ActStreamProgrSignal</info>
			</control>
			<control type="label"><!-- Signal value -->
				<left>1200</left>
				<top>115</top>
				<width>180</width>
				<height>25</height>
				<label>$INFO[PVR.ActStreamSignal]</label>
				<font>font12</font>
			</control>
			<control type="label"><!-- SNR Title -->
				<left>50</left>
				<top>140</top>
				<width>165</width>
				<height>25</height>
				<label>$LOCALIZE[19009]:</label>
				<font>font12</font>
			</control>
			<control type="progress"><!-- SNR progressbar -->
				<left>220</left>
				<top>147</top>
				<width>910</width>
				<height>14</height>
				<overlaytexture>-</overlaytexture>
				<info>PVR.ActStreamProgrSNR</info>
			</control>
			<control type="label"><!-- SNR value -->
				<left>1200</left>
				<top>140</top>
				<width>180</width>
				<height>25</height>
				<label>$INFO[PVR.ActStreamSNR]</label>
				<font>font12</font>
			</control>
			<control type="label"><!-- BER Title -->
				<left>50</left>
				<top>165</top>
				<width>165</width>
				<height>25</height>
				<label>$LOCALIZE[19010]:</label>
				<font>font12</font>
			</control>
			<control type="label"><!-- BER value -->
				<left>220</left>
				<top>165</top>
				<width>165</width>
				<height>25</height>
				<label>$INFO[PVR.ActStreamBER]</label>
				<font>font12</font>
			</control>
			<control type="label"><!-- UNC title -->
				<left>390</left>
				<top>165</top>
				<width>165</width>
				<height>25</height>
				<label>$LOCALIZE[19011]:</label>
				<font>font12</font>
			</control>
			<control type="label"><!-- UNC value -->
				<left>560</left>
				<top>165</top>
				<width>165</width>
				<height>25</height>
				<label>$INFO[PVR.ActStreamUNC]</label>
				<font>font12</font>
			</control>
			<control type="label"><!-- Service title -->
				<left>730</left>
				<top>165</top>
				<width>165</width>
				<height>25</height>
				<label>$LOCALIZE[19099]:</label>
				<font>font12</font>
			</control>
			<control type="label"><!-- Service value -->
				<left>900</left>
				<top>165</top>
				<width>330</width>
				<height>25</height>
				<label>$INFO[PVR.ActStreamServiceName]</label>
				<font>font12</font>
			</control>
			<control type="label"><!-- Encryption title -->
				<left>50</left>
				<top>190</top>
				<width>165</width>
				<height>25</height>
				<label>$LOCALIZE[19015]:</label>
				<font>font12</font>
			</control>
			<control type="label"><!-- Encryption value -->
				<left>220</left>
				<top>190</top>
				<width>165</width>
				<height>25</height>
				<label>$INFO[PVR.ActStreamEncryptionName]</label>
				<font>font12</font>
			</control>
			<control type="label"><!-- Provider title -->
				<left>390</left>
				<top>190</top>
				<width>165</width>
				<height>25</height>
				<label>$LOCALIZE[19101]:</label>
				<font>font12</font>
			</control>
			<control type="label"><!-- Provider value -->
				<left>560</left>
				<top>190</top>
				<width>165</width>
				<height>25</height>
				<label>$INFO[PVR.ActStreamProviderName]</label>
				<font>font12</font>
			</control>
			<control type="label"><!-- Mux title -->
				<left>730</left>
				<top>190</top>
				<width>165</width>
				<height>25</height>
				<label>$LOCALIZE[19100]:</label>
				<font>font12</font>
			</control>
			<control type="label"><!-- Mux value -->
				<left>900</left>
				<top>190</top>
				<width>330</width>
				<height>25</height>
				<label>$INFO[PVR.ActStreamMux]</label>
				<font>font12</font>
			</control>
		</control>
	</controls>
</window>