<?xml version="1.0" encoding="UTF-8"?>
<includes>
	<include name="PVRTimelineView">
		<control type="group"><!-- TV guide timeline -->
			<visible>Control.IsVisible(10)</visible>
			<control type="label"><!-- Current time -->
				<posx>40</posx>
				<posy>50</posy>
				<width>310</width>
				<height>32</height>
				<font>font13</font>
				<label>$INFO[System.Time]</label>
			</control>
			<control type="epggrid" id="10"><!-- EPG grid -->
				<viewtype label="19032">list</viewtype>
				<posx>30</posx>
				<posy>100</posy>
				<width>1220</width>
				<height>451</height>
				<pagecontrol>10</pagecontrol>
				<scrolltime>350</scrolltime>
				<timeblocks>40</timeblocks>
				<progresstexture border="0,32,4,0">progress-timeline.png</progresstexture>
				<rulerunit>6</rulerunit>
				<onleft>9000</onleft>
				<onright>31</onright>
				<onup>10</onup>
				<ondown>10</ondown>
				<rulerlayout height="35" width="40">
					<control type="image" id="1">
						<width>40</width>
						<height>35</height>
						<posx>0</posx>
						<posy>0</posy>
						<texture>blank.png</texture>
					</control>
					<control type="label" id="2">
						<posx>10</posx>
						<posy>0</posy>
						<width>34</width>
						<height>29</height>
						<font>font11</font>
						<selectedcolor>listselected-text</selectedcolor>
						<label>$INFO[ListItem.Label]</label>
					</control>
					<control type="image">
						<posx>0</posx>
						<posy>28</posy>
						<width>1120</width>
						<height>4</height>
						<texture>separator.png</texture>
					</control>
				</rulerlayout>
				<channellayout height="52" width="300">
					<animation effect="fade" start="110" time="200">UnFocus</animation>
					<control type="image" id="1">
						<posx>0</posx>
						<posy>0</posy>
						<width>298</width>
						<height>52</height>
						<texture border="5">colours/grey.png</texture>
						<colordiffuse>osd-background</colordiffuse>
					</control>
					<control type="image">
						<posx>4</posx>
						<posy>4</posy>
						<width>44</width>
						<height>44</height>
						<aspectratio>keep</aspectratio>
						<texture>$INFO[ListItem.Icon]</texture>
					</control>
					<control type="label">
						<posx>4</posx>
						<posy>4</posy>
						<width>44</width>
						<height>44</height>
						<align>center</align>
						<selectedcolor>listselected-text</selectedcolor>
						<label>$INFO[ListItem.ChannelNumber]</label>
						<visible>IsEmpty(ListItem.Icon)</visible>
					</control>
					<control type="label" id="1">
						<posx>52</posx>
						<posy>0</posy>
						<width>238</width>
						<height>52</height>
						<font>font11</font>
						<selectedcolor>listselected-text</selectedcolor>
						<label>$INFO[ListItem.ChannelName]</label>
					</control>
				</channellayout>
				<focusedchannellayout height="52" width="300">
					<animation effect="fade" start="110" time="200">OnFocus</animation>
					<control type="image" id="1">
						<posx>0</posx>
						<posy>0</posy>
						<width>298</width>
						<height>52</height>
						<texture border="5">colours/blue.png</texture>
						<colordiffuse>osd-background</colordiffuse>
					</control>
					<control type="image">
						<posx>4</posx>
						<posy>4</posy>
						<width>44</width>
						<height>44</height>
						<aspectratio>keep</aspectratio>
						<texture>$INFO[ListItem.Icon]</texture>
					</control>
					<control type="label">
						<posx>4</posx>
						<posy>4</posy>
						<width>44</width>
						<height>44</height>
						<align>center</align>
						<selectedcolor>listselected-text</selectedcolor>
						<label>$INFO[ListItem.ChannelNumber]</label>
						<visible>IsEmpty(ListItem.Icon)</visible>
					</control>
					<control type="label" id="1">
						<posx>52</posx>
						<posy>0</posy>
						<width>238</width>
						<height>52</height>
						<font>font11</font>
						<selectedcolor>listselected-text</selectedcolor>
						<label>$INFO[ListItem.ChannelName]</label>
					</control>
				</focusedchannellayout>
				<itemlayout height="52" width="40">
					<control type="image" id="2">
						<width>40</width>
						<height>52</height>
						<posx>0</posx>
						<posy>0</posy>
						<aspectratio>stretch</aspectratio>
						<texture border="3">epg-genres/$INFO[ListItem.Property(GenreType)].png</texture>
					</control>
					<control type="label" id="1">
						<posx>20</posx>
						<posy>0</posy>
						<width>10</width>
						<height>48</height>
						<font>font11</font>
						<selectedcolor>listselected-text</selectedcolor>
						<wrapmultiline>true</wrapmultiline>
						<label>$INFO[ListItem.Label]</label>
					</control>
					<control type="image">
						<posx>2</posx>
						<posy>18</posy>
						<width>16</width>
						<height>16</height>
						<texture>$VAR[PVROverlay]</texture>
					</control>
				</itemlayout>
				<focusedlayout height="52" width="40">
					<control type="image" id="14">
						<width>40</width>
						<height>52</height>
						<posx>0</posx>
						<posy>0</posy>
						<texture border="3">colours/blue.png</texture>
						<colordiffuse>osd-background</colordiffuse>
					</control>
					<control type="image" id="2">
						<width>40</width>
						<height>52</height>
						<posx>0</posx>
						<posy>0</posy>
						<aspectratio>stretch</aspectratio>
						<texture>colours/blue.png</texture>
						<colordiffuse>osd-background</colordiffuse>
					</control>
					<control type="label" id="1">
						<posx>20</posx>
						<posy>0</posy>
						<width>10</width>
						<height>48</height>
						<font>font11</font>
						<selectedcolor>listselected-text</selectedcolor>
						<include condition="Skin.HasSetting(text-autoscroll)">scrolltext</include>
						<wrapmultiline>true</wrapmultiline>
						<label>$INFO[ListItem.Label]</label>
					</control>
					<control type="image">
						<posx>2</posx>
						<posy>18</posy>
						<width>16</width>
						<height>16</height>
						<texture>$VAR[PVROverlay]</texture>
					</control>
				</focusedlayout>
			</control>
			<control type="label">
				<label>$INFO[ListItem.Title]</label>
				<posx>30</posx>
				<posy>566</posy>
				<width>700</width>
				<height>32</height>
				<font>font18</font>
				<wrapmultiline>true</wrapmultiline>
			</control>
			<control type="label"><!-- Start time -->
				<visible>!IsEmpty(ListItem.Plot) + !IsEmpty(ListItem.StartTime) + !IsEmpty(ListItem.EndTime)</visible>
				<posx>1250</posx>
				<posy>574</posy>
				<width>320</width>
				<height>24</height>
				<align>right</align>
				<label>$INFO[ListItem.StartTime] - $INFO[ListItem.EndTime]</label>
			</control>
			<control type="image">
				<visible>!IsEmpty(ListItem.Title)</visible>
				<posx>30</posx>
				<posy>602</posy>
				<width>1220</width>
				<height>4</height>
				<texture>separator.png</texture>
			</control>
			<control type="textbox"><!-- Plot -->
				<posx>30</posx>
				<posy>608</posy>
				<width>1220</width>
				<height>78</height>
				<font>font11</font>
				<label>$INFO[ListItem.Plot]</label>
				<visible>!IsEmpty(ListItem.Plot)</visible>
			</control>
		</control>
	</include>
	<include name="PVRNowListView">
		<control type="group">
			<visible>Control.IsVisible(11)</visible>
			<control type="list" id="11">
				<viewtype label="19030">List</viewtype>
				<posx>678</posx>
				<posy>116</posy>
				<width>552</width>
				<height>560</height>
				<onleft>9000</onleft>
				<onright>27</onright>
				<onup>11</onup>
				<ondown>11</ondown>
				<scrolltime>200</scrolltime>
				<pagecontrol>27</pagecontrol>
				<preloaditems>2</preloaditems>
				<itemlayout height="70">
					<control type="label">
						<posx>38</posx>
						<posy>2</posy>
						<width>66</width>
						<height>66</height>
						<font>font18</font>
						<align>center</align>
						<label>$INFO[ListItem.ChannelNumber]</label>
						<visible>IsEmpty(ListItem.Icon)</visible>
					</control>
					<control type="image">
						<posx>11</posx>
						<posy>11</posy>
						<width>48</width>
						<height>48</height>
						<texture>$INFO[ListItem.Icon]</texture>
					</control>
					<control type="label">
						<posx>80</posx>
						<posy>8</posy>
						<width>470</width>
						<height>24</height>
						<font>font11</font>
						<label>$INFO[ListItem.Label]</label>
					</control>
					<control type="progress">
						<posx>80</posx>
						<posy>34</posy>
						<width>460</width>
						<height>6</height>
						<reveal>true</reveal>
						<info>ListItem.Progress</info>
						<texturebg>blank.png</texturebg>
						<colordiffuse>disabled-text</colordiffuse>
					</control>
					<control type="label">
						<posx>80</posx>
						<posy>39</posy>
						<width>470</width>
						<height>22</height>
						<font>font11</font>
						<label>$INFO[ListItem.Title]</label>
						<textcolor>disabled-text</textcolor>
					</control>
				</itemlayout>
				<focusedlayout height="70">
					<control type="image">
						<posx>0</posx>
						<posy>0</posy>
						<width>552</width>
						<height>70</height>
						<texture border="8">button-default-focus.png</texture>
					</control>
					<control type="label">
						<posx>38</posx>
						<posy>2</posy>
						<width>66</width>
						<height>66</height>
						<font>font18</font>
						<align>center</align>
						<label>$INFO[ListItem.ChannelNumber]</label>
						<visible>IsEmpty(ListItem.Icon)</visible>
					</control>
					<control type="image">
						<posx>11</posx>
						<posy>11</posy>
						<width>48</width>
						<height>48</height>
						<texture>$INFO[ListItem.Icon]</texture>
					</control>
					<control type="label">
						<posx>80</posx>
						<posy>8</posy>
						<width>470</width>
						<height>22</height>
						<font>font11</font>
						<label>$INFO[ListItem.Label]</label>
						<include condition="Skin.HasSetting(text-autoscroll)">scrolltext</include>
					</control>
					<control type="progress">
						<posx>80</posx>
						<posy>34</posy>
						<width>460</width>
						<height>6</height>
						<reveal>true</reveal>
						<info>ListItem.Progress</info>
						<texturebg>blank.png</texturebg>
						<colordiffuse>ProgressBarColor</colordiffuse>
					</control>
					<control type="label">
						<posx>80</posx>
						<posy>39</posy>
						<width>470</width>
						<height>22</height>
						<font>font11</font>
						<label>$INFO[ListItem.Title]</label>
						<textcolor>disabled-text</textcolor>
						<include condition="Skin.HasSetting(text-autoscroll)">scrolltext</include>
					</control>
				</focusedlayout>
			</control>
			<control type="group"><!-- Current Icon/Channel playing -->
				<control type="grouplist">
					<animation effect="fade" start="0" end="100" time="200" delay="100">Visible</animation>
					<left>20</left>
					<top>116</top>
					<width>628</width>
					<height>578</height>
					<itemgap>2</itemgap>
					<control type="group">
						<visible>!Player.HasVideo | [Player.HasVideo + Skin.HasSetting(background-playingmedia)]</visible>
						<left>0</left>
						<width>256</width>
						<height>256</height>
						<control type="image">
							<left>186</left>
							<width>256</width>
							<height>256</height>
							<texture fallback="DefaultTvshows.png" background="true" diffuse="mask-rect.png">$INFO[ListItem.Thumb]</texture>
							<aspectratio scalediffuse="false">keep</aspectratio>
							<aligny>top</aligny>
							<visible>!IsEmpty(ListItem.Thumb)</visible>
						</control>
						<control type="image">
							<left>186</left>
							<width>256</width>
							<height>256</height>
							<texture fallback="DefaultTvshows.png" background="true">$INFO[ListItem.Icon]</texture>
							<aspectratio>keep</aspectratio>
							<aligny>top</aligny>
							<visible>IsEmpty(ListItem.Thumb) + !IsEmpty(ListItem.Icon)</visible>
						</control>
					</control>
					<control type="group">
						<left>0</left>
						<width>512</width>
						<height>256</height>
						<visible>Player.HasVideo + !Skin.HasSetting(background-playingmedia)</visible>
						<control type="videowindow">
							<left>58</left>
							<width>512</width>
							<height>256</height>
							<aspectratio>keep</aspectratio>
							<align>center</align>
							<aligny>top</aligny>
						</control>
					</control>
					<control type="label">
						<label>$INFO[ListItem.Title]</label>
						<width>628</width>
						<height>34</height>
						<font>font18</font>
						<align>center</align>
						<wrapmultiline>true</wrapmultiline>
					</control>
					<control type="label"><!-- Start time -->
						<visible>!IsEmpty(ListItem.Plot) + !IsEmpty(ListItem.StartTime) + !IsEmpty(ListItem.EndTime)+ !Control.IsVisible(13)</visible>
						<width>628</width>
						<height>30</height>
						<align>center</align>
						<label>$LOCALIZE[31134] $INFO[ListItem.StartTime] - $LOCALIZE[31129] $INFO[ListItem.EndTime]</label>
					</control>
					<control type="image">
						<visible>!IsEmpty(ListItem.Title)</visible>
						<width>628</width>
						<height>4</height>
						<texture>separator.png</texture>
					</control>
					<control type="textbox"><!-- Plot -->
						<width>628</width>
						<height>214</height>
						<font>font12</font>
						<align>left</align>
						<label>$INFO[ListItem.Plot]</label>
						<visible>!IsEmpty(ListItem.Plot)</visible>
					</control>
					<control type="image">
						<visible>!IsEmpty(ListItem.Plot)</visible>
						<width>628</width>
						<height>4</height>
						<texture>separator.png</texture>
					</control>
				</control>
			</control>
			<control type="scrollbar" id="27">
				<posx>1244</posx>
				<posy>112</posy>
				<width>18</width>
				<height>565</height>
				<onleft>11</onleft>
				<onright>11</onright>
				<animation condition="!Control.HasFocus(27) + !Container.Scrolling + !StringCompare(Skin.String(show-scrollbar),$LOCALIZE[31875])" effect="fade" start="100" end="0" time="200" reversible="true">Conditional</animation>
				<visible>!StringCompare(Skin.String(show-scrollbar),$LOCALIZE[31877])</visible>
			</control>
		</control>
	</include>
	<include name="PVRNextListView">
		<control type="group">
			<visible>Control.IsVisible(12)</visible>
			<control type="list" id="12">
				<viewtype label="19031">List</viewtype>
				<posx>678</posx>
				<posy>116</posy>
				<width>552</width>
				<height>560</height>
				<onleft>9000</onleft>
				<onright>27</onright>
				<onup>12</onup>
				<ondown>12</ondown>
				<scrolltime>200</scrolltime>
				<pagecontrol>27</pagecontrol>
				<preloaditems>2</preloaditems>
				<itemlayout height="70">
					<control type="label">
						<posx>38</posx>
						<posy>2</posy>
						<width>66</width>
						<height>66</height>
						<font>font18</font>
						<align>center</align>
						<label>$INFO[ListItem.ChannelNumber]</label>
						<visible>IsEmpty(ListItem.Icon)</visible>
					</control>
					<control type="image">
						<posx>11</posx>
						<posy>11</posy>
						<width>48</width>
						<height>48</height>
						<texture>$INFO[ListItem.Icon]</texture>
					</control>
					<control type="label">
						<posx>80</posx>
						<posy>8</posy>
						<width>470</width>
						<height>24</height>
						<font>font11</font>
						<label>$INFO[ListItem.Label]</label>
					</control>
					<control type="label">
						<posx>80</posx>
						<posy>34</posy>
						<width>470</width>
						<height>24</height>
						<font>font11</font>
						<label>$INFO[ListItem.Title]</label>
						<textcolor>disabled-text</textcolor>
					</control>
				</itemlayout>
				<focusedlayout height="70">
					<control type="image">
						<posx>0</posx>
						<posy>0</posy>
						<width>552</width>
						<height>70</height>
						<texture border="8">button-default-focus.png</texture>
					</control>
					<control type="label">
						<posx>38</posx>
						<posy>2</posy>
						<width>66</width>
						<height>66</height>
						<font>font18</font>
						<align>center</align>
						<label>$INFO[ListItem.ChannelNumber]</label>
						<visible>IsEmpty(ListItem.Icon)</visible>
					</control>
					<control type="image">
						<posx>11</posx>
						<posy>11</posy>
						<width>48</width>
						<height>48</height>
						<texture>$INFO[ListItem.Icon]</texture>
					</control>
					<control type="label">
						<posx>80</posx>
						<posy>8</posy>
						<width>470</width>
						<height>24</height>
						<font>font11</font>
						<label>$INFO[ListItem.Label]</label>
					</control>
					<control type="label">
						<posx>80</posx>
						<posy>34</posy>
						<width>470</width>
						<height>24</height>
						<font>font11</font>
						<label>$INFO[ListItem.Title]</label>
						<textcolor>disabled-text</textcolor>
					</control>
				</focusedlayout>
			</control>
			<control type="group"><!-- Current Icon/Channel playing -->
				<control type="grouplist">
					<animation effect="fade" start="0" end="100" time="200" delay="100">Visible</animation>
					<left>20</left>
					<top>116</top>
					<width>628</width>
					<height>578</height>
					<itemgap>2</itemgap>
					<control type="group">
						<visible>!Player.HasVideo | [Player.HasVideo + Skin.HasSetting(background-playingmedia)]</visible>
						<left>0</left>
						<width>256</width>
						<height>256</height>
						<control type="image">
							<left>186</left>
							<width>256</width>
							<height>256</height>
							<texture fallback="DefaultTvshows.png" background="true" diffuse="mask-rect.png">$INFO[ListItem.Thumb]</texture>
							<aspectratio scalediffuse="false">keep</aspectratio>
							<aligny>top</aligny>
							<visible>!IsEmpty(ListItem.Thumb)</visible>
						</control>
						<control type="image">
							<left>186</left>
							<width>256</width>
							<height>256</height>
							<texture fallback="DefaultTvshows.png" background="true">$INFO[ListItem.Icon]</texture>
							<aspectratio>keep</aspectratio>
							<aligny>top</aligny>
							<visible>IsEmpty(ListItem.Thumb) + !IsEmpty(ListItem.Icon)</visible>
						</control>
					</control>
					<control type="group">
						<left>0</left>
						<width>512</width>
						<height>256</height>
						<visible>Player.HasVideo + !Skin.HasSetting(background-playingmedia)</visible>
						<control type="videowindow">
							<left>58</left>
							<width>512</width>
							<height>256</height>
							<aspectratio>keep</aspectratio>
							<align>center</align>
							<aligny>top</aligny>
						</control>
					</control>
					<control type="label">
						<label>$INFO[ListItem.Title]</label>
						<width>628</width>
						<height>34</height>
						<font>font18</font>
						<align>center</align>
						<wrapmultiline>true</wrapmultiline>
					</control>
					<control type="label"><!-- Start time -->
						<visible>!IsEmpty(ListItem.Plot) + !IsEmpty(ListItem.StartTime) + !IsEmpty(ListItem.EndTime)+ !Control.IsVisible(13)</visible>
						<width>628</width>
						<height>30</height>
						<align>center</align>
						<label>$LOCALIZE[31134] $INFO[ListItem.StartTime] - $LOCALIZE[31129] $INFO[ListItem.EndTime]</label>
					</control>
					<control type="image">
						<visible>!IsEmpty(ListItem.Title)</visible>
						<width>628</width>
						<height>4</height>
						<texture>separator.png</texture>
					</control>
					<control type="textbox"><!-- Plot -->
						<width>628</width>
						<height>214</height>
						<font>font12</font>
						<align>left</align>
						<label>$INFO[ListItem.Plot]</label>
						<visible>!IsEmpty(ListItem.Plot)</visible>
					</control>
					<control type="image">
						<visible>!IsEmpty(ListItem.Plot)</visible>
						<width>628</width>
						<height>4</height>
						<texture>separator.png</texture>
					</control>
				</control>
			</control>
			<control type="scrollbar" id="27">
				<posx>1244</posx>
				<posy>112</posy>
				<width>18</width>
				<height>565</height>
				<onleft>12</onleft>
				<onright>12</onright>
				<animation condition="!Control.HasFocus(27) + !Container.Scrolling + !StringCompare(Skin.String(show-scrollbar),$LOCALIZE[31875])" effect="fade" start="100" end="0" time="200" reversible="true">Conditional</animation>
				<visible>!StringCompare(Skin.String(show-scrollbar),$LOCALIZE[31877])</visible>
			</control>
		</control>
	</include>
	<include name="PVRChannelListView">
		<control type="group"><!-- TV guide channel -->
			<visible>Control.IsVisible(13)</visible>
			<control type="list" id="13">
				<viewtype label="19029">List</viewtype>
				<posx>678</posx>
				<posy>118</posy>
				<width>552</width>
				<height>560</height>
				<onup>13</onup>
				<ondown>13</ondown>
				<onleft>9000</onleft>
				<onright>27</onright>
				<scrolltime>200</scrolltime>
				<preloaditems>2</preloaditems>
				<pagecontrol>27</pagecontrol>
				<itemlayout width="552" height="70">
					<control type="image">
						<posx>11</posx>
						<posy>11</posy>
						<width>38</width>
						<height>38</height>
						<texture>$INFO[ListItem.Icon]</texture>
					</control>
					<control type="label">
						<posx>80</posx>
						<posy>8</posy>
						<width>482</width>
						<height>24</height>
						<font>font11</font>
						<label>$INFO[ListItem.Label]</label>
					</control>
					<control type="label">
						<posx>80</posx>
						<posy>34</posy>
						<width>280</width>
						<height>24</height>
						<font>font11</font>
						<label>$INFO[ListItem.Label2]</label>
					</control>
					<control type="image">
						<posx>-30</posx>
						<posy>24</posy>
						<width>22</width>
						<height>22</height>
						<texture>$VAR[PVROverlay]</texture>
					</control>
				</itemlayout>
				<focusedlayout width="552" height="70">
					<control type="image">
						<posx>11</posx>
						<posy>11</posy>
						<width>38</width>
						<height>38</height>
						<texture>$INFO[ListItem.Icon]</texture>
					</control>
					<control type="label">
						<posx>80</posx>
						<posy>8</posy>
						<width>482</width>
						<height>24</height>
						<font>font11</font>
						<label>$INFO[ListItem.Label]</label>
					</control>
					<control type="label">
						<posx>80</posx>
						<posy>34</posy>
						<width>280</width>
						<height>24</height>
						<font>font11</font>
						<label>$INFO[ListItem.Label2]</label>
					</control>
					<control type="image">
						<posx>-30</posx>
						<posy>24</posy>
						<width>22</width>
						<height>22</height>
						<texture>$VAR[PVROverlay]</texture>
					</control>
				</focusedlayout>
			</control>

			<control type="scrollbar" id="27">
				<posx>1244</posx>
				<posy>116</posy>
				<width>20</width>
				<height>560</height>
				<onleft>15</onleft>
				<onright>9000</onright>
				<animation condition="!Control.HasFocus(27) + !Container.Scrolling + !StringCompare(Skin.String(show-scrollbar),$LOCALIZE[31875])" effect="fade" start="100" end="0" time="200" reversible="true">Conditional</animation>
				<visible>!StringCompare(Skin.String(show-scrollbar),$LOCALIZE[31877])</visible>
			</control>
		</control>
	</include>
	
	<include name="PVRTimerListView">
		<control type="group"><!-- Timers group -->
			<visible>Control.IsVisible(14)</visible>
			<control type="group">
				<visible>Control.IsVisible(14)</visible>
				<posx>80</posx>
				<posy>90</posy>
				<control type="label"><!-- Channel heading -->
					<posx>0</posx>
					<posy>23</posy>
					<width>220</width>
					<height>20</height>
					<align>center</align>
					<label>$LOCALIZE[19029]</label>
				</control>
				<control type="label"><!-- Title heading -->
					<posx>220</posx>
					<posy>20</posy>
					<width>300</width>
					<height>23</height>
					<align>center</align>
					<label>$LOCALIZE[369]</label>
				</control>
				<control type="label"><!-- Schedule time heading -->
					<posx>580</posx>
					<posy>20</posy>
					<width>300</width>
					<height>23</height>
					<align>center</align>
					<label>$LOCALIZE[19225]</label>
				</control>
				<control type="label"><!-- Status heading -->
					<posx>940</posx>
					<posy>20</posy>
					<width>150</width>
					<height>23</height>
					<align>center</align>
					<label>$LOCALIZE[126]</label>
				</control>
				<control type="image">
					<posx>-60</posx>
					<posy>45</posy>
					<width>1240</width>
					<height>4</height>
					<texture>separator.png</texture>
				</control>
			</control>
			<control type="list" id="14">
				<posx>48</posx>
				<posy>150</posy>
				<width>1160</width>
				<height>500</height>
				<onleft>9000</onleft>
				<onright>27</onright>
				<onup>14</onup>
				<ondown>14</ondown>
				<scrolltime>200</scrolltime>
				<viewtype label="536">List</viewtype>
				<pagecontrol>27</pagecontrol>
				<preloaditems>2</preloaditems>
				<itemlayout height="50">
					<control type="label">
						<posx>15</posx>
						<posy>0</posy>
						<width>180</width>
						<height>50</height>
						<font>font12</font>
						<label>$INFO[ListItem.Label]</label>
					</control>
					<control type="label">
						<posx>200</posx>
						<posy>0</posy>
						<width>240</width>
						<height>50</height>
						<font>font12</font>
						<label>$INFO[ListItem.ChannelName]</label>
					</control>
					<control type="label">
						<posx>460</posx>
						<posy>0</posy>
						<width>655</width>
						<height>50</height>
						<label>$INFO[ListItem.Date]</label>
					</control>
					<control type="image">
						<posx>1120</posx>
						<posy>12</posy>
						<width>26</width>
						<height>26</height>
						<texture>check-boxnf.png</texture>
						<visible>!StringCompare(ListItem.Comment,$LOCALIZE[305]) + !IsEmpty(ListItem.ChannelName)</visible>
					</control>
					<control type="image">
						<posx>1120</posx>
						<posy>12</posy>
						<width>26</width>
						<height>26</height>
						<texture>check-box.png</texture>
						<visible>StringCompare(ListItem.Comment,$LOCALIZE[305]) + !IsEmpty(ListItem.ChannelName)</visible>
					</control>
				</itemlayout>
				<focusedlayout height="50">
					<control type="image">
						<posx>0</posx>
						<posy>0</posy>
						<width>1160</width>
						<height>50</height>
						<texture border="8">button-default-focus.png</texture>
					</control>
					<control type="label">
						<posx>15</posx>
						<posy>0</posy>
						<width>180</width>
						<height>50</height>
						<label>$INFO[ListItem.Label]</label>
					</control>
					<control type="label">
						<posx>200</posx>
						<posy>0</posy>
						<width>240</width>
						<height>50</height>
						<label>$INFO[ListItem.ChannelName]</label>
					</control>
					<control type="label">
						<posx>460</posx>
						<posy>0</posy>
						<width>655</width>
						<height>50</height>
						<label>$INFO[ListItem.Date]</label>
					</control>
					<control type="image">
						<posx>1120</posx>
						<posy>12</posy>
						<width>26</width>
						<height>26</height>
						<texture>check-boxnf.png</texture>
						<visible>!StringCompare(ListItem.Comment,$LOCALIZE[305]) + !IsEmpty(ListItem.ChannelName)</visible>
					</control>
					<control type="image">
						<posx>1120</posx>
						<posy>12</posy>
						<width>26</width>
						<height>26</height>
						<texture>check-box.png</texture>
						<visible>StringCompare(ListItem.Comment,$LOCALIZE[305]) + !IsEmpty(ListItem.ChannelName)</visible>
					</control>
				</focusedlayout>
			</control>
			<control type="group">
				<visible>PVR.HasTimer</visible>
				<control type="label">
					<posx>68</posx>
					<posy>660</posy>
					<height>50</height>
					<label>$INFO[PVR.NextTimer]</label>
				</control>
			</control>
			<control type="scrollbar" id="27">
				<posx>1244</posx>
				<posy>150</posy>
				<width>18</width>
				<height>500</height>
				<onleft>14</onleft>
				<onright>14</onright>
				<animation condition="!Control.HasFocus(27) + !Container.Scrolling + !StringCompare(Skin.String(show-scrollbar),$LOCALIZE[31875])" effect="fade" start="100" end="0" time="200" reversible="true">Conditional</animation>
				<visible>!StringCompare(Skin.String(show-scrollbar),$LOCALIZE[31877])</visible>
			</control>
		</control>
	</include>
	<include name="PVRListView">
		<control type="group">
			<visible>Control.IsVisible(50)</visible>
			<control type="group">
				<control type="list" id="50">
					<posx>678</posx>
					<posy>118</posy>
					<width>552</width>
					<height>560</height>
					<onup>50</onup>
					<ondown>50</ondown>
					<onleft>9000</onleft>
					<onright>27</onright>
					<scrolltime>200</scrolltime>
					<preloaditems>2</preloaditems>
					<pagecontrol>27</pagecontrol>
					<itemlayout width="552" height="70">
						<control type="image">
							<posx>11</posx>
							<posy>11</posy>
							<width>38</width>
							<height>38</height>
							<texture>$INFO[ListItem.Icon]</texture>
						</control>
						<control type="label">
							<posx>80</posx>
							<posy>8</posy>
							<width>482</width>
							<height>24</height>
							<font>font11</font>
							<label>$INFO[ListItem.Label]</label>
						</control>
						<control type="label">
							<posx>80</posx>
							<posy>34</posy>
							<width>280</width>
							<height>24</height>
							<font>font11</font>
							<label>$INFO[ListItem.Label2]</label>
						</control>
						<control type="image">
							<posx>-30</posx>
							<posy>24</posy>
							<width>22</width>
							<height>22</height>
							<texture>$VAR[PVROverlay]</texture>
						</control>
					</itemlayout>
					<focusedlayout width="552" height="70">
						<control type="image">
							<posx>11</posx>
							<posy>11</posy>
							<width>38</width>
							<height>38</height>
							<texture>$INFO[ListItem.Icon]</texture>
						</control>
						<control type="label">
							<posx>80</posx>
							<posy>8</posy>
							<width>482</width>
							<height>24</height>
							<font>font11</font>
							<label>$INFO[ListItem.Label]</label>
						</control>
						<control type="label">
							<posx>80</posx>
							<posy>34</posy>
							<width>280</width>
							<height>24</height>
							<font>font11</font>
							<label>$INFO[ListItem.Label2]</label>
						</control>
						<control type="image">
							<posx>-30</posx>
							<posy>24</posy>
							<width>22</width>
							<height>22</height>
							<texture>$VAR[PVROverlay]</texture>
						</control>
					</focusedlayout>
				</control>
				<control type="group">
					<top>64</top>
					<control type="group">
						<control type="image"><!-- Button focus slider -->
							<left>674</left>
							<top>330</top>
							<width>560</width>
							<height>70</height>
							<texture border="5">button-default-focus.png</texture>
							<aspectratio>stretch</aspectratio>
						</control>
						<animation condition="Container(50).Position(0)" effect="slide" start="0,0" end="0,-280"
							time="0" easing="inout" reversible="true">Conditional</animation>
						<animation condition="Container(50).Position(1)" effect="slide" start="0,0" end="0,-210"
							time="0" easing="inout" reversible="true">Conditional</animation>
						<animation condition="Container(50).Position(2)" effect="slide" start="0,0" end="0,-140"
							time="0" easing="inout" reversible="true">Conditional</animation>
						<animation condition="Container(50).Position(3)" effect="slide" start="0,0" end="0,-70"
							time="0" easing="inout" reversible="true">Conditional</animation>
						<!-- Animation for postion 4 does nothing, so removed-->
						<animation condition="Container(50).Position(5)" effect="slide" start="0,0" end="0,70"
							time="0" easing="inout" reversible="true">Conditional</animation>
						<animation condition="Container(50).Position(6)" effect="slide" start="0,0" end="0,140"
							time="0" easing="inout" reversible="true">Conditional</animation>
						<animation condition="Container(50).Position(7)" effect="slide" start="0,0" end="0,210"
							time="0" easing="inout" reversible="true">Conditional</animation>
					</control>
				</control>
				<control type="group"><!-- Current Icon/Channel playing -->
					<control type="grouplist">
						<visible>Control.IsVisible(11) | Control.IsVisible(12) | Control.IsVisible(13) | Control.IsVisible(50) | Control.IsVisible(16)</visible>
						<animation effect="fade" start="0" end="100" time="200" delay="100">Visible</animation>
						<left>20</left>
						<top>116</top>
						<width>628</width>
						<height>578</height>
						<itemgap>2</itemgap>
						<control type="group">
							<visible>!Player.HasVideo | [Player.HasVideo + Skin.HasSetting(background-playingmedia)]</visible>
							<left>0</left>
							<width>256</width>
							<height>256</height>
							<control type="image">
								<left>186</left>
								<width>256</width>
								<height>256</height>
								<texture fallback="DefaultTvshows.png" background="true" diffuse="mask-rect.png">$INFO[ListItem.Thumb]</texture>
								<aspectratio scalediffuse="false">keep</aspectratio>
								<aligny>top</aligny>
								<visible>!IsEmpty(ListItem.Thumb)</visible>
							</control>
							<control type="image">
								<left>186</left>
								<width>256</width>
								<height>256</height>
								<texture fallback="DefaultTvshows.png" background="true">$INFO[ListItem.Icon]</texture>
								<aspectratio>keep</aspectratio>
								<aligny>top</aligny>
								<visible>IsEmpty(ListItem.Thumb) + !IsEmpty(ListItem.Icon)</visible>
							</control>
						</control>
						<control type="group">
							<left>0</left>
							<width>512</width>
							<height>256</height>
							<visible>Player.HasVideo + !Skin.HasSetting(background-playingmedia)</visible>
							<control type="videowindow">
								<left>58</left>
								<width>512</width>
								<height>256</height>
								<aspectratio>keep</aspectratio>
								<align>center</align>
								<aligny>top</aligny>
							</control>
						</control>
						<control type="label">
							<label>$INFO[ListItem.Title]</label>
							<width>628</width>
							<height>34</height>
							<font>font18</font>
							<align>center</align>
							<wrapmultiline>true</wrapmultiline>
						</control>
						<control type="label"><!-- Start time -->
							<visible>!IsEmpty(ListItem.Plot) + !IsEmpty(ListItem.StartTime) + !IsEmpty(ListItem.EndTime)+ !Control.IsVisible(13)</visible>
							<width>628</width>
							<height>30</height>
							<align>center</align>
							<label>$LOCALIZE[31134] $INFO[ListItem.StartTime] - $LOCALIZE[31129] $INFO[ListItem.EndTime]</label>
						</control>
						<control type="image">
							<visible>!IsEmpty(ListItem.Title)</visible>
							<width>628</width>
							<height>4</height>
							<texture>separator.png</texture>
						</control>
						<control type="textbox"><!-- Plot -->
							<width>628</width>
							<height>212</height>
							<font>font12</font>
							<align>left</align>
							<label>$INFO[ListItem.Plot]</label>
							<visible>!IsEmpty(ListItem.Plot)</visible>
						</control>
						<control type="image">
							<visible>!IsEmpty(ListItem.Plot)</visible>
							<width>628</width>
							<height>4</height>
							<texture>separator.png</texture>
						</control>
					</control>
				</control>
				<control type="scrollbar" id="27">
					<posx>1244</posx>
					<posy>112</posy>
					<width>18</width>
					<height>565</height>
					<onleft>50</onleft>
					<onright>50</onright>
					<animation condition="!Control.HasFocus(27) + !Container.Scrolling + !StringCompare(Skin.String(show-scrollbar),$LOCALIZE[31875])" effect="fade" start="100" end="0" time="200" reversible="true">Conditional</animation>
					<visible>!StringCompare(Skin.String(show-scrollbar),$LOCALIZE[31877])</visible>
				</control>
			</control>
		</control>
	</include>
	<include name="PVRSearchListView">
		<control type="group"><!-- TV search group -->
			<visible>Control.IsVisible(17)</visible>
			<control type="group">
				<posx>80</posx>
				<posy>90</posy>
				<control type="label"><!-- Channel -->
					<posx>20</posx>
					<posy>20</posy>
					<width>240</width>
					<height>24</height>
					<label>$LOCALIZE[19148]</label>
					<visible>Control.IsVisible(17)</visible>
				</control>
				<control type="label"><!-- Title -->
					<posx>350</posx>
					<posy>20</posy>
					<width>350</width>
					<height>24</height>
					<label>$LOCALIZE[369]</label>
					<visible>Control.IsVisible(17)</visible>
				</control>
				<control type="label"><!-- Time -->
					<posx>720</posx>
					<posy>20</posy>
					<width>260</width>
					<height>24</height>
					<align>center</align>
					<label>$LOCALIZE[21820]</label>
					<visible>Control.IsVisible(17)</visible>
				</control>
				<control type="label"><!-- Status header -->
					<posx>970</posx>
					<posy>20</posy>
					<width>140</width>
					<height>24</height>
					<align>center</align>
					<label>$LOCALIZE[126]</label>
					<visible>Control.IsVisible(17)</visible>
				</control>
				<control type="image">
					<posx>0</posx>
					<posy>45</posy>
					<width>1100</width>
					<height>4</height>
					<texture>separator.png</texture>
					<visible>Control.IsVisible(17)</visible>
				</control>
			</control>
			<control type="list" id="17">
				<posx>48</posx>
				<posy>146</posy>
				<width>1160</width>
				<height>506</height>
				<onleft>9000</onleft>
				<onright>27</onright>
				<onup>17</onup>
				<ondown>17</ondown>
				<scrolltime>200</scrolltime>
				<viewtype label="536">List</viewtype>
				<pagecontrol>27</pagecontrol>
				<preloaditems>2</preloaditems>
				<itemlayout height="46">
					<control type="label">
						<posx>52</posx>
						<posy>10</posy>
						<width>240</width>
						<height>24</height>
						<font>font12</font>
						<label>$INFO[ListItem.ChannelName]</label>
					</control>
					<control type="label">
						<posx>382</posx>
						<posy>10</posy>
						<width>350</width>
						<height>24</height>
						<font>font12</font>
						<label>$INFO[ListItem.Label]</label>
					</control>
					<control type="label">
						<posx>874</posx>
						<posy>10</posy>
						<width>260</width>
						<height>24</height>
						<font>font12</font>
						<align>center</align>
						<label>$INFO[ListItem.Date]</label>
					</control>
					<control type="image">
						<posx>1056</posx>
						<posy>7</posy>
						<width>32</width>
						<height>32</height>
						<texture>$VAR[PVROverlay]</texture>
					</control>
				</itemlayout>
				<focusedlayout height="46">
					<control type="image">
						<posx>0</posx>
						<posy>0</posy>
						<width>1160</width>
						<height>46</height>
						<texture border="8">button-default-focus.png</texture>
					</control>
					<control type="label">
						<posx>52</posx>
						<posy>10</posy>
						<width>240</width>
						<height>24</height>
						<font>font12</font>
						<label>$INFO[ListItem.ChannelName]</label>
					</control>
					<control type="label">
						<posx>382</posx>
						<posy>10</posy>
						<width>350</width>
						<height>24</height>
						<font>font12</font>
						<label>$INFO[ListItem.Label]</label>
					</control>
					<control type="label">
						<posx>874</posx>
						<posy>10</posy>
						<width>260</width>
						<height>24</height>
						<font>font12</font>
						<align>center</align>
						<label>$INFO[ListItem.Date]</label>
					</control>
					<control type="image">
						<posx>1056</posx>
						<posy>7</posy>
						<width>32</width>
						<height>32</height>
						<texture>$VAR[PVROverlay]</texture>
					</control>
				</focusedlayout>
			</control>
			<control type="scrollbar" id="27">
				<posx>1244</posx>
				<posy>146</posy>
				<width>18</width>
				<height>506</height>
				<onleft>17</onleft>
				<onright>9000</onright>
				<animation condition="!Control.HasFocus(27) + !Container.Scrolling + !StringCompare(Skin.String(show-scrollbar),$LOCALIZE[31875])" effect="fade" start="100" end="0" time="200" reversible="true">Conditional</animation>
				<visible>!StringCompare(Skin.String(show-scrollbar),$LOCALIZE[31877])</visible>
			</control>
		</control>
	</include>
	<include name="PVRLiveTVView">
		<control type="group">
			<visible>Control.IsVisible(560)</visible>
			<control type="list" id="560">
				<viewtype label="$LOCALIZE[4]">list</viewtype>
				<posx>70</posx>
				<posy>75</posy>
				<width>760</width>
				<height>561</height>
				<onleft>2</onleft>
				<onright>60</onright>
				<onup>560</onup>
				<ondown>560</ondown>
				<pagecontrol>60</pagecontrol>
				<scrolltime>200</scrolltime>
				<visible>Container.Content(LiveTV)</visible>
				<itemlayout height="40" width="760">
					<control type="label">
						<posx>10</posx>
						<posy>0</posy>
						<width>730</width>
						<height>40</height>
						<label>$INFO[ListItem.Label]</label>
					</control>
					<control type="label">
						<posx>750</posx>
						<posy>0</posy>
						<width>700</width>
						<height>40</height>
						<font>font12</font>
						<align>right</align>
						<label>$INFO[ListItem.Label2]</label>
					</control>
				</itemlayout>
				<focusedlayout height="40" width="760">
					<control type="image">
						<posx>0</posx>
						<posy>0</posy>
						<width>760</width>
						<height>40</height>
						<texture border="8">button-default-focus.png</texture>
						<visible>Control.HasFocus(560)</visible>
					</control>
					<control type="label">
						<posx>10</posx>
						<posy>0</posy>
						<width>730</width>
						<height>40</height>
						<label>$INFO[ListItem.Label]</label>
						<include condition="Skin.HasSetting(text-autoscroll)">scrolltext</include>
					</control>
					<control type="label">
						<posx>750</posx>
						<posy>0</posy>
						<width>700</width>
						<height>40</height>
						<font>font12</font>
						<align>right</align>
						<label>$INFO[ListItem.Label2]</label>
						<include condition="Skin.HasSetting(text-autoscroll)">scrolltext</include>
					</control>
				</focusedlayout>
			</control>
			<control type="scrollbar" id="60">
				<posx>854</posx>
				<posy>78</posy>
				<width>18</width>
				<height>560</height>
				<onleft>560</onleft>
				<animation condition="!Control.HasFocus(60) + !Container.Scrolling + !StringCompare(Skin.String(show-scrollbar),$LOCALIZE[31875])" effect="fade" start="100" end="0" time="200" reversible="true">Conditional</animation>
				<visible>Control.IsVisible(560) + !StringCompare(Skin.String(show-scrollbar),$LOCALIZE[31877])</visible>
			</control>
			<control type="group">
				<visible>Control.IsVisible(560)</visible>
				<posx>910</posx>
				<posy>80</posy>
				<control type="image">
					<posx>10</posx>
					<posy>0</posy>
					<width>290</width>
					<height>290</height>
					<aspectratio aligny="bottom">keep</aspectratio>
					<fadetime>2000</fadetime>
					<texture background="true">$INFO[ListItem.Icon]</texture>
				</control>
				<control type="fadelabel">
					<posx>10</posx>
					<posy>300</posy>
					<width>290</width>
					<height>25</height>
					<label>$INFO[ListItem.Label2]</label>
					<align>center</align>
					<scrollout>false</scrollout>
					<pauseatend>1000</pauseatend>
				</control>
				<control type="textbox"><!-- TV show description -->
					<posx>10</posx>
					<posy>330</posy>
					<width>290</width>
					<height>220</height>
					<font>font12</font>
					<align>justify</align>
					<label>$INFO[ListItem.Plot]</label>
					<autoscroll time="2000" delay="3000" repeat="5000">Skin.HasSetting(text-autoscroll)</autoscroll>
				</control>
			</control>
		</control>
	</include>
</includes>