<?xml version="1.0" encoding="UTF-8"?>
<window>
	<defaultcontrol>2</defaultcontrol>
	<include>screen-fade</include>
	<coordinates>
		<left>0</left>
		<top>0</top>
	</coordinates>
	<controls>
		<include>fadebackground</include>
		<control type="image"><!-- Dialog background image -->
			<left>482</left>
			<top>13</top>
			<width>754</width>
			<height>593</height>
			<texture border="8">button-menu-background.png</texture>
			<colordiffuse>osd-background</colordiffuse>
		</control>
		<control type="label" id="3"><!-- Presets -->
			<left>502</left>
			<top>27</top>
			<width>716</width>
			<align>center</align>
			<font>font12</font>
		</control>
		<control type="label" id="4"><!-- NO presets -->
			<left>502</left>
			<top>237</top>
			<width>716</width>
			<align>center</align>
			<label>$LOCALIZE[13389]</label>
			<font>font12</font>
		</control>
		<control type="image">
			<left>502</left>
			<top>66</top>
			<width>716</width>
			<height>4</height>
			<texture>separator.png</texture>
		</control>
		<control type="list" id="2">
			<left>502</left>
			<top>75</top>
			<width>688</width>
			<height>500</height>
			<onright>60</onright>
			<onup>2</onup>
			<ondown>2</ondown>
			<pagecontrol>60</pagecontrol>
			<scrolltime>200</scrolltime>
			<itemlayout width="688" height="45">
				<control type="label">
					<left>10</left>
					<top>0</top>
					<width>668</width>
					<height>45</height>
					<font>font12</font>
					<selectedcolor>listselected-text</selectedcolor>
					<label>$INFO[ListItem.Label]</label>
				</control>
			</itemlayout>
			<focusedlayout width="688" height="45">
				<control type="image">
					<left>0</left>
					<top>0</top>
					<width>688</width>
					<height>45</height>
					<texture border="8">button-default-focus.png</texture>
				</control>
				<control type="label">
					<left>10</left>
					<top>0</top>
					<width>668</width>
					<height>45</height>
					<font>font12</font>
					<selectedcolor>listselected-text</selectedcolor>
					<label>$INFO[ListItem.Label]</label>
				</control>
			</focusedlayout>
		</control>
		<control type="scrollbar" id="60">
			<left>1200</left>
			<top>75</top>
			<width>18</width>
			<height>500</height>
			<onleft>2</onleft>
			<pagecontrol>60</pagecontrol>
			<animation condition="!Control.HasFocus(60) + !Container.Scrolling + !StringCompare(Skin.String(show-scrollbar),$LOCALIZE[31875])" effect="fade" start="100" end="0" time="200" reversible="true">Conditional</animation>
			<visible>!StringCompare(Skin.String(show-scrollbar),$LOCALIZE[31877])</visible>
		</control>
	</controls>
</window>