<?xml version="1.0" encoding="UTF-8" standalone="yes"?>
<addon id="plugin.video.AKO" name="KarwanTV" version="2.7" provider-name="HALOW">
  <requires>
    <import addon="xbmc.python" version="2.1.0" />
  </requires>
  <extension point="xbmc.python.pluginsource"
            library="default.py">
        <provides>video</provides>
  </extension>
  <extension point="xbmc.addon.metadata">
    <platform>all</platform>
    <summary>HALOW</summary>
    <description>Kurdistan Livestreams

        http://karwan.tv

for this addon you need to register under
http://reg.iptvxtra.net/register_kd.php

Multiple registrations are not allowed and will be rewarded with an immediate lock
The offer, sell and apply for example, Auction portals is prohibited and will be reported immediately to the operator, on Ebay can draw an immediate exclusion for itself.

Please keep in mind you

</description>
  </extension>
</addon>
