<?xml version="1.0" encoding="UTF-8" standalone="yes"?>
<addon id="plugin.video.HALOWTV" name="[COLOR red]HALOW [COLOR green] LIVE[/COLOR]" version="6.0.5" provider-name="Halow">
  <requires>
    <import addon="xbmc.python" version="2.1.0"/>
	<import addon="script.module.t0mm0.common" version="1.1.2"/>
    <import addon="script.module.beautifulsoup" version="3.2.1"/>
    <import addon="script.module.simple.downloader" version="1.9.5"/>
    <import addon="script.module.beautifulsoup4" />
    <import addon="script.module.simple.downloader" version="1.9.5"/>
    <import addon="script.module.requests" />
    <import addon="script.module.httplib2" />
    <import addon="script.module.youtube.dl" optional="true"/>
    <import addon="plugin.video.youtube" version="3.0.0"/>
    <import addon="script.module.urlresolver" optional="true"/>
    <import addon="script.module.simplejson" /> 
    <import addon="script.common.plugin.cache" version="2.5.2"/>
    <import addon="script.module.metahandler" version="2.5.1"/>
	<import addon="plugin.video.veetle" version="0.3.1" optional="false"/>

  </requires>
  <extension point="xbmc.python.pluginsource" library="cloudtv.py">
    <provides>video</provides>
  </extension>
  <extension point="xbmc.addon.metadata">
    <summary lang="en">www.facebook.com/Halow Tv add-ons</summary>
    <description lang="en">www.halowtv.com</description>
    <platform>all</platform>
  </extension>
</addon>
